time_s,Tg_288K,Tg_200K,Tg_120K,Tg_90K
0,90.0008,90.0008,90.0008,89.9892
1,90.0008,89.9988,89.9988,89.9892
2,90.0008,89.9969,89.9969,89.9892
3,90.0008,89.9949,89.9949,89.9892
4,90.0008,89.9929,89.9929,89.9892
5,90.0008,89.9909,89.9909,89.9892
6,90.0008,89.9892,89.9890,89.9888
7,90.0008,89.9892,89.9876,89.9860
8,90.0008,89.9892,89.9862,89.9832
9,90.0008,89.9892,89.9848,89.9804
10,90.0008,89.9892,89.9834,89.9776
11,90.0008,89.9892,89.9820,89.9748
12,90.0008,89.9892,89.9806,89.9720
13,90.0008,89.9892,89.9792,89.9692
14,90.0008,89.9892,89.9778,89.9664
15,89.9997,89.9880,89.9764,89.9647
16,89.9983,89.9866,89.9750,89.9633
17,89.9969,89.9852,89.9736,89.9619
18,89.9954,89.9838,89.9722,89.9605
19,89.9940,89.9824,89.9708,89.9590
20,89.9926,89.9810,89.9694,89.9576
21,89.9912,89.9796,89.9680,89.9562
22,89.9898,89.9782,89.9666,89.9548
23,89.9892,89.9768,89.9651,89.9534
24,89.9892,89.9754,89.9637,89.9520
25,89.9892,89.9740,89.9623,89.9506
26,89.9892,89.9726,89.9609,89.9492
27,89.9892,89.9712,89.9595,89.9478
28,89.9892,89.9698,89.9580,89.9464
29,89.9892,89.9684,89.9566,89.9450
30,89.9892,89.9670,89.9552,89.9436
31,89.9892,89.9659,89.9538,89.9422
32,89.9892,89.9659,89.9524,89.9408
33,89.9892,89.9659,89.9510,89.9394
34,89.9892,89.9659,89.9496,89.9380
35,89.9892,89.9659,89.9482,89.9365
36,89.9892,89.9659,89.9468,89.9351
37,89.9892,89.9659,89.9454,89.9337
38,89.9892,89.9659,89.9440,89.9323
39,89.9892,89.9659,89.9426,89.9309
40,89.9879,89.9646,89.9412,89.9295
41,89.9865,89.9632,89.9398,89.9281
42,89.9851,89.9618,89.9384,89.9267
43,89.9837,89.9603,89.9370,89.9253
44,89.9823,89.9589,89.9356,89.9239
45,89.9809,89.9575,89.9342,89.9225
46,89.9795,89.9561,89.9328,89.9211
47,89.9781,89.9547,89.9314,89.9197
48,89.9775,89.9532,89.9300,89.9183
49,89.9775,89.9518,89.9286,89.9169
50,89.9775,89.9504,89.9272,89.9155
51,89.9775,89.9490,89.9258,89.9141
52,89.9775,89.9476,89.9244,89.9127
53,89.9775,89.9462,89.9229,89.9113
54,89.9775,89.9448,89.9215,89.9099
55,89.9775,89.9434,89.9201,89.9085
56,89.9775,89.9425,89.9187,89.9071
57,89.9775,89.9425,89.9173,89.9057
58,89.9775,89.9425,89.9159,89.9043
59,89.9775,89.9425,89.9145,89.9029
60,89.9775,89.9425,89.9131,89.9015
61,89.9775,89.9425,89.9117,89.9001
62,89.9775,89.9425,89.9103,89.8987
63,89.9775,89.9425,89.9089,89.8973
64,89.9775,89.9424,89.9075,89.8959
65,89.9761,89.9410,89.9061,89.8945
66,89.9747,89.9396,89.9047,89.8930
67,89.9733,89.9382,89.9033,89.8916
68,89.9719,89.9368,89.9019,89.8902
69,89.9705,89.9354,89.9005,89.8888
70,89.9691,89.9340,89.8991,89.8874
71,89.9677,89.9326,89.8977,89.8859
72,89.9663,89.9312,89.8963,89.8845
73,89.9659,89.9298,89.8949,89.8831
74,89.9659,89.9284,89.8935,89.8817
75,89.9659,89.9270,89.8920,89.8803
76,89.9659,89.9256,89.8906,89.8789
77,89.9659,89.9242,89.8892,89.8775
78,89.9659,89.9228,89.8878,89.8761
79,89.9659,89.9214,89.8864,89.8747
80,89.9659,89.9200,89.8850,89.8733
81,89.9659,89.9192,89.8835,89.8719
82,89.9659,89.9192,89.8821,89.8704
83,89.9659,89.9192,89.8807,89.8690
84,89.9659,89.9192,89.8793,89.8676
85,89.9659,89.9192,89.8779,89.8661
86,89.9659,89.9192,89.8765,89.8647
87,89.9659,89.9192,89.8751,89.8633
88,89.9659,89.9192,89.8737,89.8618
89,89.9657,89.9190,89.8723,89.8604
90,89.9643,89.9176,89.8709,89.8590
91,89.9629,89.9162,89.8694,89.8576
92,89.9615,89.9148,89.8680,89.8562
93,89.9601,89.9134,89.8666,89.8548
94,89.9586,89.9120,89.8651,89.8534
95,89.9572,89.9106,89.8637,89.8520
96,89.9558,89.9092,89.8623,89.8506
97,89.9544,89.9078,89.8608,89.8492
98,89.9541,89.9064,89.8594,89.8472
99,89.9541,89.9050,89.8580,89.8451
100,89.9541,89.9036,89.8566,89.8430
101,89.9541,89.9022,89.8552,89.8409
102,89.9541,89.9008,89.8538,89.8387
103,89.9541,89.8994,89.8524,89.8366
104,89.9541,89.8980,89.8510,89.8345
105,89.9541,89.8966,89.8496,89.8324
106,89.9541,89.8959,89.8482,89.8303
107,89.9541,89.8959,89.8468,89.8282
108,89.9541,89.8959,89.8454,89.8261
109,89.9541,89.8959,89.8439,89.8240
110,89.9541,89.8959,89.8425,89.8219
111,89.9541,89.8959,89.8411,89.8197
112,89.9541,89.8959,89.8397,89.8176
113,89.9541,89.8959,89.8383,89.8155
114,89.9538,89.8956,89.8368,89.8136
115,89.9524,89.8942,89.8354,89.8122
116,89.9510,89.8928,89.8340,89.8108
117,89.9496,89.8914,89.8326,89.8094
118,89.9482,89.8899,89.8312,89.8080
119,89.9468,89.8885,89.8298,89.8065
120,89.9454,89.8871,89.8284,89.8051
121,89.9440,89.8857,89.8270,89.8037
122,89.9426,89.8843,89.8256,89.8023
123,89.9425,89.8829,89.8242,89.8009
124,89.9425,89.8815,89.8228,89.7995
125,89.9425,89.8800,89.8214,89.7981
126,89.9425,89.8786,89.8200,89.7967
127,89.9425,89.8772,89.8186,89.7953
128,89.9425,89.8758,89.8172,89.7939
129,89.9425,89.8744,89.8158,89.7925
130,89.9425,89.8730,89.8144,89.7911
131,89.9425,89.8725,89.8130,89.7897
132,89.9425,89.8725,89.8116,89.7883
133,89.9425,89.8725,89.8102,89.7869
134,89.9425,89.8725,89.8088,89.7855
135,89.9425,89.8725,89.8074,89.7841
136,89.9425,89.8725,89.8060,89.7827
137,89.9425,89.8725,89.8046,89.7813
138,89.9425,89.8725,89.8032,89.7799
139,89.9421,89.8721,89.8018,89.7785
140,89.9407,89.8707,89.8004,89.7771
141,89.9393,89.8693,89.7991,89.7758
142,89.9380,89.8679,89.7977,89.7744
143,89.9366,89.8665,89.7963,89.7730
144,89.9353,89.8651,89.7950,89.7716
145,89.9339,89.8637,89.7936,89.7702
146,89.9325,89.8623,89.7923,89.7689
147,89.9312,89.8609,89.7909,89.7675
148,89.9308,89.8595,89.7895,89.7661
149,89.9308,89.8581,89.7881,89.7647
150,89.9308,89.8567,89.7867,89.7633
151,89.9308,89.8553,89.7853,89.7619
152,89.9308,89.8539,89.7839,89.7605
153,89.9308,89.8525,89.7825,89.7591
154,89.9308,89.8511,89.7811,89.7577
155,89.9308,89.8497,89.7797,89.7563
156,89.9308,89.8489,89.7783,89.7549
157,89.9308,89.8489,89.7769,89.7535
158,89.9308,89.8489,89.7754,89.7521
159,89.9308,89.8489,89.7740,89.7507
160,89.9308,89.8489,89.7726,89.7493
161,89.9308,89.8489,89.7712,89.7479
162,89.9308,89.8489,89.7698,89.7464
163,89.9308,89.8489,89.7683,89.7450
164,89.9306,89.8487,89.7671,89.7436
165,89.9292,89.8473,89.7671,89.7422
166,89.9278,89.8459,89.7671,89.7408
167,89.9264,89.8444,89.7671,89.7394
168,89.9250,89.8430,89.7671,89.7380
169,89.9236,89.8416,89.7671,89.7366
170,89.9222,89.8402,89.7671,89.7352
171,89.9208,89.8388,89.7671,89.7338
172,89.9194,89.8374,89.7671,89.7324
173,89.9192,89.8359,89.7660,89.7310
174,89.9192,89.8345,89.7646,89.7295
175,89.9192,89.8331,89.7631,89.7281
176,89.9192,89.8317,89.7617,89.7266
177,89.9192,89.8303,89.7603,89.7252
178,89.9192,89.8289,89.7589,89.7237
179,89.9192,89.8275,89.7575,89.7223
180,89.9192,89.8261,89.7561,89.7208
181,89.9192,89.8255,89.7547,89.7194
182,89.9192,89.8255,89.7533,89.7180
183,89.9192,89.8255,89.7519,89.7166
184,89.9192,89.8255,89.7505,89.7152
185,89.9192,89.8255,89.7491,89.7138
186,89.9192,89.8255,89.7477,89.7124
187,89.9192,89.8255,89.7463,89.7110
188,89.9192,89.8255,89.7449,89.7096
189,89.9188,89.8252,89.7435,89.7082
190,89.9174,89.8237,89.7421,89.7068
191,89.9160,89.8223,89.7407,89.7054
192,89.9146,89.8209,89.7393,89.7040
193,89.9132,89.8195,89.7379,89.7026
194,89.9118,89.8181,89.7365,89.7012
195,89.9104,89.8167,89.7351,89.6998
196,89.9090,89.8153,89.7337,89.6983
197,89.9076,89.8139,89.7323,89.6969
198,89.9076,89.8139,89.7308,89.6955
199,89.9076,89.8139,89.7294,89.6941
200,89.9076,89.8139,89.7279,89.6927
201,89.9076,89.8139,89.7265,89.6913
202,89.9076,89.8139,89.7250,89.6899
203,89.9076,89.8139,89.7236,89.6885
204,89.9076,89.8139,89.7221,89.6871
205,89.9076,89.8139,89.7207,89.6857
206,89.9076,89.8130,89.7193,89.6843
207,89.9076,89.8116,89.7179,89.6829
208,89.9076,89.8102,89.7165,89.6815
209,89.9076,89.8087,89.7151,89.6801
210,89.9076,89.8073,89.7137,89.6787
211,89.9076,89.8059,89.7123,89.6773
212,89.9076,89.8045,89.7109,89.6759
213,89.9076,89.8031,89.7094,89.6745
214,89.9071,89.8017,89.7080,89.6731
215,89.9057,89.8003,89.7066,89.6717
216,89.9043,89.7989,89.7052,89.6703
217,89.9029,89.7975,89.7038,89.6689
218,89.9015,89.7961,89.7024,89.6675
219,89.9001,89.7947,89.7010,89.6661
220,89.8987,89.7933,89.6996,89.6647
221,89.8973,89.7919,89.6982,89.6633
222,89.8959,89.7906,89.6968,89.6619
223,89.8959,89.7906,89.6954,89.6605
224,89.8959,89.7906,89.6940,89.6591
225,89.8959,89.7906,89.6926,89.6576
226,89.8959,89.7906,89.6912,89.6562
227,89.8959,89.7906,89.6898,89.6548
228,89.8959,89.7906,89.6884,89.6534
229,89.8959,89.7906,89.6870,89.6520
230,89.8959,89.7906,89.6856,89.6505
231,89.8959,89.7895,89.6842,89.6491
232,89.8959,89.7881,89.6828,89.6477
233,89.8959,89.7867,89.6814,89.6463
234,89.8959,89.7853,89.6800,89.6449
235,89.8959,89.7839,89.6786,89.6435
236,89.8959,89.7825,89.6772,89.6421
237,89.8959,89.7811,89.6758,89.6407
238,89.8959,89.7797,89.6744,89.6393
239,89.8953,89.7783,89.6730,89.6379
240,89.8939,89.7769,89.6716,89.6365
241,89.8925,89.7755,89.6702,89.6351
242,89.8910,89.7741,89.6688,89.6337
243,89.8896,89.7726,89.6674,89.6323
244,89.8882,89.7712,89.6660,89.6309
245,89.8868,89.7698,89.6646,89.6295
246,89.8854,89.7684,89.6632,89.6281
247,89.8841,89.7671,89.6618,89.6267
248,89.8841,89.7671,89.6603,89.6253
249,89.8841,89.7671,89.6589,89.6239
250,89.8841,89.7671,89.6575,89.6225
251,89.8841,89.7671,89.6561,89.6211
252,89.8841,89.7671,89.6547,89.6197
253,89.8841,89.7671,89.6532,89.6183
254,89.8841,89.7671,89.6518,89.6169
255,89.8841,89.7671,89.6504,89.6155
256,89.8841,89.7660,89.6490,89.6141
257,89.8841,89.7646,89.6476,89.6127
258,89.8841,89.7632,89.6462,89.6113
259,89.8841,89.7618,89.6448,89.6099
260,89.8841,89.7604,89.6434,89.6085
261,89.8841,89.7590,89.6420,89.6071
262,89.8841,89.7576,89.6406,89.6057
263,89.8841,89.7562,89.6392,89.6043
264,89.8841,89.7555,89.6385,89.6029
265,89.8841,89.7555,89.6385,89.6015
266,89.8841,89.7555,89.6385,89.6001
267,89.8841,89.7555,89.6385,89.5986
268,89.8841,89.7555,89.6385,89.5972
269,89.8841,89.7555,89.6385,89.5958
270,89.8841,89.7555,89.6385,89.5944
271,89.8841,89.7555,89.6385,89.5930
272,89.8838,89.7552,89.6382,89.5916
273,89.8825,89.7538,89.6369,89.5903
274,89.8811,89.7525,89.6355,89.5889
275,89.8797,89.7511,89.6341,89.5876
276,89.8784,89.7497,89.6328,89.5862
277,89.8770,89.7484,89.6314,89.5848
278,89.8756,89.7470,89.6300,89.5835
279,89.8743,89.7457,89.6287,89.5821
280,89.8729,89.7443,89.6273,89.5808
281,89.8725,89.7429,89.6259,89.5793
282,89.8725,89.7415,89.6245,89.5779
283,89.8725,89.7401,89.6231,89.5764
284,89.8725,89.7387,89.6217,89.5750
285,89.8725,89.7373,89.6203,89.5735
286,89.8725,89.7359,89.6189,89.5721
287,89.8725,89.7345,89.6175,89.5706
288,89.8725,89.7331,89.6161,89.5692
289,89.8725,89.7322,89.6147,89.5677
290,89.8725,89.7322,89.6133,89.5663
291,89.8725,89.7322,89.6119,89.5649
292,89.8725,89.7322,89.6105,89.5635
293,89.8725,89.7322,89.6091,89.5621
294,89.8725,89.7322,89.6077,89.5607
295,89.8725,89.7322,89.6063,89.5593
296,89.8725,89.7322,89.6049,89.5579
297,89.8724,89.7321,89.6035,89.5565
298,89.8709,89.7307,89.6021,89.5551
299,89.8695,89.7292,89.6007,89.5537
300,89.8681,89.7278,89.5993,89.5523
301,89.8666,89.7263,89.5979,89.5509
302,89.8652,89.7248,89.5965,89.5495
303,89.8638,89.7234,89.5951,89.5481
304,89.8623,89.7219,89.5937,89.5467
305,89.8609,89.7205,89.5923,89.5453
306,89.8606,89.7191,89.5909,89.5439
307,89.8606,89.7177,89.5895,89.5424
308,89.8606,89.7163,89.5881,89.5410
309,89.8606,89.7149,89.5867,89.5396
310,89.8606,89.7135,89.5853,89.5382
311,89.8606,89.7121,89.5839,89.5368
312,89.8606,89.7107,89.5825,89.5354
313,89.8606,89.7093,89.5811,89.5339
314,89.8606,89.7085,89.5796,89.5325
315,89.8606,89.7085,89.5782,89.5311
316,89.8606,89.7085,89.5767,89.5297
317,89.8606,89.7085,89.5753,89.5283
318,89.8606,89.7085,89.5738,89.5269
319,89.8606,89.7085,89.5724,89.5255
320,89.8606,89.7085,89.5709,89.5241
321,89.8606,89.7085,89.5695,89.5227
322,89.8603,89.7083,89.5680,89.5213
323,89.8589,89.7069,89.5666,89.5199
324,89.8575,89.7055,89.5652,89.5185
325,89.8561,89.7041,89.5638,89.5171
326,89.8547,89.7027,89.5624,89.5157
327,89.8533,89.7013,89.5610,89.5143
328,89.8519,89.6999,89.5596,89.5129
329,89.8505,89.6985,89.5582,89.5115
330,89.8491,89.6971,89.5568,89.5101
331,89.8489,89.6969,89.5554,89.5087
332,89.8489,89.6969,89.5540,89.5073
333,89.8489,89.6969,89.5526,89.5059
334,89.8489,89.6969,89.5512,89.5045
335,89.8489,89.6969,89.5498,89.5031
336,89.8489,89.6969,89.5484,89.5017
337,89.8489,89.6969,89.5470,89.5003
338,89.8489,89.6969,89.5456,89.4989
339,89.8489,89.6961,89.5450,89.4975
340,89.8489,89.6947,89.5450,89.4961
341,89.8489,89.6933,89.5450,89.4947
342,89.8489,89.6919,89.5450,89.4933
343,89.8489,89.6905,89.5450,89.4919
344,89.8489,89.6891,89.5450,89.4905
345,89.8489,89.6877,89.5450,89.4891
346,89.8489,89.6863,89.5450,89.4877
347,89.8489,89.6849,89.5446,89.4862
348,89.8489,89.6835,89.5432,89.4848
349,89.8489,89.6821,89.5418,89.4834
350,89.8489,89.6807,89.5403,89.4820
351,89.8489,89.6793,89.5389,89.4806
352,89.8489,89.6778,89.5375,89.4792
353,89.8489,89.6764,89.5361,89.4778
354,89.8489,89.6750,89.5347,89.4764
355,89.8489,89.6736,89.5332,89.4750
356,89.8476,89.6736,89.5318,89.4736
357,89.8461,89.6736,89.5304,89.4722
358,89.8447,89.6736,89.5290,89.4708
359,89.8433,89.6736,89.5276,89.4694
360,89.8419,89.6736,89.5262,89.4680
361,89.8405,89.6736,89.5248,89.4666
362,89.8390,89.6736,89.5234,89.4652
363,89.8376,89.6736,89.5220,89.4638
364,89.8371,89.6727,89.5206,89.4624
365,89.8371,89.6713,89.5192,89.4610
366,89.8371,89.6699,89.5178,89.4596
367,89.8371,89.6685,89.5164,89.4581
368,89.8371,89.6671,89.5150,89.4567
369,89.8371,89.6656,89.5136,89.4553
370,89.8371,89.6642,89.5122,89.4539
371,89.8371,89.6628,89.5108,89.4525
372,89.8371,89.6620,89.5094,89.4510
373,89.8371,89.6620,89.5080,89.4497
374,89.8371,89.6620,89.5066,89.4483
375,89.8371,89.6620,89.5052,89.4469
376,89.8371,89.6620,89.5038,89.4455
377,89.8371,89.6620,89.5024,89.4441
378,89.8371,89.6620,89.5010,89.4427
379,89.8371,89.6620,89.4996,89.4413
380,89.8371,89.6619,89.4982,89.4399
381,89.8357,89.6605,89.4968,89.4384
382,89.8343,89.6591,89.4954,89.4370
383,89.8329,89.6577,89.4940,89.4356
384,89.8315,89.6562,89.4926,89.4341
385,89.8301,89.6548,89.4912,89.4327
386,89.8287,89.6534,89.4898,89.4313
387,89.8273,89.6520,89.4884,89.4298
388,89.8259,89.6506,89.4870,89.4284
389,89.8255,89.6491,89.4856,89.4270
390,89.8255,89.6477,89.4842,89.4255
391,89.8255,89.6463,89.4828,89.4241
392,89.8255,89.6449,89.4814,89.4227
393,89.8255,89.6435,89.4800,89.4213
394,89.8255,89.6421,89.4786,89.4198
395,89.8255,89.6407,89.4772,89.4184
396,89.8255,89.6393,89.4758,89.4170
397,89.8255,89.6385,89.4744,89.4156
398,89.8255,89.6385,89.4729,89.4142
399,89.8255,89.6385,89.4715,89.4128
400,89.8255,89.6385,89.4701,89.4114
401,89.8255,89.6385,89.4687,89.4100
402,89.8255,89.6385,89.4673,89.4086
403,89.8255,89.6385,89.4659,89.4072
404,89.8255,89.6385,89.4645,89.4058
405,89.8253,89.6383,89.4633,89.4043
406,89.8239,89.6369,89.4633,89.4029
407,89.8225,89.6355,89.4633,89.4015
408,89.8211,89.6341,89.4633,89.4001
409,89.8197,89.6327,89.4633,89.3987
410,89.8183,89.6313,89.4633,89.3973
411,89.8168,89.6299,89.4633,89.3959
412,89.8154,89.6285,89.4633,89.3945
413,89.8140,89.6271,89.4633,89.3931
414,89.8139,89.6269,89.4621,89.3917
415,89.8139,89.6269,89.4608,89.3904
416,89.8139,89.6269,89.4594,89.3890
417,89.8139,89.6269,89.4580,89.3877
418,89.8139,89.6269,89.4566,89.3863
419,89.8139,89.6269,89.4553,89.3850
420,89.8139,89.6269,89.4539,89.3836
421,89.8139,89.6269,89.4525,89.3822
422,89.8139,89.6265,89.4511,89.3809
423,89.8139,89.6251,89.4497,89.3795
424,89.8139,89.6237,89.4483,89.3781
425,89.8139,89.6223,89.4469,89.3767
426,89.8139,89.6209,89.4455,89.3753
427,89.8139,89.6195,89.4441,89.3739
428,89.8139,89.6180,89.4427,89.3724
429,89.8139,89.6166,89.4413,89.3710
430,89.8139,89.6152,89.4399,89.3696
431,89.8139,89.6152,89.4385,89.3682
432,89.8139,89.6152,89.4370,89.3668
433,89.8139,89.6152,89.4356,89.3654
434,89.8139,89.6152,89.4342,89.3640
435,89.8139,89.6152,89.4327,89.3626
436,89.8139,89.6152,89.4313,89.3612
437,89.8139,89.6152,89.4298,89.3598
438,89.8139,89.6152,89.4284,89.3584
439,89.8129,89.6142,89.4270,89.3570
440,89.8114,89.6128,89.4256,89.3556
441,89.8100,89.6114,89.4241,89.3542
442,89.8086,89.6100,89.4227,89.3528
443,89.8072,89.6086,89.4213,89.3514
444,89.8058,89.6072,89.4199,89.3500
445,89.8044,89.6058,89.4184,89.3486
446,89.8030,89.6044,89.4170,89.3472
447,89.8022,89.6030,89.4156,89.3457
448,89.8022,89.6016,89.4142,89.3443
449,89.8022,89.6002,89.4128,89.3429
450,89.8022,89.5988,89.4114,89.3415
451,89.8022,89.5974,89.4100,89.3401
452,89.8022,89.5960,89.4086,89.3386
453,89.8022,89.5946,89.4072,89.3372
454,89.8022,89.5932,89.4058,89.3358
455,89.8022,89.5920,89.4046,89.3344
456,89.8022,89.5920,89.4046,89.3330
457,89.8022,89.5920,89.4046,89.3316
458,89.8022,89.5920,89.4046,89.3302
459,89.8022,89.5920,89.4046,89.3288
460,89.8022,89.5920,89.4046,89.3274
461,89.8022,89.5920,89.4046,89.3260
462,89.8022,89.5920,89.4046,89.3247
463,89.8022,89.5920,89.4046,89.3233
464,89.8012,89.5909,89.4035,89.3219
465,89.7997,89.5895,89.4021,89.3205
466,89.7983,89.5881,89.4007,89.3191
467,89.7969,89.5867,89.3993,89.3177
468,89.7955,89.5853,89.3979,89.3163
469,89.7941,89.5839,89.3965,89.3148
470,89.7927,89.5825,89.3951,89.3134
471,89.7913,89.5811,89.3937,89.3120
472,89.7906,89.5803,89.3923,89.3106
473,89.7906,89.5803,89.3909,89.3092
474,89.7906,89.5803,89.3895,89.3078
475,89.7906,89.5803,89.3881,89.3064
476,89.7906,89.5803,89.3866,89.3050
477,89.7906,89.5803,89.3852,89.3036
478,89.7906,89.5803,89.3838,89.3022
479,89.7906,89.5803,89.3824,89.3008
480,89.7906,89.5801,89.3810,89.2996
481,89.7906,89.5786,89.3796,89.2996
482,89.7906,89.5771,89.3782,89.2996
483,89.7906,89.5757,89.3768,89.2996
484,89.7906,89.5742,89.3754,89.2996
485,89.7906,89.5728,89.3740,89.2996
486,89.7906,89.5713,89.3726,89.2996
487,89.7906,89.5699,89.3712,89.2996
488,89.7906,89.5684,89.3698,89.2996
489,89.7906,89.5670,89.3684,89.2984
490,89.7906,89.5656,89.3670,89.2970
491,89.7906,89.5642,89.3656,89.2956
492,89.7906,89.5628,89.3642,89.2942
493,89.7906,89.5614,89.3628,89.2928
494,89.7906,89.5600,89.3614,89.2914
495,89.7906,89.5586,89.3600,89.2900
496,89.7906,89.5572,89.3585,89.2886
497,89.7897,89.5566,89.3571,89.2871
498,89.7883,89.5566,89.3557,89.2857
499,89.7869,89.5566,89.3543,89.2842
500,89.7855,89.5566,89.3529,89.2828
501,89.7841,89.5566,89.3515,89.2813
502,89.7827,89.5566,89.3501,89.2798
503,89.7813,89.5566,89.3487,89.2784
504,89.7799,89.5566,89.3473,89.2769
505,89.7789,89.5562,89.3459,89.2755
506,89.7789,89.5548,89.3445,89.2741
507,89.7789,89.5534,89.3431,89.2727
508,89.7789,89.5520,89.3417,89.2713
509,89.7789,89.5506,89.3403,89.2699
510,89.7789,89.5492,89.3389,89.2686
511,89.7789,89.5478,89.3375,89.2672
512,89.7789,89.5464,89.3361,89.2658
513,89.7789,89.5451,89.3347,89.2644
514,89.7789,89.5450,89.3346,89.2630
515,89.7789,89.5450,89.3346,89.2616
516,89.7789,89.5450,89.3346,89.2602
517,89.7789,89.5450,89.3346,89.2588
518,89.7789,89.5450,89.3346,89.2574
519,89.7789,89.5450,89.3346,89.2560
520,89.7789,89.5450,89.3346,89.2546
521,89.7789,89.5450,89.3346,89.2532
522,89.7780,89.5440,89.3337,89.2518
523,89.7766,89.5426,89.3323,89.2503
524,89.7752,89.5412,89.3309,89.2489
525,89.7737,89.5398,89.3294,89.2475
526,89.7723,89.5384,89.3280,89.2461
527,89.7709,89.5369,89.3266,89.2447
528,89.7695,89.5355,89.3252,89.2433
529,89.7681,89.5341,89.3238,89.2419
530,89.7671,89.5332,89.3224,89.2405
531,89.7671,89.5332,89.3210,89.2391
532,89.7671,89.5332,89.3196,89.2377
533,89.7671,89.5332,89.3182,89.2362
534,89.7671,89.5332,89.3168,89.2348
535,89.7671,89.5332,89.3154,89.2334
536,89.7671,89.5332,89.3140,89.2320
537,89.7671,89.5332,89.3126,89.2306
538,89.7671,89.5331,89.3112,89.2291
539,89.7671,89.5317,89.3098,89.2277
540,89.7671,89.5303,89.3084,89.2263
541,89.7671,89.5289,89.3070,89.2249
542,89.7671,89.5275,89.3056,89.2235
543,89.7671,89.5261,89.3042,89.2221
544,89.7671,89.5247,89.3028,89.2207
545,89.7671,89.5233,89.3014,89.2193
546,89.7671,89.5218,89.2999,89.2179
547,89.7661,89.5205,89.2986,89.2165
548,89.7647,89.5191,89.2972,89.2152
549,89.7634,89.5178,89.2959,89.2138
550,89.7620,89.5164,89.2945,89.2125
551,89.7607,89.5151,89.2932,89.2111
552,89.7593,89.5137,89.2918,89.2097
553,89.7579,89.5123,89.2904,89.2084
554,89.7566,89.5110,89.2891,89.2070
555,89.7555,89.5099,89.2877,89.2057
556,89.7555,89.5099,89.2863,89.2043
557,89.7555,89.5099,89.2848,89.2029
558,89.7555,89.5099,89.2833,89.2014
559,89.7555,89.5099,89.2819,89.2000
560,89.7555,89.5099,89.2804,89.1986
561,89.7555,89.5099,89.2790,89.1972
562,89.7555,89.5099,89.2775,89.1958
563,89.7555,89.5099,89.2761,89.1944
564,89.7555,89.5086,89.2759,89.1930
565,89.7555,89.5072,89.2759,89.1916
566,89.7555,89.5058,89.2759,89.1902
567,89.7555,89.5044,89.2759,89.1888
568,89.7555,89.5030,89.2759,89.1874
569,89.7555,89.5016,89.2759,89.1860
570,89.7555,89.5002,89.2759,89.1846
571,89.7555,89.4988,89.2759,89.1832
572,89.7555,89.4983,89.2751,89.1818
573,89.7555,89.4983,89.2737,89.1804
574,89.7555,89.4983,89.2722,89.1790
575,89.7555,89.4983,89.2708,89.1776
576,89.7555,89.4983,89.2694,89.1762
577,89.7555,89.4983,89.2680,89.1748
578,89.7555,89.4983,89.2666,89.1734
579,89.7555,89.4983,89.2652,89.1719
580,89.7550,89.4978,89.2638,89.1705
581,89.7536,89.4964,89.2624,89.1691
582,89.7522,89.4950,89.2610,89.1677
583,89.7508,89.4936,89.2596,89.1663
584,89.7494,89.4922,89.2582,89.1649
585,89.7480,89.4908,89.2568,89.1635
586,89.7466,89.4893,89.2554,89.1621
587,89.7452,89.4879,89.2540,89.1607
588,89.7439,89.4866,89.2526,89.1593
589,89.7439,89.4866,89.2512,89.1579
590,89.7439,89.4866,89.2498,89.1565
591,89.7439,89.4866,89.2484,89.1551
592,89.7439,89.4866,89.2470,89.1537
593,89.7439,89.4866,89.2456,89.1523
594,89.7439,89.4866,89.2443,89.1509
595,89.7439,89.4866,89.2429,89.1495
596,89.7439,89.4866,89.2415,89.1481
597,89.7439,89.4857,89.2401,89.1476
598,89.7439,89.4843,89.2386,89.1476
599,89.7439,89.4829,89.2372,89.1476
600,89.7439,89.4815,89.2358,89.1476
601,89.7439,89.4801,89.2344,89.1476
602,89.7439,89.4787,89.2330,89.1476
603,89.7439,89.4772,89.2315,89.1476
604,89.7439,89.4758,89.2301,89.1476
605,89.7439,89.4750,89.2287,89.1470
606,89.7439,89.4750,89.2273,89.1456
607,89.7439,89.4750,89.2259,89.1442
608,89.7439,89.4750,89.2245,89.1427
609,89.7439,89.4750,89.2231,89.1413
610,89.7439,89.4750,89.2217,89.1399
611,89.7439,89.4750,89.2203,89.1384
612,89.7439,89.4750,89.2189,89.1370
613,89.7437,89.4748,89.2176,89.1355
614,89.7423,89.4734,89.2176,89.1341
615,89.7409,89.4720,89.2176,89.1327
616,89.7395,89.4706,89.2176,89.1313
617,89.7381,89.4692,89.2176,89.1299
618,89.7367,89.4678,89.2176,89.1285
619,89.7353,89.4664,89.2176,89.1271
620,89.7339,89.4650,89.2176,89.1257
621,89.7325,89.4636,89.2176,89.1243
622,89.7322,89.4622,89.2165,89.1229
623,89.7322,89.4608,89.2151,89.1215
624,89.7322,89.4593,89.2136,89.1200
625,89.7322,89.4579,89.2122,89.1186
626,89.7322,89.4565,89.2108,89.1172
627,89.7322,89.4551,89.2094,89.1158
628,89.7322,89.4537,89.2080,89.1144
629,89.7322,89.4522,89.2066,89.1129
630,89.7322,89.4516,89.2052,89.1115
631,89.7322,89.4516,89.2038,89.1101
632,89.7322,89.4516,89.2024,89.1087
633,89.7322,89.4516,89.2010,89.1073
634,89.7322,89.4516,89.1996,89.1059
635,89.7322,89.4516,89.1982,89.1045
636,89.7322,89.4516,89.1968,89.1031
637,89.7322,89.4516,89.1954,89.1017
638,89.7319,89.4512,89.1940,89.1003
639,89.7304,89.4498,89.1926,89.0989
640,89.7290,89.4484,89.1912,89.0975
641,89.7275,89.4470,89.1898,89.0961
642,89.7261,89.4456,89.1884,89.0947
643,89.7246,89.4442,89.1870,89.0933
644,89.7231,89.4428,89.1855,89.0919
645,89.7217,89.4414,89.1841,89.0904
646,89.7202,89.4400,89.1827,89.0890
647,89.7202,89.4399,89.1813,89.0877
648,89.7202,89.4399,89.1800,89.0863
649,89.7202,89.4399,89.1786,89.0849
650,89.7202,89.4399,89.1772,89.0835
651,89.7202,89.4399,89.1758,89.0821
652,89.7202,89.4399,89.1744,89.0807
653,89.7202,89.4399,89.1730,89.0793
654,89.7202,89.4399,89.1716,89.0779
655,89.7202,89.4391,89.1710,89.0765
656,89.7202,89.4377,89.1710,89.0751
657,89.7202,89.4362,89.1710,89.0737
658,89.7202,89.4348,89.1710,89.0723
659,89.7202,89.4333,89.1710,89.0709
660,89.7202,89.4319,89.1710,89.0695
661,89.7202,89.4305,89.1710,89.0681
662,89.7202,89.4290,89.1710,89.0667
663,89.7202,89.4280,89.1706,89.0653
664,89.7202,89.4280,89.1692,89.0639
665,89.7202,89.4280,89.1678,89.0625
666,89.7202,89.4280,89.1664,89.0611
667,89.7202,89.4280,89.1650,89.0597
668,89.7202,89.4280,89.1636,89.0583
669,89.7202,89.4280,89.1622,89.0569
670,89.7202,89.4280,89.1608,89.0555
671,89.7202,89.4280,89.1594,89.0541
672,89.7188,89.4266,89.1580,89.0527
673,89.7174,89.4252,89.1566,89.0512
674,89.7160,89.4237,89.1551,89.0498
675,89.7146,89.4223,89.1537,89.0484
676,89.7132,89.4209,89.1523,89.0470
677,89.7117,89.4195,89.1509,89.0456
678,89.7103,89.4181,89.1494,89.0442
679,89.7089,89.4166,89.1480,89.0428
680,89.7085,89.4162,89.1466,89.0424
681,89.7085,89.4162,89.1452,89.0424
682,89.7085,89.4162,89.1438,89.0424
683,89.7085,89.4162,89.1425,89.0424
684,89.7085,89.4162,89.1411,89.0424
685,89.7085,89.4162,89.1397,89.0424
686,89.7085,89.4162,89.1383,89.0424
687,89.7085,89.4162,89.1369,89.0424
688,89.7085,89.4160,89.1355,89.0422
689,89.7085,89.4146,89.1341,89.0408
690,89.7085,89.4132,89.1327,89.0394
691,89.7085,89.4118,89.1313,89.0380
692,89.7085,89.4104,89.1299,89.0365
693,89.7085,89.4090,89.1285,89.0351
694,89.7085,89.4076,89.1271,89.0337
695,89.7085,89.4062,89.1257,89.0323
696,89.7085,89.4048,89.1243,89.0309
697,89.7085,89.4034,89.1240,89.0294
698,89.7085,89.4020,89.1240,89.0280
699,89.7085,89.4006,89.1240,89.0266
700,89.7085,89.3992,89.1240,89.0252
701,89.7085,89.3978,89.1240,89.0238
702,89.7085,89.3964,89.1240,89.0224
703,89.7085,89.3950,89.1240,89.0210
704,89.7085,89.3936,89.1240,89.0196
705,89.7078,89.3929,89.1233,89.0182
706,89.7063,89.3929,89.1218,89.0168
707,89.7049,89.3929,89.1204,89.0154
708,89.7035,89.3929,89.1190,89.0140
709,89.7021,89.3929,89.1176,89.0126
710,89.7007,89.3929,89.1162,89.0112
711,89.6993,89.3929,89.1147,89.0098
712,89.6979,89.3929,89.1133,89.0084
713,89.6969,89.3926,89.1119,89.0070
714,89.6969,89.3912,89.1105,89.0055
715,89.6969,89.3897,89.1091,89.0040
716,89.6969,89.3883,89.1077,89.0026
717,89.6969,89.3869,89.1063,89.0011
718,89.6969,89.3855,89.1049,88.9997
719,89.6969,89.3841,89.1035,88.9982
720,89.6969,89.3827,89.1021,88.9968
721,89.6969,89.3813,89.1007,88.9953
722,89.6969,89.3813,89.0992,88.9939
723,89.6969,89.3813,89.0978,88.9925
724,89.6969,89.3813,89.0964,88.9911
725,89.6969,89.3813,89.0950,88.9897
726,89.6969,89.3813,89.0936,88.9883
727,89.6969,89.3813,89.0922,88.9869
728,89.6969,89.3813,89.0908,88.9855
729,89.6969,89.3813,89.0894,88.9841
730,89.6959,89.3803,89.0890,88.9827
731,89.6945,89.3789,89.0890,88.9813
732,89.6931,89.3776,89.0890,88.9799
733,89.6918,89.3762,89.0890,88.9785
734,89.6904,89.3748,89.0890,88.9771
735,89.6890,89.3734,89.0890,88.9757
736,89.6876,89.3720,89.0890,88.9744
737,89.6862,89.3706,89.0890,88.9730
738,89.6852,89.3696,89.0885,88.9716
739,89.6852,89.3696,89.0871,88.9702
740,89.6852,89.3696,89.0857,88.9688
741,89.6852,89.3696,89.0843,88.9674
742,89.6852,89.3696,89.0829,88.9660
743,89.6852,89.3696,89.0815,88.9645
744,89.6852,89.3696,89.0801,88.9631
745,89.6852,89.3696,89.0787,88.9617
746,89.6852,89.3696,89.0773,88.9603
747,89.6852,89.3682,89.0759,88.9589
748,89.6852,89.3668,89.0745,88.9575
749,89.6852,89.3654,89.0731,88.9561
750,89.6852,89.3640,89.0717,88.9547
751,89.6852,89.3626,89.0703,88.9533
752,89.6852,89.3612,89.0689,88.9519
753,89.6852,89.3598,89.0675,88.9505
754,89.6852,89.3584,89.0661,88.9491
755,89.6852,89.3580,89.0647,88.9487
756,89.6852,89.3580,89.0633,88.9487
757,89.6852,89.3580,89.0619,88.9487
758,89.6852,89.3580,89.0604,88.9487
759,89.6852,89.3580,89.0590,88.9487
760,89.6852,89.3580,89.0576,88.9487
761,89.6852,89.3580,89.0562,88.9487
762,89.6852,89.3580,89.0548,88.9487
763,89.6846,89.3574,89.0534,88.9481
764,89.6832,89.3560,89.0520,88.9467
765,89.6818,89.3546,89.0506,88.9453
766,89.6804,89.3532,89.0492,88.9439
767,89.6790,89.3518,89.0478,88.9425
768,89.6776,89.3504,89.0464,88.9411
769,89.6762,89.3489,89.0450,88.9397
770,89.6748,89.3475,89.0436,88.9383
771,89.6736,89.3464,89.0424,88.9368
772,89.6736,89.3464,89.0424,88.9354
773,89.6736,89.3464,89.0424,88.9340
774,89.6736,89.3464,89.0424,88.9326
775,89.6736,89.3464,89.0424,88.9312
776,89.6736,89.3464,89.0424,88.9298
777,89.6736,89.3464,89.0424,88.9284
778,89.6736,89.3464,89.0424,88.9270
779,89.6736,89.3464,89.0424,88.9256
780,89.6736,89.3451,89.0412,88.9242
781,89.6736,89.3437,89.0398,88.9228
782,89.6736,89.3423,89.0384,88.9214
783,89.6736,89.3409,89.0370,88.9200
784,89.6736,89.3395,89.0356,88.9186
785,89.6736,89.3381,89.0342,88.9172
786,89.6736,89.3367,89.0328,88.9158
787,89.6736,89.3353,89.0313,88.9144
788,89.6736,89.3346,89.0299,88.9130
789,89.6736,89.3346,89.0285,88.9116
790,89.6736,89.3346,89.0271,88.9102
791,89.6736,89.3346,89.0257,88.9087
792,89.6736,89.3346,89.0243,88.9073
793,89.6736,89.3346,89.0229,88.9059
794,89.6736,89.3346,89.0215,88.9045
795,89.6736,89.3346,89.0201,88.9031
796,89.6733,89.3343,89.0187,88.9017
797,89.6719,89.3329,89.0173,88.9003
798,89.6705,89.3315,89.0159,88.8989
799,89.6691,89.3301,89.0145,88.8975
800,89.6677,89.3287,89.0131,88.8961
801,89.6663,89.3273,89.0117,88.8947
802,89.6649,89.3259,89.0103,88.8933
803,89.6635,89.3245,89.0089,88.8919
804,89.6621,89.3231,89.0075,88.8905
805,89.6620,89.3229,89.0073,88.8891
806,89.6620,89.3229,89.0073,88.8877
807,89.6620,89.3229,89.0073,88.8863
808,89.6620,89.3229,89.0073,88.8849
809,89.6620,89.3229,89.0073,88.8835
810,89.6620,89.3229,89.0073,88.8821
811,89.6620,89.3229,89.0073,88.8807
812,89.6620,89.3229,89.0073,88.8792
813,89.6620,89.3221,89.0064,88.8778
814,89.6620,89.3207,89.0050,88.8764
815,89.6620,89.3192,89.0035,88.8750
816,89.6620,89.3178,89.0021,88.8736
817,89.6620,89.3164,89.0006,88.8722
818,89.6620,89.3150,88.9992,88.8708
819,89.6620,89.3136,88.9977,88.8694
820,89.6620,89.3122,88.9962,88.8680
821,89.6620,89.3113,88.9948,88.8671
822,89.6620,89.3113,88.9935,88.8671
823,89.6620,89.3113,88.9921,88.8671
824,89.6620,89.3113,88.9908,88.8671
825,89.6620,89.3113,88.9894,88.8671
826,89.6620,89.3113,88.9880,88.8671
827,89.6620,89.3113,88.9867,88.8671
828,89.6620,89.3113,88.9853,88.8671
829,89.6620,89.3113,88.9840,88.8671
830,89.6609,89.3102,88.9826,88.8660
831,89.6595,89.3088,88.9812,88.8646
832,89.6580,89.3074,88.9798,88.8632
833,89.6566,89.3060,88.9784,88.8618
834,89.6552,89.3046,88.9770,88.8604
835,89.6538,89.3032,88.9756,88.8590
836,89.6524,89.3018,88.9742,88.8576
837,89.6509,89.3004,88.9727,88.8562
838,89.6502,89.2990,88.9713,88.8548
839,89.6502,89.2976,88.9699,88.8533
840,89.6502,89.2962,88.9685,88.8518
841,89.6502,89.2948,88.9671,88.8504
842,89.6502,89.2934,88.9657,88.8489
843,89.6502,89.2920,88.9643,88.8475
844,89.6502,89.2906,88.9629,88.8460
845,89.6502,89.2892,88.9615,88.8446
846,89.6502,89.2880,88.9604,88.8431
847,89.6502,89.2880,88.9604,88.8417
848,89.6502,89.2880,88.9604,88.8403
849,89.6502,89.2880,88.9604,88.8389
850,89.6502,89.2880,88.9604,88.8375
851,89.6502,89.2880,88.9604,88.8361
852,89.6502,89.2880,88.9604,88.8347
853,89.6502,89.2880,88.9604,88.8333
854,89.6502,89.2880,88.9604,88.8319
855,89.6502,89.2867,88.9591,88.8305
856,89.6502,89.2853,88.9577,88.8291
857,89.6502,89.2838,88.9563,88.8277
858,89.6502,89.2823,88.9549,88.8263
859,89.6502,89.2809,88.9535,88.8249
860,89.6502,89.2794,88.9521,88.8235
861,89.6502,89.2780,88.9507,88.8220
862,89.6502,89.2765,88.9493,88.8206
863,89.6493,89.2759,88.9479,88.8192
864,89.6479,89.2759,88.9465,88.8179
865,89.6466,89.2759,88.9451,88.8165
866,89.6452,89.2759,88.9437,88.8151
867,89.6438,89.2759,88.9423,88.8137
868,89.6424,89.2759,88.9409,88.8123
869,89.6410,89.2759,88.9395,88.8109
870,89.6396,89.2759,88.9382,88.8095
871,89.6385,89.2756,88.9368,88.8084
872,89.6385,89.2742,88.9354,88.8084
873,89.6385,89.2728,88.9339,88.8084
874,89.6385,89.2714,88.9325,88.8084
875,89.6385,89.2700,88.9311,88.8084
876,89.6385,89.2686,88.9297,88.8084
877,89.6385,89.2672,88.9283,88.8084
878,89.6385,89.2658,88.9269,88.8084
879,89.6385,89.2644,88.9255,88.8084
880,89.6385,89.2643,88.9254,88.8071
881,89.6385,89.2643,88.9254,88.8057
882,89.6385,89.2643,88.9254,88.8043
883,89.6385,89.2643,88.9254,88.8029
884,89.6385,89.2643,88.9254,88.8014
885,89.6385,89.2643,88.9254,88.8000
886,89.6385,89.2643,88.9254,88.7986
887,89.6385,89.2643,88.9254,88.7972
888,89.6385,89.2634,88.9245,88.7958
889,89.6385,89.2620,88.9231,88.7944
890,89.6385,89.2606,88.9217,88.7929
891,89.6385,89.2592,88.9202,88.7915
892,89.6385,89.2578,88.9188,88.7901
893,89.6385,89.2564,88.9174,88.7887
894,89.6385,89.2550,88.9160,88.7873
895,89.6385,89.2536,88.9146,88.7859
896,89.6380,89.2527,88.9131,88.7845
897,89.6366,89.2527,88.9117,88.7831
898,89.6352,89.2527,88.9103,88.7817
899,89.6338,89.2527,88.9089,88.7803
900,89.6324,89.2527,88.9075,88.7789
901,89.6310,89.2527,88.9061,88.7775
902,89.6296,89.2527,88.9047,88.7761
903,89.6282,89.2527,88.9033,88.7747
904,89.6269,89.2526,88.9019,88.7733
905,89.6269,89.2512,88.9005,88.7719
906,89.6269,89.2498,88.8991,88.7705
907,89.6269,89.2483,88.8977,88.7691
908,89.6269,89.2469,88.8963,88.7677
909,89.6269,89.2455,88.8949,88.7663
910,89.6269,89.2441,88.8935,88.7648
911,89.6269,89.2427,88.8921,88.7634
912,89.6269,89.2413,88.8907,88.7620
913,89.6269,89.2410,88.8904,88.7606
914,89.6269,89.2410,88.8904,88.7592
915,89.6269,89.2410,88.8904,88.7578
916,89.6269,89.2410,88.8904,88.7564
917,89.6269,89.2410,88.8904,88.7550
918,89.6269,89.2410,88.8904,88.7536
919,89.6269,89.2410,88.8904,88.7522
920,89.6269,89.2410,88.8904,88.7508
921,89.6269,89.2403,88.8897,88.7494
922,89.6269,89.2389,88.8883,88.7480
923,89.6269,89.2375,88.8869,88.7466
924,89.6269,89.2361,88.8855,88.7452
925,89.6269,89.2347,88.8841,88.7438
926,89.6269,89.2333,88.8827,88.7425
927,89.6269,89.2319,88.8813,88.7411
928,89.6269,89.2305,88.8799,88.7397
929,89.6267,89.2292,88.8786,88.7385
930,89.6253,89.2292,88.8772,88.7385
931,89.6239,89.2292,88.8757,88.7385
932,89.6225,89.2292,88.8743,88.7385
933,89.6211,89.2292,88.8729,88.7385
934,89.6197,89.2292,88.8715,88.7385
935,89.6183,89.2292,88.8701,88.7385
936,89.6169,89.2292,88.8687,88.7385
937,89.6155,89.2292,88.8673,88.7385
938,89.6152,89.2281,88.8659,88.7373
939,89.6152,89.2267,88.8645,88.7359
940,89.6152,89.2253,88.8631,88.7344
941,89.6152,89.2239,88.8617,88.7330
942,89.6152,89.2225,88.8603,88.7316
943,89.6152,89.2211,88.8589,88.7302
944,89.6152,89.2196,88.8575,88.7287
945,89.6152,89.2182,88.8561,88.7273
946,89.6152,89.2176,88.8554,88.7259
947,89.6152,89.2176,88.8554,88.7245
948,89.6152,89.2176,88.8554,88.7231
949,89.6152,89.2176,88.8554,88.7217
950,89.6152,89.2176,88.8554,88.7203
951,89.6152,89.2176,88.8554,88.7189
952,89.6152,89.2176,88.8554,88.7175
953,89.6152,89.2176,88.8554,88.7161
954,89.6152,89.2173,88.8551,88.7147
955,89.6152,89.2159,88.8537,88.7133
956,89.6152,89.2145,88.8523,88.7119
957,89.6152,89.2132,88.8509,88.7105
958,89.6152,89.2118,88.8495,88.7091
959,89.6152,89.2105,88.8481,88.7077
960,89.6152,89.2091,88.8466,88.7063
961,89.6152,89.2078,88.8452,88.7050
962,89.6152,89.2064,88.8438,88.7036
963,89.6143,89.2060,88.8424,88.7022
964,89.6129,89.2060,88.8410,88.7008
965,89.6115,89.2060,88.8396,88.6994
966,89.6101,89.2060,88.8382,88.6980
967,89.6087,89.2060,88.8368,88.6965
968,89.6073,89.2060,88.8354,88.6951
969,89.6059,89.2060,88.8340,88.6937
970,89.6045,89.2060,88.8326,88.6923
971,89.6036,89.2054,88.8312,88.6909
972,89.6036,89.2040,88.8298,88.6895
973,89.6036,89.2026,88.8284,88.6881
974,89.6036,89.2012,88.8270,88.6867
975,89.6036,89.1998,88.8256,88.6852
976,89.6036,89.1984,88.8242,88.6838
977,89.6036,89.1970,88.8228,88.6824
978,89.6036,89.1956,88.8214,88.6810
979,89.6036,89.1943,88.8201,88.6797
980,89.6036,89.1943,88.8201,88.6797
981,89.6036,89.1943,88.8201,88.6797
982,89.6036,89.1943,88.8201,88.6797
983,89.6036,89.1943,88.8201,88.6797
984,89.6036,89.1943,88.8201,88.6797
985,89.6036,89.1943,88.8201,88.6797
986,89.6036,89.1943,88.8201,88.6797
987,89.6036,89.1943,88.8201,88.6797
988,89.6036,89.1932,88.8190,88.6785
989,89.6036,89.1918,88.8175,88.6771
990,89.6036,89.1904,88.8161,88.6757
991,89.6036,89.1890,88.8147,88.6743
992,89.6036,89.1876,88.8133,88.6729
993,89.6036,89.1862,88.8119,88.6715
994,89.6036,89.1847,88.8105,88.6701
995,89.6036,89.1833,88.8091,88.6687
996,89.6029,89.1827,88.8077,88.6673
997,89.6015,89.1827,88.8063,88.6659
998,89.6001,89.1827,88.8049,88.6645
999,89.5987,89.1827,88.8034,88.6631
1000,89.5972,89.1827,88.8020,88.6617
1001,89.5958,89.1827,88.8006,88.6603
1002,89.5944,89.1827,88.7992,88.6589
1003,89.5930,89.1827,88.7978,88.6575
1004,89.5920,89.1823,88.7967,88.6561
1005,89.5920,89.1810,88.7967,88.6547
1006,89.5920,89.1796,88.7967,88.6533
1007,89.5920,89.1782,88.7967,88.6519
1008,89.5920,89.1768,88.7967,88.6505
1009,89.5920,89.1754,88.7967,88.6491
1010,89.5920,89.1740,88.7967,88.6477
1011,89.5920,89.1726,88.7967,88.6464
1012,89.5920,89.1712,88.7967,88.6450
1013,89.5920,89.1710,88.7955,88.6436
1014,89.5920,89.1710,88.7941,88.6422
1015,89.5920,89.1710,88.7927,88.6408
1016,89.5920,89.1710,88.7913,88.6393
1017,89.5920,89.1710,88.7899,88.6379
1018,89.5920,89.1710,88.7884,88.6365
1019,89.5920,89.1710,88.7870,88.6351
1020,89.5920,89.1710,88.7856,88.6337
1021,89.5920,89.1702,88.7842,88.6331
1022,89.5920,89.1688,88.7828,88.6331
1023,89.5920,89.1674,88.7814,88.6331
1024,89.5920,89.1660,88.7800,88.6331
1025,89.5920,89.1646,88.7786,88.6331
1026,89.5920,89.1632,88.7772,88.6331
1027,89.5920,89.1618,88.7758,88.6331
1028,89.5920,89.1604,88.7744,88.6331
1029,89.5916,89.1594,88.7730,88.6327
1030,89.5902,89.1594,88.7716,88.6313
1031,89.5888,89.1594,88.7702,88.6299
1032,89.5874,89.1594,88.7688,88.6285
1033,89.5860,89.1594,88.7674,88.6271
1034,89.5845,89.1594,88.7660,88.6257
1035,89.5831,89.1594,88.7646,88.6243
1036,89.5817,89.1594,88.7632,88.6229
1037,89.5803,89.1594,88.7618,88.6215
1038,89.5803,89.1580,88.7617,88.6201
1039,89.5803,89.1566,88.7617,88.6186
1040,89.5803,89.1551,88.7617,88.6172
1041,89.5803,89.1537,88.7617,88.6158
1042,89.5803,89.1523,88.7617,88.6144
1043,89.5803,89.1509,88.7617,88.6130
1044,89.5803,89.1494,88.7617,88.6115
1045,89.5803,89.1480,88.7617,88.6101
1046,89.5803,89.1476,88.7607,88.6087
1047,89.5803,89.1476,88.7593,88.6073
1048,89.5803,89.1476,88.7579,88.6059
1049,89.5803,89.1476,88.7565,88.6045
1050,89.5803,89.1476,88.7551,88.6031
1051,89.5803,89.1476,88.7537,88.6017
1052,89.5803,89.1476,88.7523,88.6003
1053,89.5803,89.1476,88.7509,88.5989
1054,89.5803,89.1470,88.7495,88.5975
1055,89.5803,89.1456,88.7481,88.5961
1056,89.5803,89.1442,88.7467,88.5947
1057,89.5803,89.1427,88.7454,88.5933
1058,89.5803,89.1413,88.7440,88.5919
1059,89.5803,89.1399,88.7426,88.5905
1060,89.5803,89.1385,88.7412,88.5891
1061,89.5803,89.1371,88.7398,88.5878
1062,89.5803,89.1357,88.7384,88.5864
1063,89.5788,89.1357,88.7370,88.5850
1064,89.5774,89.1357,88.7356,88.5836
1065,89.5759,89.1357,88.7341,88.5821
1066,89.5745,89.1357,88.7327,88.5807
1067,89.5730,89.1357,88.7313,88.5793
1068,89.5715,89.1357,88.7299,88.5779
1069,89.5701,89.1357,88.7285,88.5765
1070,89.5686,89.1357,88.7270,88.5751
1071,89.5683,89.1346,88.7267,88.5748
1072,89.5683,89.1332,88.7267,88.5748
1073,89.5683,89.1318,88.7267,88.5748
1074,89.5683,89.1304,88.7267,88.5748
1075,89.5683,89.1290,88.7267,88.5748
1076,89.5683,89.1276,88.7267,88.5748
1077,89.5683,89.1262,88.7267,88.5748
1078,89.5683,89.1248,88.7267,88.5748
1079,89.5683,89.1240,88.7260,88.5741
1080,89.5683,89.1240,88.7246,88.5727
1081,89.5683,89.1240,88.7232,88.5713
1082,89.5683,89.1240,88.7218,88.5699
1083,89.5683,89.1240,88.7204,88.5685
1084,89.5683,89.1240,88.7190,88.5671
1085,89.5683,89.1240,88.7176,88.5657
1086,89.5683,89.1240,88.7162,88.5643
1087,89.5683,89.1238,88.7148,88.5629
1088,89.5683,89.1224,88.7133,88.5614
1089,89.5683,89.1210,88.7119,88.5600
1090,89.5683,89.1195,88.7105,88.5585
1091,89.5683,89.1181,88.7090,88.5571
1092,89.5683,89.1167,88.7076,88.5556
1093,89.5683,89.1153,88.7062,88.5541
1094,89.5683,89.1138,88.7047,88.5527
1095,89.5683,89.1124,88.7033,88.5512
1096,89.5671,89.1123,88.7031,88.5499
1097,89.5657,89.1123,88.7031,88.5485
1098,89.5643,89.1123,88.7031,88.5472
1099,89.5630,89.1123,88.7031,88.5458
1100,89.5616,89.1123,88.7031,88.5444
1101,89.5603,89.1123,88.7031,88.5431
1102,89.5589,89.1123,88.7031,88.5417
1103,89.5576,89.1123,88.7031,88.5404
1104,89.5566,89.1118,88.7027,88.5390
1105,89.5566,89.1104,88.7013,88.5376
1106,89.5566,89.1090,88.6999,88.5362
1107,89.5566,89.1076,88.6985,88.5348
1108,89.5566,89.1062,88.6971,88.5334
1109,89.5566,89.1048,88.6957,88.5320
1110,89.5566,89.1034,88.6943,88.5306
1111,89.5566,89.1020,88.6929,88.5292
1112,89.5566,89.1006,88.6914,88.5278
1113,89.5566,89.1006,88.6900,88.5278
1114,89.5566,89.1006,88.6886,88.5278
1115,89.5566,89.1006,88.6872,88.5278
1116,89.5566,89.1006,88.6858,88.5278
1117,89.5566,89.1006,88.6843,88.5278
1118,89.5566,89.1006,88.6829,88.5278
1119,89.5566,89.1006,88.6815,88.5278
1120,89.5566,89.1006,88.6801,88.5278
1121,89.5566,89.0996,88.6787,88.5268
1122,89.5566,89.0982,88.6773,88.5254
1123,89.5566,89.0968,88.6759,88.5239
1124,89.5566,89.0954,88.6745,88.5225
1125,89.5566,89.0940,88.6730,88.5211
1126,89.5566,89.0926,88.6716,88.5197
1127,89.5566,89.0912,88.6702,88.5183
1128,89.5566,89.0898,88.6688,88.5169
1129,89.5560,89.0890,88.6680,88.5155
1130,89.5546,89.0890,88.6680,88.5141
1131,89.5532,89.0890,88.6680,88.5127
1132,89.5518,89.0890,88.6680,88.5113
1133,89.5504,89.0890,88.6680,88.5099
1134,89.5490,89.0890,88.6680,88.5085
1135,89.5476,89.0890,88.6680,88.5071
1136,89.5462,89.0890,88.6680,88.5057
1137,89.5450,89.0890,88.6678,88.5043
1138,89.5450,89.0890,88.6664,88.5029
1139,89.5450,89.0890,88.6651,88.5015
1140,89.5450,89.0890,88.6637,88.5001
1141,89.5450,89.0890,88.6623,88.4987
1142,89.5450,89.0890,88.6609,88.4973
1143,89.5450,89.0890,88.6595,88.4958
1144,89.5450,89.0890,88.6581,88.4944
1145,89.5450,89.0890,88.6567,88.4930
1146,89.5450,89.0879,88.6553,88.4916
1147,89.5450,89.0865,88.6539,88.4902
1148,89.5450,89.0851,88.6525,88.4888
1149,89.5450,89.0837,88.6511,88.4874
1150,89.5450,89.0823,88.6497,88.4860
1151,89.5450,89.0809,88.6483,88.4846
1152,89.5450,89.0795,88.6469,88.4832
1153,89.5450,89.0781,88.6455,88.4818
1154,89.5450,89.0773,88.6448,88.4811
1155,89.5450,89.0773,88.6448,88.4811
1156,89.5450,89.0773,88.6448,88.4811
1157,89.5450,89.0773,88.6448,88.4811
1158,89.5450,89.0773,88.6448,88.4811
1159,89.5450,89.0773,88.6448,88.4811
1160,89.5450,89.0773,88.6448,88.4811
1161,89.5450,89.0773,88.6448,88.4811
1162,89.5450,89.0771,88.6445,88.4808
1163,89.5450,89.0757,88.6431,88.4794
1164,89.5450,89.0743,88.6417,88.4780
1165,89.5450,89.0728,88.6403,88.4766
1166,89.5450,89.0714,88.6389,88.4752
1167,89.5450,89.0700,88.6375,88.4738
1168,89.5450,89.0686,88.6361,88.4724
1169,89.5450,89.0672,88.6347,88.4710
1170,89.5450,89.0658,88.6332,88.4696
1171,89.5437,89.0657,88.6318,88.4682
1172,89.5423,89.0657,88.6304,88.4667
1173,89.5408,89.0657,88.6290,88.4653
1174,89.5394,89.0657,88.6276,88.4639
1175,89.5380,89.0657,88.6262,88.4625
1176,89.5366,89.0657,88.6248,88.4611
1177,89.5352,89.0657,88.6234,88.4597
1178,89.5337,89.0657,88.6220,88.4583
1179,89.5332,89.0648,88.6206,88.4569
1180,89.5332,89.0634,88.6192,88.4555
1181,89.5332,89.0620,88.6177,88.4541
1182,89.5332,89.0606,88.6163,88.4527
1183,89.5332,89.0592,88.6149,88.4513
1184,89.5332,89.0578,88.6135,88.4499
1185,89.5332,89.0564,88.6121,88.4485
1186,89.5332,89.0550,88.6106,88.4471
1187,89.5332,89.0540,88.6097,88.4457
1188,89.5332,89.0540,88.6097,88.4443
1189,89.5332,89.0540,88.6097,88.4429
1190,89.5332,89.0540,88.6097,88.4415
1191,89.5332,89.0540,88.6097,88.4401
1192,89.5332,89.0540,88.6097,88.4386
1193,89.5332,89.0540,88.6097,88.4372
1194,89.5332,89.0540,88.6097,88.4358
1195,89.5332,89.0540,88.6096,88.4345
1196,89.5332,89.0526,88.6082,88.4345
1197,89.5332,89.0512,88.6069,88.4345
1198,89.5332,89.0498,88.6055,88.4345
1199,89.5332,89.0484,88.6041,88.4345
1200,89.5332,89.0470,88.6027,88.4345
1201,89.5332,89.0457,88.6013,88.4345
1202,89.5332,89.0443,88.5999,88.4345
1203,89.5332,89.0429,88.5985,88.4345
1204,89.5323,89.0424,88.5971,88.4336
1205,89.5309,89.0424,88.5957,88.4322
1206,89.5295,89.0424,88.5943,88.4308
1207,89.5281,89.0424,88.5929,88.4294
1208,89.5266,89.0424,88.5915,88.4280
1209,89.5252,89.0424,88.5901,88.4265
1210,89.5238,89.0424,88.5887,88.4251
1211,89.5224,89.0424,88.5873,88.4237
1212,89.5215,89.0419,88.5864,88.4223
1213,89.5215,89.0405,88.5864,88.4209
1214,89.5215,89.0390,88.5864,88.4194
1215,89.5215,89.0376,88.5864,88.4179
1216,89.5215,89.0362,88.5864,88.4165
1217,89.5215,89.0348,88.5864,88.4150
1218,89.5215,89.0333,88.5864,88.4136
1219,89.5215,89.0319,88.5864,88.4121
1220,89.5215,89.0306,88.5863,88.4107
1221,89.5215,89.0306,88.5849,88.4093
1222,89.5215,89.0306,88.5835,88.4079
1223,89.5215,89.0306,88.5821,88.4065
1224,89.5215,89.0306,88.5807,88.4051
1225,89.5215,89.0306,88.5793,88.4037
1226,89.5215,89.0306,88.5779,88.4022
1227,89.5215,89.0306,88.5765,88.4008
1228,89.5215,89.0306,88.5750,88.3994
1229,89.5215,89.0295,88.5737,88.3992
1230,89.5215,89.0282,88.5723,88.3992
1231,89.5215,89.0268,88.5710,88.3992
1232,89.5215,89.0255,88.5696,88.3992
1233,89.5215,89.0241,88.5683,88.3992
1234,89.5215,89.0228,88.5669,88.3992
1235,89.5215,89.0214,88.5655,88.3992
1236,89.5215,89.0200,88.5642,88.3992
1237,89.5212,89.0190,88.5631,88.3989
1238,89.5198,89.0190,88.5631,88.3974
1239,89.5184,89.0190,88.5631,88.3960
1240,89.5170,89.0190,88.5631,88.3946
1241,89.5156,89.0190,88.5631,88.3932
1242,89.5142,89.0190,88.5631,88.3918
1243,89.5128,89.0190,88.5631,88.3904
1244,89.5114,89.0190,88.5631,88.3890
1245,89.5100,89.0190,88.5631,88.3876
1246,89.5099,89.0177,88.5618,88.3862
1247,89.5099,89.0163,88.5603,88.3848
1248,89.5099,89.0149,88.5589,88.3833
1249,89.5099,89.0135,88.5574,88.3819
1250,89.5099,89.0121,88.5559,88.3805
1251,89.5099,89.0107,88.5545,88.3791
1252,89.5099,89.0092,88.5530,88.3777
1253,89.5099,89.0078,88.5516,88.3762
1254,89.5099,89.0073,88.5502,88.3748
1255,89.5099,89.0073,88.5488,88.3734
1256,89.5099,89.0073,88.5474,88.3720
1257,89.5099,89.0073,88.5459,88.3706
1258,89.5099,89.0073,88.5445,88.3692
1259,89.5099,89.0073,88.5431,88.3678
1260,89.5099,89.0073,88.5417,88.3664
1261,89.5099,89.0073,88.5403,88.3650
1262,89.5099,89.0068,88.5394,88.3636
1263,89.5099,89.0054,88.5394,88.3622
1264,89.5099,89.0039,88.5394,88.3608
1265,89.5099,89.0025,88.5394,88.3594
1266,89.5099,89.0010,88.5394,88.3580
1267,89.5099,88.9995,88.5394,88.3566
1268,89.5099,88.9981,88.5394,88.3552
1269,89.5099,88.9966,88.5394,88.3538
1270,89.5099,88.9953,88.5393,88.3524
1271,89.5099,88.9953,88.5379,88.3524
1272,89.5099,88.9953,88.5365,88.3524
1273,89.5099,88.9953,88.5352,88.3524
1274,89.5099,88.9953,88.5338,88.3524
1275,89.5099,88.9953,88.5324,88.3524
1276,89.5099,88.9953,88.5310,88.3524
1277,89.5099,88.9953,88.5296,88.3524
1278,89.5099,88.9953,88.5282,88.3524
1279,89.5089,88.9953,88.5268,88.3515
1280,89.5075,88.9953,88.5254,88.3501
1281,89.5061,88.9953,88.5240,88.3487
1282,89.5047,88.9953,88.5226,88.3473
1283,89.5033,88.9953,88.5212,88.3459
1284,89.5019,88.9953,88.5198,88.3445
1285,89.5005,88.9953,88.5184,88.3431
1286,89.4991,88.9953,88.5170,88.3417
1287,89.4983,88.9947,88.5156,88.3402
1288,89.4983,88.9933,88.5142,88.3388
1289,89.4983,88.9919,88.5128,88.3374
1290,89.4983,88.9905,88.5114,88.3360
1291,89.4983,88.9891,88.5100,88.3346
1292,89.4983,88.9877,88.5086,88.3332
1293,89.4983,88.9863,88.5071,88.3318
1294,89.4983,88.9849,88.5057,88.3304
1295,89.4983,88.9836,88.5045,88.3290
1296,89.4983,88.9836,88.5045,88.3276
1297,89.4983,88.9836,88.5045,88.3262
1298,89.4983,88.9836,88.5045,88.3248
1299,89.4983,88.9836,88.5045,88.3234
1300,89.4983,88.9836,88.5045,88.3220
1301,89.4983,88.9836,88.5045,88.3206
1302,89.4983,88.9836,88.5045,88.3192
1303,89.4983,88.9836,88.5045,88.3178
1304,89.4983,88.9825,88.5033,88.3175
1305,89.4983,88.9811,88.5019,88.3175
1306,89.4983,88.9797,88.5005,88.3175
1307,89.4983,88.9783,88.4991,88.3175
1308,89.4983,88.9769,88.4976,88.3175
1309,89.4983,88.9755,88.4962,88.3175
1310,89.4983,88.9741,88.4948,88.3175
1311,89.4983,88.9726,88.4934,88.3175
1312,89.4975,88.9720,88.4920,88.3168
1313,89.4961,88.9720,88.4906,88.3154
1314,89.4947,88.9720,88.4891,88.3140
1315,89.4933,88.9720,88.4877,88.3126
1316,89.4919,88.9720,88.4863,88.3111
1317,89.4905,88.9720,88.4849,88.3097
1318,89.4891,88.9720,88.4835,88.3083
1319,89.4877,88.9720,88.4821,88.3069
1320,89.4866,88.9716,88.4811,88.3055
1321,89.4866,88.9702,88.4811,88.3041
1322,89.4866,88.9688,88.4811,88.3027
1323,89.4866,88.9674,88.4811,88.3013
1324,89.4866,88.9660,88.4811,88.2998
1325,89.4866,88.9646,88.4811,88.2984
1326,89.4866,88.9632,88.4811,88.2970
1327,89.4866,88.9618,88.4811,88.2956
1328,89.4866,88.9604,88.4811,88.2942
1329,89.4866,88.9604,88.4797,88.2928
1330,89.4866,88.9604,88.4783,88.2914
1331,89.4866,88.9604,88.4770,88.2900
1332,89.4866,88.9604,88.4756,88.2886
1333,89.4866,88.9604,88.4742,88.2872
1334,89.4866,88.9604,88.4728,88.2858
1335,89.4866,88.9604,88.4714,88.2844
1336,89.4866,88.9604,88.4700,88.2830
1337,89.4866,88.9595,88.4686,88.2825
1338,89.4866,88.9581,88.4672,88.2825
1339,89.4866,88.9567,88.4658,88.2825
1340,89.4866,88.9553,88.4644,88.2825
1341,89.4866,88.9539,88.4630,88.2825
1342,89.4866,88.9525,88.4616,88.2825
1343,89.4866,88.9511,88.4602,88.2825
1344,89.4866,88.9497,88.4588,88.2825
1345,89.4866,88.9487,88.4578,88.2820
1346,89.4866,88.9487,88.4578,88.2806
1347,89.4866,88.9487,88.4578,88.2792
1348,89.4866,88.9487,88.4578,88.2778
1349,89.4866,88.9487,88.4578,88.2764
1350,89.4866,88.9487,88.4578,88.2750
1351,89.4866,88.9487,88.4578,88.2736
1352,89.4866,88.9487,88.4578,88.2722
1353,89.4866,88.9487,88.4578,88.2708
1354,89.4852,88.9473,88.4564,88.2694
1355,89.4838,88.9459,88.4550,88.2679
1356,89.4824,88.9445,88.4536,88.2664
1357,89.4810,88.9431,88.4522,88.2650
1358,89.4796,88.9417,88.4508,88.2635
1359,89.4782,88.9403,88.4494,88.2621
1360,89.4768,88.9389,88.4479,88.2606
1361,89.4754,88.9375,88.4465,88.2592
1362,89.4750,88.9371,88.4451,88.2577
1363,89.4750,88.9371,88.4437,88.2563
1364,89.4750,88.9371,88.4423,88.2549
1365,89.4750,88.9371,88.4409,88.2535
1366,89.4750,88.9371,88.4395,88.2521
1367,89.4750,88.9371,88.4381,88.2507
1368,89.4750,88.9371,88.4367,88.2493
1369,89.4750,88.9371,88.4353,88.2479
1370,89.4750,88.9371,88.4345,88.2465
1371,89.4750,88.9371,88.4345,88.2452
1372,89.4750,88.9371,88.4345,88.2438
1373,89.4750,88.9371,88.4345,88.2425
1374,89.4750,88.9371,88.4345,88.2411
1375,89.4750,88.9371,88.4345,88.2397
1376,89.4750,88.9371,88.4345,88.2384
1377,89.4750,88.9371,88.4345,88.2370
1378,89.4750,88.9371,88.4345,88.2357
1379,89.4750,88.9359,88.4333,88.2355
1380,89.4750,88.9345,88.4319,88.2355
1381,89.4750,88.9331,88.4305,88.2355
1382,89.4750,88.9317,88.4291,88.2355
1383,89.4750,88.9303,88.4277,88.2355
1384,89.4750,88.9289,88.4263,88.2355
1385,89.4750,88.9274,88.4249,88.2355
1386,89.4750,88.9260,88.4235,88.2355
1387,89.4742,88.9254,88.4220,88.2347
1388,89.4728,88.9254,88.4206,88.2333
1389,89.4714,88.9254,88.4191,88.2319
1390,89.4700,88.9254,88.4177,88.2305
1391,89.4686,88.9254,88.4162,88.2291
1392,89.4672,88.9254,88.4148,88.2277
1393,89.4658,88.9254,88.4133,88.2263
1394,89.4644,88.9254,88.4119,88.2248
1395,89.4633,88.9250,88.4108,88.2234
1396,89.4633,88.9236,88.4108,88.2220
1397,89.4633,88.9222,88.4108,88.2206
1398,89.4633,88.9208,88.4108,88.2192
1399,89.4633,88.9194,88.4108,88.2178
1400,89.4633,88.9179,88.4108,88.2164
1401,89.4633,88.9165,88.4108,88.2150
1402,89.4633,88.9151,88.4108,88.2136
1403,89.4633,88.9137,88.4108,88.2122
1404,89.4633,88.9136,88.4094,88.2122
1405,89.4633,88.9136,88.4080,88.2122
1406,89.4633,88.9136,88.4066,88.2122
1407,89.4633,88.9136,88.4052,88.2122
1408,89.4633,88.9136,88.4038,88.2122
1409,89.4633,88.9136,88.4024,88.2122
1410,89.4633,88.9136,88.4010,88.2122
1411,89.4633,88.9136,88.3996,88.2122
1412,89.4633,88.9127,88.3982,88.2112
1413,89.4633,88.9113,88.3968,88.2098
1414,89.4633,88.9099,88.3954,88.2084
1415,89.4633,88.9085,88.3940,88.2070
1416,89.4633,88.9071,88.3926,88.2057
1417,89.4633,88.9057,88.3912,88.2043
1418,89.4633,88.9043,88.3899,88.2029
1419,89.4633,88.9030,88.3885,88.2015
1420,89.4633,88.9020,88.3875,88.2001
1421,89.4633,88.9020,88.3875,88.1987
1422,89.4633,88.9020,88.3875,88.1973
1423,89.4633,88.9020,88.3875,88.1959
1424,89.4633,88.9020,88.3875,88.1945
1425,89.4633,88.9020,88.3875,88.1931
1426,89.4633,88.9020,88.3875,88.1917
1427,89.4633,88.9020,88.3875,88.1903
1428,89.4633,88.9020,88.3875,88.1889
1429,89.4619,88.9006,88.3861,88.1874
1430,89.4605,88.8992,88.3846,88.1860
1431,89.4590,88.8977,88.3832,88.1846
1432,89.4576,88.8963,88.3818,88.1832
1433,89.4562,88.8949,88.3804,88.1818
1434,89.4548,88.8935,88.3789,88.1803
1435,89.4533,88.8921,88.3775,88.1789
1436,89.4519,88.8907,88.3761,88.1775
1437,89.4516,88.8904,88.3747,88.1771
1438,89.4516,88.8904,88.3733,88.1771
1439,89.4516,88.8904,88.3719,88.1771
1440,89.4516,88.8904,88.3705,88.1771
1441,89.4516,88.8904,88.3691,88.1771
1442,89.4516,88.8904,88.3677,88.1771
1443,89.4516,88.8904,88.3663,88.1771
1444,89.4516,88.8904,88.3649,88.1771
1445,89.4516,88.8904,88.3641,88.1765
1446,89.4516,88.8904,88.3641,88.1751
1447,89.4516,88.8904,88.3641,88.1737
1448,89.4516,88.8904,88.3641,88.1723
1449,89.4516,88.8904,88.3641,88.1709
1450,89.4516,88.8904,88.3641,88.1695
1451,89.4516,88.8904,88.3641,88.1681
1452,89.4516,88.8904,88.3641,88.1666
1453,89.4516,88.8901,88.3639,88.1652
1454,89.4516,88.8887,88.3625,88.1638
1455,89.4516,88.8873,88.3610,88.1624
1456,89.4516,88.8859,88.3596,88.1610
1457,89.4516,88.8845,88.3582,88.1596
1458,89.4516,88.8831,88.3568,88.1582
1459,89.4516,88.8817,88.3554,88.1568
1460,89.4516,88.8803,88.3540,88.1554
1461,89.4516,88.8789,88.3526,88.1540
1462,89.4516,88.8787,88.3512,88.1526
1463,89.4516,88.8787,88.3498,88.1512
1464,89.4516,88.8787,88.3485,88.1498
1465,89.4516,88.8787,88.3471,88.1484
1466,89.4516,88.8787,88.3457,88.1471
1467,89.4516,88.8787,88.3443,88.1457
1468,89.4516,88.8787,88.3429,88.1443
1469,89.4516,88.8787,88.3415,88.1429
1470,89.4509,88.8780,88.3408,88.1422
1471,89.4495,88.8766,88.3408,88.1422
1472,89.4481,88.8752,88.3408,88.1422
1473,89.4466,88.8738,88.3408,88.1422
1474,89.4452,88.8724,88.3408,88.1422
1475,89.4438,88.8710,88.3408,88.1422
1476,89.4424,88.8696,88.3408,88.1422
1477,89.4410,88.8682,88.3408,88.1422
1478,89.4399,88.8671,88.3405,88.1419
1479,89.4399,88.8671,88.3391,88.1405
1480,89.4399,88.8671,88.3377,88.1391
1481,89.4399,88.8671,88.3363,88.1377
1482,89.4399,88.8671,88.3349,88.1363
1483,89.4399,88.8671,88.3335,88.1349
1484,89.4399,88.8671,88.3321,88.1335
1485,89.4399,88.8671,88.3307,88.1321
1486,89.4399,88.8671,88.3293,88.1307
1487,89.4399,88.8658,88.3279,88.1292
1488,89.4399,88.8644,88.3265,88.1278
1489,89.4399,88.8630,88.3251,88.1263
1490,89.4399,88.8616,88.3237,88.1248
1491,89.4399,88.8602,88.3223,88.1234
1492,89.4399,88.8588,88.3208,88.1219
1493,89.4399,88.8574,88.3194,88.1205
1494,89.4399,88.8559,88.3180,88.1190
1495,89.4399,88.8554,88.3175,88.1176
1496,89.4399,88.8554,88.3175,88.1162
1497,89.4399,88.8554,88.3175,88.1148
1498,89.4399,88.8554,88.3175,88.1134
1499,89.4399,88.8554,88.3175,88.1120
1500,89.4399,88.8554,88.3175,88.1106
1501,89.4399,88.8554,88.3175,88.1092
1502,89.4399,88.8554,88.3175,88.1078
1503,89.4394,88.8554,88.3171,88.1068
1504,89.4380,88.8554,88.3157,88.1068
1505,89.4367,88.8554,88.3143,88.1068
1506,89.4353,88.8554,88.3130,88.1068
1507,89.4339,88.8554,88.3116,88.1068
1508,89.4325,88.8554,88.3103,88.1068
1509,89.4311,88.8554,88.3089,88.1068
1510,89.4297,88.8554,88.3076,88.1068
1511,89.4283,88.8554,88.3062,88.1068
1512,89.4280,88.8543,88.3059,88.1058
1513,89.4280,88.8529,88.3059,88.1044
1514,89.4280,88.8514,88.3059,88.1030
1515,89.4280,88.8500,88.3059,88.1016
1516,89.4280,88.8485,88.3059,88.1002
1517,89.4280,88.8470,88.3059,88.0987
1518,89.4280,88.8456,88.3059,88.0973
1519,89.4280,88.8441,88.3059,88.0959
1520,89.4280,88.8434,88.3052,88.0945
1521,89.4280,88.8434,88.3038,88.0931
1522,89.4280,88.8434,88.3024,88.0917
1523,89.4280,88.8434,88.3009,88.0903
1524,89.4280,88.8434,88.2995,88.0889
1525,89.4280,88.8434,88.2981,88.0875
1526,89.4280,88.8434,88.2967,88.0861
1527,89.4280,88.8434,88.2952,88.0847
1528,89.4280,88.8431,88.2938,88.0833
1529,89.4280,88.8417,88.2924,88.0819
1530,89.4280,88.8403,88.2910,88.0804
1531,89.4280,88.8389,88.2896,88.0790
1532,89.4280,88.8375,88.2882,88.0776
1533,89.4280,88.8361,88.2868,88.0762
1534,89.4280,88.8347,88.2854,88.0748
1535,89.4280,88.8333,88.2840,88.0733
1536,89.4280,88.8319,88.2826,88.0719
1537,89.4280,88.8317,88.2825,88.0718
1538,89.4280,88.8317,88.2825,88.0718
1539,89.4280,88.8317,88.2825,88.0718
1540,89.4280,88.8317,88.2825,88.0718
1541,89.4280,88.8317,88.2825,88.0718
1542,89.4280,88.8317,88.2825,88.0718
1543,89.4280,88.8317,88.2825,88.0718
1544,89.4280,88.8317,88.2825,88.0718
1545,89.4271,88.8309,88.2816,88.0709
1546,89.4257,88.8295,88.2802,88.0695
1547,89.4243,88.8281,88.2788,88.0681
1548,89.4229,88.8267,88.2774,88.0668
1549,89.4215,88.8253,88.2760,88.0654
1550,89.4201,88.8239,88.2747,88.0640
1551,89.4187,88.8225,88.2733,88.0626
1552,89.4173,88.8212,88.2719,88.0612
1553,89.4162,88.8201,88.2705,88.0598
1554,89.4162,88.8201,88.2690,88.0584
1555,89.4162,88.8201,88.2676,88.0570
1556,89.4162,88.8201,88.2661,88.0556
1557,89.4162,88.8201,88.2647,88.0542
1558,89.4162,88.8201,88.2632,88.0528
1559,89.4162,88.8201,88.2617,88.0514
1560,89.4162,88.8201,88.2603,88.0500
1561,89.4162,88.8201,88.2588,88.0486
1562,89.4162,88.8188,88.2588,88.0472
1563,89.4162,88.8174,88.2588,88.0458
1564,89.4162,88.8160,88.2588,88.0444
1565,89.4162,88.8145,88.2588,88.0430
1566,89.4162,88.8131,88.2588,88.0415
1567,89.4162,88.8117,88.2588,88.0401
1568,89.4162,88.8103,88.2588,88.0387
1569,89.4162,88.8089,88.2588,88.0373
1570,89.4162,88.8084,88.2578,88.0369
1571,89.4162,88.8084,88.2564,88.0369
1572,89.4162,88.8084,88.2550,88.0369
1573,89.4162,88.8084,88.2536,88.0369
1574,89.4162,88.8084,88.2522,88.0369
1575,89.4162,88.8084,88.2508,88.0369
1576,89.4162,88.8084,88.2494,88.0369
1577,89.4162,88.8084,88.2480,88.0369
1578,89.4162,88.8084,88.2466,88.0363
1579,89.4162,88.8084,88.2452,88.0349
1580,89.4162,88.8084,88.2438,88.0335
1581,89.4162,88.8084,88.2424,88.0321
1582,89.4162,88.8084,88.2410,88.0307
1583,89.4162,88.8084,88.2396,88.0293
1584,89.4162,88.8084,88.2382,88.0279
1585,89.4162,88.8084,88.2368,88.0265
1586,89.4161,88.8083,88.2355,88.0251
1587,89.4147,88.8069,88.2355,88.0237
1588,89.4133,88.8055,88.2355,88.0223
1589,89.4119,88.8041,88.2355,88.0209
1590,89.4105,88.8026,88.2355,88.0195
1591,89.4091,88.8012,88.2355,88.0181
1592,89.4077,88.7998,88.2355,88.0167
1593,89.4063,88.7984,88.2355,88.0153
1594,89.4049,88.7970,88.2355,88.0139
1595,89.4046,88.7967,88.2343,88.0136
1596,89.4046,88.7967,88.2329,88.0136
1597,89.4046,88.7967,88.2315,88.0136
1598,89.4046,88.7967,88.2301,88.0136
1599,89.4046,88.7967,88.2287,88.0136
1600,89.4046,88.7967,88.2273,88.0136
1601,89.4046,88.7967,88.2259,88.0136
1602,89.4046,88.7967,88.2245,88.0136
1603,89.4046,88.7960,88.2231,88.0129
1604,89.4046,88.7946,88.2217,88.0115
1605,89.4046,88.7932,88.2203,88.0101
1606,89.4046,88.7918,88.2190,88.0087
1607,89.4046,88.7904,88.2176,88.0073
1608,89.4046,88.7890,88.2162,88.0059
1609,89.4046,88.7876,88.2148,88.0045
1610,89.4046,88.7862,88.2134,88.0031
1611,89.4046,88.7850,88.2122,88.0017
1612,89.4046,88.7850,88.2122,88.0003
1613,89.4046,88.7850,88.2122,87.9989
1614,89.4046,88.7850,88.2122,87.9975
1615,89.4046,88.7850,88.2122,87.9961
1616,89.4046,88.7850,88.2122,87.9946
1617,89.4046,88.7850,88.2122,87.9932
1618,89.4046,88.7850,88.2122,87.9918
1619,89.4046,88.7850,88.2122,87.9904
1620,89.4046,88.7838,88.2110,87.9890
1621,89.4046,88.7824,88.2096,87.9876
1622,89.4046,88.7810,88.2082,87.9862
1623,89.4046,88.7796,88.2068,87.9848
1624,89.4046,88.7782,88.2054,87.9833
1625,89.4046,88.7768,88.2040,87.9819
1626,89.4046,88.7754,88.2026,87.9805
1627,89.4046,88.7740,88.2012,87.9791
1628,89.4038,88.7734,88.2005,87.9785
1629,89.4024,88.7734,88.2005,87.9785
1630,89.4010,88.7734,88.2005,87.9785
1631,89.3996,88.7734,88.2005,87.9785
1632,89.3982,88.7734,88.2005,87.9785
1633,89.3968,88.7734,88.2005,87.9785
1634,89.3954,88.7734,88.2005,87.9785
1635,89.3940,88.7734,88.2005,87.9785
1636,89.3929,88.7734,88.2002,87.9781
1637,89.3929,88.7734,88.1988,87.9767
1638,89.3929,88.7734,88.1974,87.9752
1639,89.3929,88.7734,88.1960,87.9738
1640,89.3929,88.7734,88.1946,87.9724
1641,89.3929,88.7734,88.1931,87.9709
1642,89.3929,88.7734,88.1917,87.9695
1643,89.3929,88.7734,88.1903,87.9681
1644,89.3929,88.7734,88.1889,87.9666
1645,89.3929,88.7721,88.1876,87.9652
1646,89.3929,88.7707,88.1862,87.9639
1647,89.3929,88.7693,88.1848,87.9625
1648,89.3929,88.7680,88.1834,87.9611
1649,89.3929,88.7666,88.1821,87.9598
1650,89.3929,88.7653,88.1807,87.9584
1651,89.3929,88.7639,88.1793,87.9570
1652,89.3929,88.7626,88.1779,87.9556
1653,89.3929,88.7617,88.1771,87.9548
1654,89.3929,88.7617,88.1771,87.9548
1655,89.3929,88.7617,88.1771,87.9548
1656,89.3929,88.7617,88.1771,87.9548
1657,89.3929,88.7617,88.1771,87.9548
1658,89.3929,88.7617,88.1771,87.9548
1659,89.3929,88.7617,88.1771,87.9548
1660,89.3929,88.7617,88.1771,87.9548
1661,89.3929,88.7616,88.1770,87.9547
1662,89.3929,88.7602,88.1756,87.9532
1663,89.3929,88.7588,88.1742,87.9518
1664,89.3929,88.7574,88.1728,87.9504
1665,89.3929,88.7560,88.1713,87.9490
1666,89.3929,88.7546,88.1699,87.9476
1667,89.3929,88.7532,88.1685,87.9462
1668,89.3929,88.7518,88.1671,87.9448
1669,89.3929,88.7503,88.1657,87.9434
1670,89.3918,88.7501,88.1643,87.9420
1671,89.3904,88.7501,88.1629,87.9406
1672,89.3890,88.7501,88.1615,87.9392
1673,89.3876,88.7501,88.1601,87.9378
1674,89.3862,88.7501,88.1587,87.9364
1675,89.3848,88.7501,88.1573,87.9350
1676,89.3833,88.7501,88.1559,87.9336
1677,89.3819,88.7501,88.1545,87.9322
1678,89.3813,88.7501,88.1538,87.9308
1679,89.3813,88.7501,88.1538,87.9294
1680,89.3813,88.7501,88.1538,87.9280
1681,89.3813,88.7501,88.1538,87.9266
1682,89.3813,88.7501,88.1538,87.9251
1683,89.3813,88.7501,88.1538,87.9237
1684,89.3813,88.7501,88.1538,87.9223
1685,89.3813,88.7501,88.1538,87.9209
1686,89.3813,88.7498,88.1535,87.9199
1687,89.3813,88.7484,88.1521,87.9199
1688,89.3813,88.7470,88.1507,87.9199
1689,89.3813,88.7456,88.1493,87.9199
1690,89.3813,88.7442,88.1479,87.9199
1691,89.3813,88.7428,88.1465,87.9199
1692,89.3813,88.7414,88.1452,87.9199
1693,89.3813,88.7400,88.1438,87.9199
1694,89.3813,88.7386,88.1424,87.9199
1695,89.3813,88.7385,88.1422,87.9187
1696,89.3813,88.7385,88.1422,87.9173
1697,89.3813,88.7385,88.1422,87.9159
1698,89.3813,88.7385,88.1422,87.9144
1699,89.3813,88.7385,88.1422,87.9130
1700,89.3813,88.7385,88.1422,87.9116
1701,89.3813,88.7385,88.1422,87.9102
1702,89.3813,88.7385,88.1422,87.9088
1703,89.3813,88.7376,88.1414,87.9074
1704,89.3813,88.7362,88.1400,87.9060
1705,89.3813,88.7348,88.1386,87.9046
1706,89.3813,88.7334,88.1372,87.9032
1707,89.3813,88.7319,88.1358,87.9018
1708,89.3813,88.7305,88.1344,87.9004
1709,89.3813,88.7291,88.1330,87.8990
1710,89.3813,88.7277,88.1315,87.8976
1711,89.3809,88.7267,88.1301,87.8966
1712,89.3795,88.7267,88.1287,87.8966
1713,89.3781,88.7267,88.1272,87.8966
1714,89.3767,88.7267,88.1258,87.8966
1715,89.3753,88.7267,88.1243,87.8966
1716,89.3739,88.7267,88.1229,87.8966
1717,89.3725,88.7267,88.1214,87.8966
1718,89.3710,88.7267,88.1199,87.8966
1719,89.3696,88.7267,88.1185,87.8966
1720,89.3696,88.7253,88.1185,87.8952
1721,89.3696,88.7239,88.1185,87.8938
1722,89.3696,88.7225,88.1185,87.8924
1723,89.3696,88.7211,88.1185,87.8910
1724,89.3696,88.7196,88.1185,87.8896
1725,89.3696,88.7182,88.1185,87.8882
1726,89.3696,88.7168,88.1185,87.8868
1727,89.3696,88.7154,88.1185,87.8853
1728,89.3696,88.7150,88.1175,87.8839
1729,89.3696,88.7150,88.1161,87.8825
1730,89.3696,88.7150,88.1147,87.8811
1731,89.3696,88.7150,88.1133,87.8797
1732,89.3696,88.7150,88.1119,87.8782
1733,89.3696,88.7150,88.1105,87.8768
1734,89.3696,88.7150,88.1091,87.8754
1735,89.3696,88.7150,88.1077,87.8740
1736,89.3696,88.7150,88.1063,87.8732
1737,89.3696,88.7150,88.1049,87.8732
1738,89.3696,88.7150,88.1035,87.8732
1739,89.3696,88.7150,88.1021,87.8732
1740,89.3696,88.7150,88.1007,87.8732
1741,89.3696,88.7150,88.0993,87.8732
1742,89.3696,88.7150,88.0979,87.8732
1743,89.3696,88.7150,88.0965,87.8732
1744,89.3696,88.7150,88.0952,87.8731
1745,89.3696,88.7135,88.0952,87.8717
1746,89.3696,88.7121,88.0952,87.8703
1747,89.3696,88.7107,88.0952,87.8689
1748,89.3696,88.7092,88.0952,87.8675
1749,89.3696,88.7078,88.0952,87.8661
1750,89.3696,88.7063,88.0952,87.8647
1751,89.3696,88.7049,88.0952,87.8633
1752,89.3696,88.7035,88.0952,87.8619
1753,89.3686,88.7031,88.0941,87.8605
1754,89.3672,88.7031,88.0927,87.8591
1755,89.3658,88.7031,88.0913,87.8577
1756,89.3644,88.7031,88.0899,87.8562
1757,89.3630,88.7031,88.0885,87.8548
1758,89.3616,88.7031,88.0871,87.8534
1759,89.3602,88.7031,88.0857,87.8520
1760,89.3587,88.7031,88.0843,87.8506
1761,89.3580,88.7025,88.0836,87.8492
1762,89.3580,88.7010,88.0836,87.8478
1763,89.3580,88.6996,88.0836,87.8464
1764,89.3580,88.6982,88.0836,87.8450
1765,89.3580,88.6968,88.0836,87.8436
1766,89.3580,88.6954,88.0836,87.8422
1767,89.3580,88.6940,88.0836,87.8408
1768,89.3580,88.6926,88.0836,87.8394
1769,89.3580,88.6915,88.0833,87.8382
1770,89.3580,88.6915,88.0819,87.8382
1771,89.3580,88.6915,88.0805,87.8382
1772,89.3580,88.6915,88.0790,87.8382
1773,89.3580,88.6915,88.0776,87.8382
1774,89.3580,88.6915,88.0762,87.8382
1775,89.3580,88.6915,88.0748,87.8382
1776,89.3580,88.6915,88.0734,87.8382
1777,89.3580,88.6915,88.0719,87.8382
1778,89.3580,88.6915,88.0706,87.8370
1779,89.3580,88.6915,88.0692,87.8356
1780,89.3580,88.6915,88.0679,87.8342
1781,89.3580,88.6915,88.0665,87.8328
1782,89.3580,88.6915,88.0651,87.8314
1783,89.3580,88.6915,88.0638,87.8300
1784,89.3580,88.6915,88.0624,87.8286
1785,89.3580,88.6915,88.0611,87.8271
1786,89.3580,88.6910,88.0601,87.8257
1787,89.3580,88.6896,88.0601,87.8243
1788,89.3580,88.6882,88.0601,87.8229
1789,89.3580,88.6868,88.0601,87.8215
1790,89.3580,88.6853,88.0601,87.8201
1791,89.3580,88.6839,88.0601,87.8187
1792,89.3580,88.6825,88.0601,87.8173
1793,89.3580,88.6811,88.0601,87.8159
1794,89.3580,88.6797,88.0601,87.8145
1795,89.3566,88.6797,88.0587,87.8145
1796,89.3552,88.6797,88.0573,87.8145
1797,89.3538,88.6797,88.0559,87.8145
1798,89.3523,88.6797,88.0545,87.8145
1799,89.3509,88.6797,88.0531,87.8145
1800,89.3495,88.6797,88.0517,87.8145
1801,89.3481,88.6797,88.0503,87.8145
1802,89.3467,88.6797,88.0489,87.8145
1803,89.3464,88.6787,88.0485,87.8135
1804,89.3464,88.6772,88.0485,87.8121
1805,89.3464,88.6758,88.0485,87.8107
1806,89.3464,88.6744,88.0485,87.8093
1807,89.3464,88.6730,88.0485,87.8079
1808,89.3464,88.6716,88.0485,87.8065
1809,89.3464,88.6702,88.0485,87.8051
1810,89.3464,88.6688,88.0485,87.8037
1811,89.3464,88.6680,88.0479,87.8023
1812,89.3464,88.6680,88.0465,87.8009
1813,89.3464,88.6680,88.0451,87.7995
1814,89.3464,88.6680,88.0436,87.7980
1815,89.3464,88.6680,88.0422,87.7966
1816,89.3464,88.6680,88.0408,87.7952
1817,89.3464,88.6680,88.0394,87.7938
1818,89.3464,88.6680,88.0380,87.7924
1819,89.3464,88.6680,88.0366,87.7912
1820,89.3464,88.6680,88.0352,87.7912
1821,89.3464,88.6680,88.0338,87.7912
1822,89.3464,88.6680,88.0325,87.7912
1823,89.3464,88.6680,88.0311,87.7912
1824,89.3464,88.6680,88.0297,87.7912
1825,89.3464,88.6680,88.0283,87.7912
1826,89.3464,88.6680,88.0269,87.7912
1827,89.3464,88.6680,88.0255,87.7912
1828,89.3464,88.6670,88.0252,87.7902
1829,89.3464,88.6655,88.0252,87.7888
1830,89.3464,88.6641,88.0252,87.7873
1831,89.3464,88.6627,88.0252,87.7859
1832,89.3464,88.6613,88.0252,87.7845
1833,89.3464,88.6599,88.0252,87.7831
1834,89.3464,88.6585,88.0252,87.7817
1835,89.3464,88.6571,88.0252,87.7803
1836,89.3457,88.6564,88.0245,87.7789
1837,89.3442,88.6564,88.0231,87.7775
1838,89.3428,88.6564,88.0217,87.7761
1839,89.3414,88.6564,88.0203,87.7747
1840,89.3400,88.6564,88.0189,87.7733
1841,89.3386,88.6564,88.0175,87.7719
1842,89.3371,88.6564,88.0161,87.7705
1843,89.3357,88.6564,88.0147,87.7691
1844,89.3346,88.6561,88.0133,87.7680
1845,89.3346,88.6547,88.0119,87.7680
1846,89.3346,88.6533,88.0105,87.7680
1847,89.3346,88.6519,88.0091,87.7680
1848,89.3346,88.6505,88.0077,87.7680
1849,89.3346,88.6491,88.0063,87.7680
1850,89.3346,88.6477,88.0049,87.7680
1851,89.3346,88.6463,88.0034,87.7680
1852,89.3346,88.6449,88.0020,87.7680
1853,89.3346,88.6448,88.0019,87.7667
1854,89.3346,88.6448,88.0019,87.7652
1855,89.3346,88.6448,88.0019,87.7638
1856,89.3346,88.6448,88.0019,87.7624
1857,89.3346,88.6448,88.0019,87.7610
1858,89.3346,88.6448,88.0019,87.7596
1859,89.3346,88.6448,88.0019,87.7581
1860,89.3346,88.6448,88.0019,87.7567
1861,89.3346,88.6448,88.0010,87.7553
1862,89.3346,88.6448,87.9996,87.7539
1863,89.3346,88.6448,87.9982,87.7525
1864,89.3346,88.6448,87.9968,87.7511
1865,89.3346,88.6448,87.9953,87.7497
1866,89.3346,88.6448,87.9939,87.7483
1867,89.3346,88.6448,87.9925,87.7469
1868,89.3346,88.6448,87.9911,87.7455
1869,89.3346,88.6443,87.9901,87.7445
1870,89.3346,88.6429,87.9901,87.7445
1871,89.3346,88.6415,87.9901,87.7445
1872,89.3346,88.6401,87.9901,87.7445
1873,89.3346,88.6387,87.9901,87.7445
1874,89.3346,88.6373,87.9901,87.7445
1875,89.3346,88.6358,87.9901,87.7445
1876,89.3346,88.6344,87.9901,87.7445
1877,89.3345,88.6331,87.9901,87.7445
1878,89.3331,88.6331,87.9887,87.7431
1879,89.3317,88.6331,87.9873,87.7417
1880,89.3303,88.6331,87.9859,87.7403
1881,89.3289,88.6331,87.9845,87.7389
1882,89.3276,88.6331,87.9831,87.7375
1883,89.3262,88.6331,87.9817,87.7361
1884,89.3248,88.6331,87.9803,87.7347
1885,89.3234,88.6331,87.9790,87.7334
1886,89.3229,88.6322,87.9785,87.7320
1887,89.3229,88.6308,87.9785,87.7306
1888,89.3229,88.6294,87.9785,87.7291
1889,89.3229,88.6280,87.9785,87.7277
1890,89.3229,88.6266,87.9785,87.7263
1891,89.3229,88.6251,87.9785,87.7249
1892,89.3229,88.6237,87.9785,87.7235
1893,89.3229,88.6223,87.9785,87.7221
1894,89.3229,88.6215,87.9780,87.7213
1895,89.3229,88.6215,87.9765,87.7213
1896,89.3229,88.6215,87.9751,87.7213
1897,89.3229,88.6215,87.9736,87.7213
1898,89.3229,88.6215,87.9722,87.7213
1899,89.3229,88.6215,87.9708,87.7213
1900,89.3229,88.6215,87.9693,87.7213
1901,89.3229,88.6215,87.9679,87.7213
1902,89.3229,88.6215,87.9664,87.7211
1903,89.3229,88.6215,87.9650,87.7197
1904,89.3229,88.6215,87.9636,87.7183
1905,89.3229,88.6215,87.9622,87.7169
1906,89.3229,88.6215,87.9608,87.7155
1907,89.3229,88.6215,87.9593,87.7141
1908,89.3229,88.6215,87.9579,87.7127
1909,89.3229,88.6215,87.9565,87.7113
1910,89.3229,88.6215,87.9551,87.7099
1911,89.3229,88.6203,87.9548,87.7085
1912,89.3229,88.6189,87.9548,87.7071
1913,89.3229,88.6175,87.9548,87.7057
1914,89.3229,88.6161,87.9548,87.7043
1915,89.3229,88.6146,87.9548,87.7029
1916,89.3229,88.6132,87.9548,87.7015
1917,89.3229,88.6118,87.9548,87.7000
1918,89.3229,88.6104,87.9548,87.6986
1919,89.3229,88.6097,87.9541,87.6980
1920,89.3229,88.6097,87.9527,87.6980
1921,89.3229,88.6097,87.9514,87.6980
1922,89.3229,88.6097,87.9500,87.6980
1923,89.3229,88.6097,87.9487,87.6980
1924,89.3229,88.6097,87.9473,87.6980
1925,89.3229,88.6097,87.9460,87.6980
1926,89.3229,88.6097,87.9446,87.6980
1927,89.3229,88.6097,87.9432,87.6980
1928,89.3216,88.6084,87.9432,87.6966
1929,89.3202,88.6070,87.9432,87.6952
1930,89.3188,88.6056,87.9432,87.6938
1931,89.3174,88.6042,87.9432,87.6924
1932,89.3160,88.6028,87.9432,87.6909
1933,89.3146,88.6013,87.9432,87.6895
1934,89.3132,88.5999,87.9432,87.6881
1935,89.3118,88.5985,87.9432,87.6867
1936,89.3113,88.5980,87.9422,87.6853
1937,89.3113,88.5980,87.9408,87.6838
1938,89.3113,88.5980,87.9394,87.6824
1939,89.3113,88.5980,87.9380,87.6809
1940,89.3113,88.5980,87.9366,87.6795
1941,89.3113,88.5980,87.9352,87.6781
1942,89.3113,88.5980,87.9338,87.6766
1943,89.3113,88.5980,87.9324,87.6752
1944,89.3113,88.5980,87.9310,87.6743
1945,89.3113,88.5980,87.9296,87.6743
1946,89.3113,88.5980,87.9282,87.6743
1947,89.3113,88.5980,87.9268,87.6743
1948,89.3113,88.5980,87.9254,87.6743
1949,89.3113,88.5980,87.9240,87.6743
1950,89.3113,88.5980,87.9226,87.6743
1951,89.3113,88.5980,87.9212,87.6743
1952,89.3113,88.5979,87.9199,87.6742
1953,89.3113,88.5965,87.9199,87.6728
1954,89.3113,88.5951,87.9199,87.6713
1955,89.3113,88.5937,87.9199,87.6699
1956,89.3113,88.5923,87.9199,87.6685
1957,89.3113,88.5909,87.9199,87.6671
1958,89.3113,88.5895,87.9199,87.6657
1959,89.3113,88.5881,87.9199,87.6643
1960,89.3113,88.5867,87.9199,87.6629
1961,89.3113,88.5864,87.9188,87.6615
1962,89.3113,88.5864,87.9174,87.6601
1963,89.3113,88.5864,87.9160,87.6588
1964,89.3113,88.5864,87.9146,87.6574
1965,89.3113,88.5864,87.9132,87.6560
1966,89.3113,88.5864,87.9118,87.6546
1967,89.3113,88.5864,87.9104,87.6532
1968,89.3113,88.5864,87.9091,87.6518
1969,89.3107,88.5864,87.9082,87.6510
1970,89.3093,88.5864,87.9082,87.6510
1971,89.3079,88.5864,87.9082,87.6510
1972,89.3065,88.5864,87.9082,87.6510
1973,89.3051,88.5864,87.9082,87.6510
1974,89.3037,88.5864,87.9082,87.6510
1975,89.3023,88.5864,87.9082,87.6510
1976,89.3009,88.5864,87.9082,87.6510
1977,89.2996,88.5862,87.9081,87.6508
1978,89.2996,88.5848,87.9067,87.6494
1979,89.2996,88.5834,87.9053,87.6480
1980,89.2996,88.5820,87.9038,87.6466
1981,89.2996,88.5806,87.9024,87.6451
1982,89.2996,88.5792,87.9010,87.6437
1983,89.2996,88.5778,87.8996,87.6423
1984,89.2996,88.5764,87.8982,87.6409
1985,89.2996,88.5750,87.8968,87.6394
1986,89.2996,88.5748,87.8954,87.6380
1987,89.2996,88.5748,87.8940,87.6366
1988,89.2996,88.5748,87.8926,87.6352
1989,89.2996,88.5748,87.8912,87.6338
1990,89.2996,88.5748,87.8898,87.6324
1991,89.2996,88.5748,87.8884,87.6310
1992,89.2996,88.5748,87.8870,87.6296
1993,89.2996,88.5748,87.8856,87.6282
1994,89.2996,88.5740,87.8849,87.6276
1995,89.2996,88.5726,87.8849,87.6276
1996,89.2996,88.5712,87.8849,87.6276
1997,89.2996,88.5698,87.8849,87.6276
1998,89.2996,88.5684,87.8849,87.6276
1999,89.2996,88.5670,87.8849,87.6276
2000,89.2996,88.5656,87.8849,87.6276
2001,89.2996,88.5642,87.8849,87.6276
2002,89.2996,88.5631,87.8846,87.6272
2003,89.2996,88.5631,87.8832,87.6258
2004,89.2996,88.5631,87.8817,87.6244
2005,89.2996,88.5631,87.8803,87.6230
2006,89.2996,88.5631,87.8789,87.6216
2007,89.2996,88.5631,87.8775,87.6202
2008,89.2996,88.5631,87.8760,87.6188
2009,89.2996,88.5631,87.8746,87.6174
2010,89.2996,88.5631,87.8732,87.6160
2011,89.2996,88.5631,87.8732,87.6146
2012,89.2996,88.5631,87.8732,87.6132
2013,89.2996,88.5631,87.8732,87.6118
2014,89.2996,88.5631,87.8732,87.6104
2015,89.2996,88.5631,87.8732,87.6090
2016,89.2996,88.5631,87.8732,87.6076
2017,89.2996,88.5631,87.8732,87.6062
2018,89.2996,88.5631,87.8732,87.6049
2019,89.2988,88.5623,87.8723,87.6043
2020,89.2974,88.5608,87.8709,87.6043
2021,89.2960,88.5594,87.8695,87.6043
2022,89.2946,88.5579,87.8681,87.6043
2023,89.2932,88.5564,87.8667,87.6043
2024,89.2918,88.5550,87.8653,87.6043
2025,89.2904,88.5535,87.8639,87.6043
2026,89.2890,88.5521,87.8625,87.6043
2027,89.2880,88.5511,87.8615,87.6039
2028,89.2880,88.5511,87.8615,87.6024
2029,89.2880,88.5511,87.8615,87.6010
2030,89.2880,88.5511,87.8615,87.5996
2031,89.2880,88.5511,87.8615,87.5982
2032,89.2880,88.5511,87.8615,87.5968
2033,89.2880,88.5511,87.8615,87.5954
2034,89.2880,88.5511,87.8615,87.5940
2035,89.2880,88.5510,87.8615,87.5926
2036,89.2880,88.5496,87.8601,87.5912
2037,89.2880,88.5482,87.8587,87.5898
2038,89.2880,88.5468,87.8573,87.5884
2039,89.2880,88.5454,87.8559,87.5870
2040,89.2880,88.5440,87.8545,87.5856
2041,89.2880,88.5426,87.8531,87.5842
2042,89.2880,88.5412,87.8517,87.5828
2043,89.2880,88.5398,87.8503,87.5814
2044,89.2880,88.5394,87.8489,87.5810
2045,89.2880,88.5394,87.8475,87.5810
2046,89.2880,88.5394,87.8460,87.5810
2047,89.2880,88.5394,87.8446,87.5810
2048,89.2880,88.5394,87.8432,87.5810
2049,89.2880,88.5394,87.8418,87.5810
2050,89.2880,88.5394,87.8404,87.5810
2051,89.2880,88.5394,87.8390,87.5810
2052,89.2880,88.5394,87.8382,87.5804
2053,89.2880,88.5394,87.8382,87.5790
2054,89.2880,88.5394,87.8382,87.5776
2055,89.2880,88.5394,87.8382,87.5763
2056,89.2880,88.5394,87.8382,87.5749
2057,89.2880,88.5394,87.8382,87.5735
2058,89.2880,88.5394,87.8382,87.5722
2059,89.2880,88.5394,87.8382,87.5708
2060,89.2880,88.5394,87.8382,87.5694
2061,89.2868,88.5382,87.8370,87.5680
2062,89.2853,88.5368,87.8355,87.5666
2063,89.2838,88.5354,87.8341,87.5652
2064,89.2824,88.5340,87.8326,87.5638
2065,89.2809,88.5326,87.8312,87.5624
2066,89.2795,88.5312,87.8297,87.5610
2067,89.2780,88.5298,87.8283,87.5596
2068,89.2766,88.5284,87.8268,87.5582
2069,89.2759,88.5278,87.8262,87.5576
2070,89.2759,88.5278,87.8262,87.5576
2071,89.2759,88.5278,87.8262,87.5576
2072,89.2759,88.5278,87.8262,87.5576
2073,89.2759,88.5278,87.8262,87.5576
2074,89.2759,88.5278,87.8262,87.5576
2075,89.2759,88.5278,87.8262,87.5576
2076,89.2759,88.5278,87.8262,87.5576
2077,89.2759,88.5278,87.8258,87.5572
2078,89.2759,88.5278,87.8244,87.5558
2079,89.2759,88.5278,87.8230,87.5544
2080,89.2759,88.5278,87.8216,87.5530
2081,89.2759,88.5278,87.8202,87.5516
2082,89.2759,88.5278,87.8188,87.5501
2083,89.2759,88.5278,87.8174,87.5487
2084,89.2759,88.5278,87.8159,87.5473
2085,89.2759,88.5278,87.8145,87.5459
2086,89.2759,88.5264,87.8131,87.5445
2087,89.2759,88.5250,87.8117,87.5431
2088,89.2759,88.5236,87.8103,87.5416
2089,89.2759,88.5222,87.8089,87.5402
2090,89.2759,88.5208,87.8075,87.5387
2091,89.2759,88.5194,87.8061,87.5373
2092,89.2759,88.5179,87.8047,87.5359
2093,89.2759,88.5165,87.8033,87.5344
2094,89.2759,88.5161,87.8029,87.5340
2095,89.2759,88.5161,87.8029,87.5340
2096,89.2759,88.5161,87.8029,87.5340
2097,89.2759,88.5161,87.8029,87.5340
2098,89.2759,88.5161,87.8029,87.5340
2099,89.2759,88.5161,87.8029,87.5340
2100,89.2759,88.5161,87.8029,87.5340
2101,89.2759,88.5161,87.8029,87.5340
2102,89.2759,88.5157,87.8024,87.5335
2103,89.2759,88.5143,87.8010,87.5321
2104,89.2759,88.5129,87.7996,87.5307
2105,89.2759,88.5115,87.7982,87.5293
2106,89.2759,88.5101,87.7968,87.5279
2107,89.2759,88.5087,87.7954,87.5264
2108,89.2759,88.5073,87.7940,87.5250
2109,89.2759,88.5058,87.7926,87.5236
2110,89.2759,88.5045,87.7912,87.5222
2111,89.2745,88.5045,87.7912,87.5208
2112,89.2731,88.5045,87.7912,87.5194
2113,89.2717,88.5045,87.7912,87.5180
2114,89.2703,88.5045,87.7912,87.5166
2115,89.2689,88.5045,87.7912,87.5151
2116,89.2675,88.5045,87.7912,87.5137
2117,89.2661,88.5045,87.7912,87.5123
2118,89.2647,88.5045,87.7912,87.5109
2119,89.2643,88.5045,87.7902,87.5106
2120,89.2643,88.5045,87.7888,87.5106
2121,89.2643,88.5045,87.7874,87.5106
2122,89.2643,88.5045,87.7860,87.5106
2123,89.2643,88.5045,87.7846,87.5106
2124,89.2643,88.5045,87.7832,87.5106
2125,89.2643,88.5045,87.7818,87.5106
2126,89.2643,88.5045,87.7804,87.5106
2127,89.2643,88.5038,87.7796,87.5099
2128,89.2643,88.5024,87.7796,87.5085
2129,89.2643,88.5010,87.7796,87.5071
2130,89.2643,88.4996,87.7796,87.5057
2131,89.2643,88.4981,87.7796,87.5043
2132,89.2643,88.4967,87.7796,87.5029
2133,89.2643,88.4953,87.7796,87.5015
2134,89.2643,88.4939,87.7796,87.5001
2135,89.2643,88.4927,87.7794,87.4987
2136,89.2643,88.4927,87.7780,87.4973
2137,89.2643,88.4927,87.7766,87.4959
2138,89.2643,88.4927,87.7751,87.4945
2139,89.2643,88.4927,87.7737,87.4931
2140,89.2643,88.4927,87.7723,87.4917
2141,89.2643,88.4927,87.7709,87.4903
2142,89.2643,88.4927,87.7695,87.4889
2143,89.2643,88.4927,87.7681,87.4875
2144,89.2643,88.4927,87.7667,87.4873
2145,89.2643,88.4927,87.7653,87.4873
2146,89.2643,88.4927,87.7639,87.4873
2147,89.2643,88.4927,87.7624,87.4873
2148,89.2643,88.4927,87.7610,87.4873
2149,89.2643,88.4927,87.7596,87.4873
2150,89.2643,88.4927,87.7582,87.4873
2151,89.2643,88.4927,87.7568,87.4873
2152,89.2643,88.4919,87.7562,87.4865
2153,89.2643,88.4905,87.7562,87.4851
2154,89.2643,88.4891,87.7562,87.4837
2155,89.2643,88.4877,87.7562,87.4823
2156,89.2643,88.4863,87.7562,87.4809
2157,89.2643,88.4849,87.7562,87.4795
2158,89.2643,88.4835,87.7562,87.4781
2159,89.2643,88.4822,87.7562,87.4767
2160,89.2640,88.4811,87.7559,87.4754
2161,89.2626,88.4811,87.7545,87.4739
2162,89.2612,88.4811,87.7531,87.4725
2163,89.2598,88.4811,87.7517,87.4711
2164,89.2584,88.4811,87.7503,87.4697
2165,89.2570,88.4811,87.7489,87.4683
2166,89.2556,88.4811,87.7475,87.4669
2167,89.2542,88.4811,87.7460,87.4655
2168,89.2528,88.4811,87.7446,87.4641
2169,89.2527,88.4798,87.7445,87.4640
2170,89.2527,88.4784,87.7445,87.4640
2171,89.2527,88.4770,87.7445,87.4640
2172,89.2527,88.4755,87.7445,87.4640
2173,89.2527,88.4741,87.7445,87.4640
2174,89.2527,88.4727,87.7445,87.4640
2175,89.2527,88.4713,87.7445,87.4640
2176,89.2527,88.4699,87.7445,87.4640
2177,89.2527,88.4694,87.7436,87.4631
2178,89.2527,88.4694,87.7422,87.4617
2179,89.2527,88.4694,87.7408,87.4603
2180,89.2527,88.4694,87.7394,87.4588
2181,89.2527,88.4694,87.7380,87.4574
2182,89.2527,88.4694,87.7366,87.4560
2183,89.2527,88.4694,87.7352,87.4546
2184,89.2527,88.4694,87.7338,87.4531
2185,89.2527,88.4694,87.7329,87.4522
2186,89.2527,88.4694,87.7329,87.4522
2187,89.2527,88.4694,87.7329,87.4522
2188,89.2527,88.4694,87.7329,87.4522
2189,89.2527,88.4694,87.7329,87.4522
2190,89.2527,88.4694,87.7329,87.4522
2191,89.2527,88.4694,87.7329,87.4522
2192,89.2527,88.4694,87.7329,87.4522
2193,89.2527,88.4693,87.7328,87.4521
2194,89.2527,88.4680,87.7314,87.4508
2195,89.2527,88.4666,87.7301,87.4494
2196,89.2527,88.4653,87.7287,87.4481
2197,89.2527,88.4639,87.7274,87.4467
2198,89.2527,88.4626,87.7260,87.4454
2199,89.2527,88.4612,87.7247,87.4440
2200,89.2527,88.4598,87.7233,87.4426
2201,89.2527,88.4585,87.7220,87.4413
2202,89.2520,88.4578,87.7213,87.4399
2203,89.2506,88.4578,87.7213,87.4385
2204,89.2492,88.4578,87.7213,87.4371
2205,89.2478,88.4578,87.7213,87.4357
2206,89.2464,88.4578,87.7213,87.4343
2207,89.2450,88.4578,87.7213,87.4329
2208,89.2435,88.4578,87.7213,87.4315
2209,89.2421,88.4578,87.7213,87.4301
2210,89.2410,88.4578,87.7210,87.4289
2211,89.2410,88.4578,87.7196,87.4289
2212,89.2410,88.4578,87.7182,87.4289
2213,89.2410,88.4578,87.7168,87.4289
2214,89.2410,88.4578,87.7154,87.4289
2215,89.2410,88.4578,87.7140,87.4289
2216,89.2410,88.4578,87.7125,87.4289
2217,89.2410,88.4578,87.7111,87.4289
2218,89.2410,88.4578,87.7097,87.4289
2219,89.2410,88.4565,87.7083,87.4277
2220,89.2410,88.4551,87.7069,87.4263
2221,89.2410,88.4537,87.7055,87.4249
2222,89.2410,88.4523,87.7041,87.4234
2223,89.2410,88.4509,87.7027,87.4220
2224,89.2410,88.4495,87.7013,87.4206
2225,89.2410,88.4481,87.6999,87.4192
2226,89.2410,88.4467,87.6985,87.4178
2227,89.2410,88.4461,87.6980,87.4164
2228,89.2410,88.4461,87.6980,87.4150
2229,89.2410,88.4461,87.6980,87.4136
2230,89.2410,88.4461,87.6980,87.4122
2231,89.2410,88.4461,87.6980,87.4108
2232,89.2410,88.4461,87.6980,87.4094
2233,89.2410,88.4461,87.6980,87.4080
2234,89.2410,88.4461,87.6980,87.4066
2235,89.2410,88.4461,87.6975,87.4057
2236,89.2410,88.4461,87.6961,87.4057
2237,89.2410,88.4461,87.6947,87.4057
2238,89.2410,88.4461,87.6933,87.4057
2239,89.2410,88.4461,87.6919,87.4057
2240,89.2410,88.4461,87.6905,87.4057
2241,89.2410,88.4461,87.6891,87.4057
2242,89.2410,88.4461,87.6877,87.4057
2243,89.2410,88.4461,87.6863,87.4057
2244,89.2410,88.4448,87.6862,87.4043
2245,89.2410,88.4434,87.6862,87.4028
2246,89.2410,88.4420,87.6862,87.4014
2247,89.2410,88.4406,87.6862,87.3999
2248,89.2410,88.4392,87.6862,87.3985
2249,89.2410,88.4378,87.6862,87.3970
2250,89.2410,88.4364,87.6862,87.3955
2251,89.2410,88.4350,87.6862,87.3941
2252,89.2401,88.4345,87.6852,87.3927
2253,89.2387,88.4345,87.6838,87.3913
2254,89.2372,88.4345,87.6824,87.3899
2255,89.2358,88.4345,87.6809,87.3885
2256,89.2344,88.4345,87.6795,87.3870
2257,89.2330,88.4345,87.6780,87.3856
2258,89.2315,88.4345,87.6766,87.3842
2259,89.2301,88.4345,87.6752,87.3828
2260,89.2292,88.4340,87.6743,87.3820
2261,89.2292,88.4326,87.6743,87.3820
2262,89.2292,88.4312,87.6743,87.3820
2263,89.2292,88.4298,87.6743,87.3820
2264,89.2292,88.4283,87.6743,87.3820
2265,89.2292,88.4269,87.6743,87.3820
2266,89.2292,88.4255,87.6743,87.3820
2267,89.2292,88.4241,87.6743,87.3820
2268,89.2292,88.4229,87.6741,87.3818
2269,89.2292,88.4229,87.6727,87.3804
2270,89.2292,88.4229,87.6713,87.3790
2271,89.2292,88.4229,87.6699,87.3776
2272,89.2292,88.4229,87.6685,87.3762
2273,89.2292,88.4229,87.6671,87.3748
2274,89.2292,88.4229,87.6657,87.3734
2275,89.2292,88.4229,87.6643,87.3720
2276,89.2292,88.4229,87.6629,87.3706
2277,89.2292,88.4229,87.6626,87.3703
2278,89.2292,88.4229,87.6626,87.3703
2279,89.2292,88.4229,87.6626,87.3703
2280,89.2292,88.4229,87.6626,87.3703
2281,89.2292,88.4229,87.6626,87.3703
2282,89.2292,88.4229,87.6626,87.3703
2283,89.2292,88.4229,87.6626,87.3703
2284,89.2292,88.4229,87.6626,87.3703
2285,89.2292,88.4221,87.6619,87.3696
2286,89.2292,88.4207,87.6605,87.3682
2287,89.2292,88.4192,87.6591,87.3668
2288,89.2292,88.4178,87.6577,87.3654
2289,89.2292,88.4164,87.6564,87.3640
2290,89.2292,88.4149,87.6550,87.3627
2291,89.2292,88.4135,87.6536,87.3613
2292,89.2292,88.4120,87.6522,87.3599
2293,89.2292,88.4108,87.6508,87.3585
2294,89.2292,88.4108,87.6494,87.3571
2295,89.2292,88.4108,87.6480,87.3557
2296,89.2292,88.4108,87.6465,87.3543
2297,89.2292,88.4108,87.6451,87.3529
2298,89.2292,88.4108,87.6437,87.3515
2299,89.2292,88.4108,87.6423,87.3501
2300,89.2292,88.4108,87.6408,87.3487
2301,89.2292,88.4108,87.6394,87.3472
2302,89.2280,88.4108,87.6392,87.3470
2303,89.2266,88.4108,87.6392,87.3470
2304,89.2252,88.4108,87.6392,87.3470
2305,89.2238,88.4108,87.6392,87.3470
2306,89.2224,88.4108,87.6392,87.3470
2307,89.2210,88.4108,87.6392,87.3470
2308,89.2196,88.4108,87.6392,87.3470
2309,89.2182,88.4108,87.6392,87.3470
2310,89.2176,88.4100,87.6384,87.3462
2311,89.2176,88.4086,87.6370,87.3448
2312,89.2176,88.4072,87.6356,87.3434
2313,89.2176,88.4058,87.6342,87.3420
2314,89.2176,88.4044,87.6328,87.3406
2315,89.2176,88.4030,87.6314,87.3391
2316,89.2176,88.4016,87.6300,87.3377
2317,89.2176,88.4002,87.6286,87.3363
2318,89.2176,88.3992,87.6276,87.3349
2319,89.2176,88.3992,87.6276,87.3335
2320,89.2176,88.3992,87.6276,87.3321
2321,89.2176,88.3992,87.6276,87.3307
2322,89.2176,88.3992,87.6276,87.3292
2323,89.2176,88.3992,87.6276,87.3278
2324,89.2176,88.3992,87.6276,87.3264
2325,89.2176,88.3992,87.6276,87.3250
2326,89.2176,88.3992,87.6276,87.3236
2327,89.2176,88.3992,87.6262,87.3236
2328,89.2176,88.3992,87.6249,87.3236
2329,89.2176,88.3992,87.6235,87.3236
2330,89.2176,88.3992,87.6222,87.3236
2331,89.2176,88.3992,87.6208,87.3236
2332,89.2176,88.3992,87.6194,87.3236
2333,89.2176,88.3992,87.6181,87.3236
2334,89.2176,88.3992,87.6167,87.3236
2335,89.2176,88.3986,87.6159,87.3230
2336,89.2176,88.3972,87.6159,87.3216
2337,89.2176,88.3958,87.6159,87.3202
2338,89.2176,88.3944,87.6159,87.3188
2339,89.2176,88.3930,87.6159,87.3174
2340,89.2176,88.3916,87.6159,87.3160
2341,89.2176,88.3902,87.6159,87.3146
2342,89.2176,88.3888,87.6159,87.3132
2343,89.2176,88.3875,87.6158,87.3120
2344,89.2176,88.3875,87.6144,87.3120
2345,89.2176,88.3875,87.6129,87.3120
2346,89.2176,88.3875,87.6115,87.3120
2347,89.2176,88.3875,87.6101,87.3120
2348,89.2176,88.3875,87.6087,87.3120
2349,89.2176,88.3875,87.6073,87.3120
2350,89.2176,88.3875,87.6059,87.3120
2351,89.2176,88.3875,87.6045,87.3120
2352,89.2164,88.3863,87.6043,87.3108
2353,89.2150,88.3849,87.6043,87.3094
2354,89.2136,88.3835,87.6043,87.3080
2355,89.2122,88.3821,87.6043,87.3066
2356,89.2108,88.3806,87.6043,87.3052
2357,89.2094,88.3792,87.6043,87.3038
2358,89.2080,88.3778,87.6043,87.3024
2359,89.2066,88.3764,87.6043,87.3010
2360,89.2060,88.3757,87.6035,87.2996
2361,89.2060,88.3757,87.6021,87.2982
2362,89.2060,88.3757,87.6007,87.2968
2363,89.2060,88.3757,87.5993,87.2953
2364,89.2060,88.3757,87.5979,87.2939
2365,89.2060,88.3757,87.5965,87.2925
2366,89.2060,88.3757,87.5951,87.2911
2367,89.2060,88.3757,87.5937,87.2897
2368,89.2060,88.3757,87.5923,87.2887
2369,89.2060,88.3757,87.5909,87.2887
2370,89.2060,88.3757,87.5895,87.2887
2371,89.2060,88.3757,87.5881,87.2887
2372,89.2060,88.3757,87.5867,87.2887
2373,89.2060,88.3757,87.5853,87.2887
2374,89.2060,88.3757,87.5839,87.2887
2375,89.2060,88.3757,87.5826,87.2887
2376,89.2060,88.3757,87.5812,87.2887
2377,89.2060,88.3745,87.5810,87.2875
2378,89.2060,88.3731,87.5810,87.2861
2379,89.2060,88.3717,87.5810,87.2847
2380,89.2060,88.3703,87.5810,87.2832
2381,89.2060,88.3689,87.5810,87.2818
2382,89.2060,88.3675,87.5810,87.2804
2383,89.2060,88.3661,87.5810,87.2790
2384,89.2060,88.3647,87.5810,87.2776
2385,89.2060,88.3641,87.5802,87.2762
2386,89.2060,88.3641,87.5787,87.2748
2387,89.2060,88.3641,87.5773,87.2734
2388,89.2060,88.3641,87.5759,87.2720
2389,89.2060,88.3641,87.5745,87.2706
2390,89.2060,88.3641,87.5731,87.2692
2391,89.2060,88.3641,87.5716,87.2678
2392,89.2060,88.3641,87.5702,87.2664
2393,89.2060,88.3641,87.5692,87.2654
2394,89.2060,88.3641,87.5692,87.2654
2395,89.2060,88.3641,87.5692,87.2654
2396,89.2060,88.3641,87.5692,87.2654
2397,89.2060,88.3641,87.5692,87.2654
2398,89.2060,88.3641,87.5692,87.2654
2399,89.2060,88.3641,87.5692,87.2654
2400,89.2060,88.3641,87.5692,87.2654
2401,89.2059,88.3641,87.5692,87.2654
2402,89.2045,88.3627,87.5678,87.2640
2403,89.2031,88.3613,87.5664,87.2625
2404,89.2017,88.3599,87.5650,87.2611
2405,89.2003,88.3585,87.5636,87.2597
2406,89.1989,88.3571,87.5622,87.2583
2407,89.1975,88.3556,87.5608,87.2569
2408,89.1961,88.3542,87.5594,87.2554
2409,89.1947,88.3528,87.5580,87.2540
2410,89.1943,88.3524,87.5576,87.2536
2411,89.1943,88.3524,87.5576,87.2536
2412,89.1943,88.3524,87.5576,87.2536
2413,89.1943,88.3524,87.5576,87.2536
2414,89.1943,88.3524,87.5576,87.2536
2415,89.1943,88.3524,87.5576,87.2536
2416,89.1943,88.3524,87.5576,87.2536
2417,89.1943,88.3524,87.5576,87.2536
2418,89.1943,88.3524,87.5570,87.2530
2419,89.1943,88.3524,87.5556,87.2516
2420,89.1943,88.3524,87.5541,87.2501
2421,89.1943,88.3524,87.5527,87.2487
2422,89.1943,88.3524,87.5513,87.2472
2423,89.1943,88.3524,87.5499,87.2458
2424,89.1943,88.3524,87.5485,87.2444
2425,89.1943,88.3524,87.5471,87.2429
2426,89.1943,88.3522,87.5459,87.2415
2427,89.1943,88.3509,87.5459,87.2401
2428,89.1943,88.3495,87.5459,87.2387
2429,89.1943,88.3481,87.5459,87.2373
2430,89.1943,88.3467,87.5459,87.2359
2431,89.1943,88.3453,87.5459,87.2345
2432,89.1943,88.3439,87.5459,87.2332
2433,89.1943,88.3425,87.5459,87.2318
2434,89.1943,88.3411,87.5459,87.2304
2435,89.1943,88.3408,87.5448,87.2301
2436,89.1943,88.3408,87.5434,87.2301
2437,89.1943,88.3408,87.5420,87.2301
2438,89.1943,88.3408,87.5405,87.2301
2439,89.1943,88.3408,87.5391,87.2301
2440,89.1943,88.3408,87.5376,87.2301
2441,89.1943,88.3408,87.5362,87.2301
2442,89.1943,88.3408,87.5348,87.2301
2443,89.1943,88.3408,87.5340,87.2294
2444,89.1943,88.3408,87.5340,87.2280
2445,89.1943,88.3408,87.5340,87.2265
2446,89.1943,88.3408,87.5340,87.2251
2447,89.1943,88.3408,87.5340,87.2237
2448,89.1943,88.3408,87.5340,87.2223
2449,89.1943,88.3408,87.5340,87.2208
2450,89.1943,88.3408,87.5340,87.2194
2451,89.1940,88.3405,87.5337,87.2183
2452,89.1926,88.3391,87.5323,87.2183
2453,89.1912,88.3377,87.5309,87.2183
2454,89.1898,88.3363,87.5295,87.2183
2455,89.1884,88.3349,87.5281,87.2183
2456,89.1870,88.3335,87.5266,87.2183
2457,89.1856,88.3321,87.5252,87.2183
2458,89.1842,88.3307,87.5238,87.2183
2459,89.1828,88.3293,87.5224,87.2183
2460,89.1827,88.3292,87.5222,87.2170
2461,89.1827,88.3292,87.5222,87.2156
2462,89.1827,88.3292,87.5222,87.2142
2463,89.1827,88.3292,87.5222,87.2128
2464,89.1827,88.3292,87.5222,87.2114
2465,89.1827,88.3292,87.5222,87.2100
2466,89.1827,88.3292,87.5222,87.2086
2467,89.1827,88.3292,87.5222,87.2072
2468,89.1827,88.3292,87.5214,87.2058
2469,89.1827,88.3292,87.5200,87.2044
2470,89.1827,88.3292,87.5187,87.2031
2471,89.1827,88.3292,87.5173,87.2017
2472,89.1827,88.3292,87.5160,87.2004
2473,89.1827,88.3292,87.5146,87.1990
2474,89.1827,88.3292,87.5133,87.1977
2475,89.1827,88.3292,87.5119,87.1963
2476,89.1827,88.3291,87.5106,87.1950
2477,89.1827,88.3277,87.5106,87.1950
2478,89.1827,88.3263,87.5106,87.1950
2479,89.1827,88.3249,87.5106,87.1950
2480,89.1827,88.3235,87.5106,87.1950
2481,89.1827,88.3221,87.5106,87.1950
2482,89.1827,88.3207,87.5106,87.1950
2483,89.1827,88.3193,87.5106,87.1950
2484,89.1827,88.3179,87.5106,87.1950
2485,89.1827,88.3175,87.5095,87.1939
2486,89.1827,88.3175,87.5081,87.1925
2487,89.1827,88.3175,87.5067,87.1911
2488,89.1827,88.3175,87.5053,87.1897
2489,89.1827,88.3175,87.5039,87.1883
2490,89.1827,88.3175,87.5025,87.1869
2491,89.1827,88.3175,87.5011,87.1855
2492,89.1827,88.3175,87.4997,87.1841
2493,89.1827,88.3175,87.4983,87.1833
2494,89.1827,88.3175,87.4969,87.1833
2495,89.1827,88.3175,87.4955,87.1833
2496,89.1827,88.3175,87.4941,87.1833
2497,89.1827,88.3175,87.4927,87.1833
2498,89.1827,88.3175,87.4913,87.1833
2499,89.1827,88.3175,87.4899,87.1833
2500,89.1827,88.3175,87.4885,87.1833
2501,89.1827,88.3173,87.4873,87.1831
2502,89.1827,88.3159,87.4873,87.1817
2503,89.1827,88.3145,87.4873,87.1803
2504,89.1827,88.3131,87.4873,87.1789
2505,89.1827,88.3117,87.4873,87.1776
2506,89.1827,88.3103,87.4873,87.1762
2507,89.1827,88.3089,87.4873,87.1748
2508,89.1827,88.3076,87.4873,87.1734
2509,89.1827,88.3062,87.4873,87.1720
2510,89.1816,88.3059,87.4862,87.1706
2511,89.1802,88.3059,87.4848,87.1692
2512,89.1788,88.3059,87.4834,87.1678
2513,89.1773,88.3059,87.4820,87.1664
2514,89.1759,88.3059,87.4806,87.1650
2515,89.1745,88.3059,87.4792,87.1636
2516,89.1731,88.3059,87.4778,87.1622
2517,89.1717,88.3059,87.4764,87.1608
2518,89.1710,88.3059,87.4757,87.1601
2519,89.1710,88.3059,87.4757,87.1601
2520,89.1710,88.3059,87.4757,87.1601
2521,89.1710,88.3059,87.4757,87.1601
2522,89.1710,88.3059,87.4757,87.1601
2523,89.1710,88.3059,87.4757,87.1601
2524,89.1710,88.3059,87.4757,87.1601
2525,89.1710,88.3059,87.4757,87.1601
2526,89.1710,88.3056,87.4754,87.1598
2527,89.1710,88.3042,87.4740,87.1584
2528,89.1710,88.3027,87.4725,87.1570
2529,89.1710,88.3013,87.4711,87.1555
2530,89.1710,88.2999,87.4697,87.1541
2531,89.1710,88.2985,87.4683,87.1527
2532,89.1710,88.2970,87.4669,87.1513
2533,89.1710,88.2956,87.4655,87.1499
2534,89.1710,88.2942,87.4641,87.1485
2535,89.1710,88.2941,87.4640,87.1484
2536,89.1710,88.2941,87.4640,87.1484
2537,89.1710,88.2941,87.4640,87.1484
2538,89.1710,88.2941,87.4640,87.1484
2539,89.1710,88.2941,87.4640,87.1484
2540,89.1710,88.2941,87.4640,87.1484
2541,89.1710,88.2941,87.4640,87.1484
2542,89.1710,88.2941,87.4640,87.1484
2543,89.1710,88.2941,87.4631,87.1475
2544,89.1710,88.2941,87.4617,87.1461
2545,89.1710,88.2941,87.4603,87.1447
2546,89.1710,88.2941,87.4588,87.1432
2547,89.1710,88.2941,87.4574,87.1418
2548,89.1710,88.2941,87.4560,87.1404
2549,89.1710,88.2941,87.4546,87.1390
2550,89.1710,88.2941,87.4532,87.1376
2551,89.1710,88.2936,87.4522,87.1361
2552,89.1710,88.2922,87.4522,87.1347
2553,89.1710,88.2908,87.4522,87.1333
2554,89.1710,88.2894,87.4522,87.1319
2555,89.1710,88.2880,87.4522,87.1305
2556,89.1710,88.2866,87.4522,87.1291
2557,89.1710,88.2852,87.4522,87.1277
2558,89.1710,88.2838,87.4522,87.1263
2559,89.1709,88.2825,87.4521,87.1250
2560,89.1695,88.2825,87.4508,87.1250
2561,89.1682,88.2825,87.4494,87.1250
2562,89.1668,88.2825,87.4480,87.1250
2563,89.1654,88.2825,87.4466,87.1250
2564,89.1640,88.2825,87.4452,87.1250
2565,89.1626,88.2825,87.4438,87.1250
2566,89.1612,88.2825,87.4424,87.1250
2567,89.1598,88.2825,87.4410,87.1250
2568,89.1594,88.2825,87.4406,87.1240
2569,89.1594,88.2825,87.4406,87.1226
2570,89.1594,88.2825,87.4406,87.1212
2571,89.1594,88.2825,87.4406,87.1198
2572,89.1594,88.2825,87.4406,87.1184
2573,89.1594,88.2825,87.4406,87.1170
2574,89.1594,88.2825,87.4406,87.1156
2575,89.1594,88.2825,87.4406,87.1142
2576,89.1594,88.2819,87.4400,87.1134
2577,89.1594,88.2805,87.4386,87.1134
2578,89.1594,88.2791,87.4372,87.1134
2579,89.1594,88.2777,87.4358,87.1134
2580,89.1594,88.2763,87.4344,87.1134
2581,89.1594,88.2749,87.4330,87.1134
2582,89.1594,88.2735,87.4316,87.1134
2583,89.1594,88.2721,87.4302,87.1134
2584,89.1594,88.2708,87.4289,87.1132
2585,89.1594,88.2708,87.4289,87.1117
2586,89.1594,88.2708,87.4289,87.1103
2587,89.1594,88.2708,87.4289,87.1088
2588,89.1594,88.2708,87.4289,87.1074
2589,89.1594,88.2708,87.4289,87.1059
2590,89.1594,88.2708,87.4289,87.1045
2591,89.1594,88.2708,87.4289,87.1030
2592,89.1594,88.2708,87.4289,87.1016
2593,89.1594,88.2696,87.4278,87.1001
2594,89.1594,88.2682,87.4264,87.0987
2595,89.1594,88.2667,87.4250,87.0973
2596,89.1594,88.2653,87.4236,87.0959
2597,89.1594,88.2638,87.4222,87.0945
2598,89.1594,88.2623,87.4208,87.0931
2599,89.1594,88.2609,87.4194,87.0917
2600,89.1594,88.2594,87.4180,87.0903
2601,89.1594,88.2588,87.4173,87.0896
2602,89.1594,88.2588,87.4173,87.0896
2603,89.1594,88.2588,87.4173,87.0896
2604,89.1594,88.2588,87.4173,87.0896
2605,89.1594,88.2588,87.4173,87.0896
2606,89.1594,88.2588,87.4173,87.0896
2607,89.1594,88.2588,87.4173,87.0896
2608,89.1594,88.2588,87.4173,87.0896
2609,89.1594,88.2588,87.4173,87.0896
2610,89.1580,88.2588,87.4160,87.0883
2611,89.1566,88.2588,87.4146,87.0869
2612,89.1552,88.2588,87.4132,87.0855
2613,89.1538,88.2588,87.4118,87.0841
2614,89.1523,88.2588,87.4104,87.0827
2615,89.1509,88.2588,87.4089,87.0813
2616,89.1495,88.2588,87.4075,87.0799
2617,89.1481,88.2588,87.4061,87.0785
2618,89.1476,88.2578,87.4057,87.0780
2619,89.1476,88.2564,87.4057,87.0780
2620,89.1476,88.2550,87.4057,87.0780
2621,89.1476,88.2536,87.4057,87.0780
2622,89.1476,88.2522,87.4057,87.0780
2623,89.1476,88.2508,87.4057,87.0780
2624,89.1476,88.2494,87.4057,87.0780
2625,89.1476,88.2480,87.4057,87.0780
2626,89.1476,88.2471,87.4051,87.0775
2627,89.1476,88.2471,87.4037,87.0761
2628,89.1476,88.2471,87.4022,87.0747
2629,89.1476,88.2471,87.4007,87.0733
2630,89.1476,88.2471,87.3993,87.0719
2631,89.1476,88.2471,87.3978,87.0705
2632,89.1476,88.2471,87.3964,87.0691
2633,89.1476,88.2471,87.3949,87.0676
2634,89.1476,88.2471,87.3936,87.0662
2635,89.1476,88.2471,87.3936,87.0648
2636,89.1476,88.2471,87.3936,87.0634
2637,89.1476,88.2471,87.3936,87.0620
2638,89.1476,88.2471,87.3936,87.0606
2639,89.1476,88.2471,87.3936,87.0592
2640,89.1476,88.2471,87.3936,87.0578
2641,89.1476,88.2471,87.3936,87.0564
2642,89.1476,88.2471,87.3936,87.0550
2643,89.1476,88.2460,87.3925,87.0547
2644,89.1476,88.2446,87.3911,87.0547
2645,89.1476,88.2432,87.3897,87.0547
2646,89.1476,88.2418,87.3883,87.0547
2647,89.1476,88.2404,87.3869,87.0547
2648,89.1476,88.2391,87.3855,87.0547
2649,89.1476,88.2377,87.3842,87.0547
2650,89.1476,88.2363,87.3828,87.0547
2651,89.1476,88.2355,87.3820,87.0541
2652,89.1476,88.2355,87.3820,87.0527
2653,89.1476,88.2355,87.3820,87.0513
2654,89.1476,88.2355,87.3820,87.0499
2655,89.1476,88.2355,87.3820,87.0485
2656,89.1476,88.2355,87.3820,87.0471
2657,89.1476,88.2355,87.3820,87.0457
2658,89.1476,88.2355,87.3820,87.0443
2659,89.1476,88.2355,87.3818,87.0431
2660,89.1476,88.2355,87.3804,87.0431
2661,89.1476,88.2355,87.3790,87.0431
2662,89.1476,88.2355,87.3776,87.0431
2663,89.1476,88.2355,87.3762,87.0431
2664,89.1476,88.2355,87.3748,87.0431
2665,89.1476,88.2355,87.3733,87.0431
2666,89.1476,88.2355,87.3719,87.0431
2667,89.1476,88.2355,87.3705,87.0431
2668,89.1464,88.2343,87.3691,87.0419
2669,89.1450,88.2329,87.3677,87.0405
2670,89.1435,88.2315,87.3663,87.0391
2671,89.1421,88.2301,87.3649,87.0377
2672,89.1406,88.2287,87.3635,87.0363
2673,89.1392,88.2273,87.3621,87.0349
2674,89.1378,88.2259,87.3607,87.0335
2675,89.1363,88.2244,87.3593,87.0321
2676,89.1357,88.2238,87.3587,87.0306
2677,89.1357,88.2238,87.3587,87.0292
2678,89.1357,88.2238,87.3587,87.0278
2679,89.1357,88.2238,87.3587,87.0264
2680,89.1357,88.2238,87.3587,87.0250
2681,89.1357,88.2238,87.3587,87.0235
2682,89.1357,88.2238,87.3587,87.0221
2683,89.1357,88.2238,87.3587,87.0207
2684,89.1357,88.2238,87.3583,87.0197
2685,89.1357,88.2238,87.3569,87.0197
2686,89.1357,88.2238,87.3555,87.0197
2687,89.1357,88.2238,87.3541,87.0197
2688,89.1357,88.2238,87.3527,87.0197
2689,89.1357,88.2238,87.3513,87.0197
2690,89.1357,88.2238,87.3499,87.0197
2691,89.1357,88.2238,87.3485,87.0197
2692,89.1357,88.2238,87.3471,87.0197
2693,89.1357,88.2238,87.3470,87.0183
2694,89.1357,88.2238,87.3470,87.0169
2695,89.1357,88.2238,87.3470,87.0155
2696,89.1357,88.2238,87.3470,87.0141
2697,89.1357,88.2238,87.3470,87.0127
2698,89.1357,88.2238,87.3470,87.0114
2699,89.1357,88.2238,87.3470,87.0100
2700,89.1357,88.2238,87.3470,87.0086
2701,89.1357,88.2230,87.3462,87.0080
2702,89.1357,88.2216,87.3448,87.0080
2703,89.1357,88.2202,87.3433,87.0080
2704,89.1357,88.2188,87.3419,87.0080
2705,89.1357,88.2174,87.3405,87.0080
2706,89.1357,88.2160,87.3391,87.0080
2707,89.1357,88.2146,87.3377,87.0080
2708,89.1357,88.2132,87.3362,87.0080
2709,89.1357,88.2122,87.3353,87.0076
2710,89.1357,88.2122,87.3353,87.0062
2711,89.1357,88.2122,87.3353,87.0048
2712,89.1357,88.2122,87.3353,87.0034
2713,89.1357,88.2122,87.3353,87.0020
2714,89.1357,88.2122,87.3353,87.0006
2715,89.1357,88.2122,87.3353,86.9991
2716,89.1357,88.2122,87.3353,86.9977
2717,89.1357,88.2122,87.3352,86.9964
2718,89.1342,88.2122,87.3338,86.9964
2719,89.1328,88.2122,87.3324,86.9964
2720,89.1314,88.2122,87.3310,86.9964
2721,89.1300,88.2122,87.3296,86.9964
2722,89.1286,88.2122,87.3282,86.9964
2723,89.1272,88.2122,87.3268,86.9964
2724,89.1258,88.2122,87.3254,86.9964
2725,89.1244,88.2122,87.3240,86.9964
2726,89.1240,88.2111,87.3236,86.9953
2727,89.1240,88.2097,87.3236,86.9939
2728,89.1240,88.2083,87.3236,86.9925
2729,89.1240,88.2069,87.3236,86.9911
2730,89.1240,88.2055,87.3236,86.9897
2731,89.1240,88.2041,87.3236,86.9883
2732,89.1240,88.2027,87.3236,86.9869
2733,89.1240,88.2013,87.3236,86.9855
2734,89.1240,88.2005,87.3230,86.9841
2735,89.1240,88.2005,87.3216,86.9827
2736,89.1240,88.2005,87.3202,86.9813
2737,89.1240,88.2005,87.3188,86.9799
2738,89.1240,88.2005,87.3174,86.9785
2739,89.1240,88.2005,87.3160,86.9771
2740,89.1240,88.2005,87.3145,86.9757
2741,89.1240,88.2005,87.3131,86.9743
2742,89.1240,88.2005,87.3120,86.9731
2743,89.1240,88.2005,87.3120,86.9731
2744,89.1240,88.2005,87.3120,86.9731
2745,89.1240,88.2005,87.3120,86.9731
2746,89.1240,88.2005,87.3120,86.9731
2747,89.1240,88.2005,87.3120,86.9731
2748,89.1240,88.2005,87.3120,86.9731
2749,89.1240,88.2005,87.3120,86.9731
2750,89.1240,88.2005,87.3120,86.9731
2751,89.1240,88.1997,87.3112,86.9723
2752,89.1240,88.1983,87.3097,86.9709
2753,89.1240,88.1969,87.3083,86.9695
2754,89.1240,88.1955,87.3069,86.9681
2755,89.1240,88.1941,87.3055,86.9667
2756,89.1240,88.1927,87.3041,86.9652
2757,89.1240,88.1913,87.3027,86.9638
2758,89.1240,88.1899,87.3013,86.9624
2759,89.1240,88.1889,87.3003,86.9614
2760,89.1240,88.1889,87.3003,86.9614
2761,89.1240,88.1889,87.3003,86.9614
2762,89.1240,88.1889,87.3003,86.9614
2763,89.1240,88.1889,87.3003,86.9614
2764,89.1240,88.1889,87.3003,86.9614
2765,89.1240,88.1889,87.3003,86.9614
2766,89.1240,88.1889,87.3003,86.9614
2767,89.1240,88.1889,87.3003,86.9614
2768,89.1240,88.1889,87.2989,86.9600
2769,89.1240,88.1889,87.2975,86.9585
2770,89.1240,88.1889,87.2961,86.9571
2771,89.1240,88.1889,87.2947,86.9556
2772,89.1240,88.1889,87.2933,86.9542
2773,89.1240,88.1889,87.2919,86.9527
2774,89.1240,88.1889,87.2905,86.9513
2775,89.1240,88.1889,87.2891,86.9498
2776,89.1230,88.1879,87.2887,86.9484
2777,89.1216,88.1865,87.2887,86.9470
2778,89.1202,88.1851,87.2887,86.9456
2779,89.1188,88.1837,87.2887,86.9442
2780,89.1174,88.1823,87.2887,86.9428
2781,89.1160,88.1809,87.2887,86.9414
2782,89.1146,88.1795,87.2887,86.9401
2783,89.1132,88.1781,87.2887,86.9387
2784,89.1123,88.1771,87.2882,86.9377
2785,89.1123,88.1771,87.2868,86.9377
2786,89.1123,88.1771,87.2854,86.9377
2787,89.1123,88.1771,87.2840,86.9377
2788,89.1123,88.1771,87.2826,86.9377
2789,89.1123,88.1771,87.2812,86.9377
2790,89.1123,88.1771,87.2798,86.9377
2791,89.1123,88.1771,87.2784,86.9377
2792,89.1123,88.1771,87.2770,86.9377
2793,89.1123,88.1771,87.2770,86.9363
2794,89.1123,88.1771,87.2770,86.9349
2795,89.1123,88.1771,87.2770,86.9335
2796,89.1123,88.1771,87.2770,86.9321
2797,89.1123,88.1771,87.2770,86.9307
2798,89.1123,88.1771,87.2770,86.9292
2799,89.1123,88.1771,87.2770,86.9278
2800,89.1123,88.1771,87.2770,86.9264
2801,89.1123,88.1760,87.2760,86.9261
2802,89.1123,88.1746,87.2746,86.9261
2803,89.1123,88.1732,87.2732,86.9261
2804,89.1123,88.1718,87.2718,86.9261
2805,89.1123,88.1704,87.2704,86.9261
2806,89.1123,88.1690,87.2689,86.9261
2807,89.1123,88.1676,87.2675,86.9261
2808,89.1123,88.1662,87.2661,86.9261
2809,89.1123,88.1655,87.2654,86.9254
2810,89.1123,88.1655,87.2654,86.9240
2811,89.1123,88.1655,87.2654,86.9226
2812,89.1123,88.1655,87.2654,86.9212
2813,89.1123,88.1655,87.2654,86.9197
2814,89.1123,88.1655,87.2654,86.9183
2815,89.1123,88.1655,87.2654,86.9169
2816,89.1123,88.1655,87.2654,86.9155
2817,89.1123,88.1655,87.2651,86.9143
2818,89.1123,88.1655,87.2637,86.9143
2819,89.1123,88.1655,87.2623,86.9143
2820,89.1123,88.1655,87.2609,86.9143
2821,89.1123,88.1655,87.2594,86.9143
2822,89.1123,88.1655,87.2580,86.9143
2823,89.1123,88.1655,87.2566,86.9143
2824,89.1123,88.1655,87.2552,86.9143
2825,89.1123,88.1655,87.2538,86.9143
2826,89.1123,88.1642,87.2536,86.9131
2827,89.1123,88.1628,87.2536,86.9117
2828,89.1123,88.1614,87.2536,86.9102
2829,89.1123,88.1600,87.2536,86.9088
2830,89.1123,88.1586,87.2536,86.9074
2831,89.1123,88.1572,87.2536,86.9060
2832,89.1123,88.1558,87.2536,86.9046
2833,89.1123,88.1544,87.2536,86.9032
2834,89.1114,88.1538,87.2527,86.9018
2835,89.1100,88.1538,87.2513,86.9004
2836,89.1086,88.1538,87.2499,86.8990
2837,89.1072,88.1538,87.2485,86.8977
2838,89.1059,88.1538,87.2471,86.8963
2839,89.1045,88.1538,87.2456,86.8949
2840,89.1031,88.1538,87.2442,86.8935
2841,89.1017,88.1538,87.2428,86.8921
2842,89.1006,88.1538,87.2417,86.8910
2843,89.1006,88.1538,87.2417,86.8910
2844,89.1006,88.1538,87.2417,86.8910
2845,89.1006,88.1538,87.2417,86.8910
2846,89.1006,88.1538,87.2417,86.8910
2847,89.1006,88.1538,87.2417,86.8910
2848,89.1006,88.1538,87.2417,86.8910
2849,89.1006,88.1538,87.2417,86.8910
2850,89.1006,88.1538,87.2417,86.8910
2851,89.1006,88.1525,87.2404,86.8897
2852,89.1006,88.1511,87.2390,86.8883
2853,89.1006,88.1497,87.2376,86.8869
2854,89.1006,88.1483,87.2362,86.8855
2855,89.1006,88.1469,87.2348,86.8841
2856,89.1006,88.1455,87.2334,86.8827
2857,89.1006,88.1441,87.2319,86.8813
2858,89.1006,88.1427,87.2305,86.8799
2859,89.1006,88.1422,87.2301,86.8794
2860,89.1006,88.1422,87.2301,86.8794
2861,89.1006,88.1422,87.2301,86.8794
2862,89.1006,88.1422,87.2301,86.8794
2863,89.1006,88.1422,87.2301,86.8794
2864,89.1006,88.1422,87.2301,86.8794
2865,89.1006,88.1422,87.2301,86.8794
2866,89.1006,88.1422,87.2301,86.8794
2867,89.1006,88.1422,87.2295,86.8789
2868,89.1006,88.1422,87.2281,86.8775
2869,89.1006,88.1422,87.2267,86.8761
2870,89.1006,88.1422,87.2253,86.8747
2871,89.1006,88.1422,87.2238,86.8733
2872,89.1006,88.1422,87.2224,86.8719
2873,89.1006,88.1422,87.2210,86.8704
2874,89.1006,88.1422,87.2196,86.8690
2875,89.1006,88.1421,87.2183,86.8677
2876,89.1006,88.1407,87.2183,86.8677
2877,89.1006,88.1394,87.2183,86.8677
2878,89.1006,88.1380,87.2183,86.8677
2879,89.1006,88.1367,87.2183,86.8677
2880,89.1006,88.1353,87.2183,86.8677
2881,89.1006,88.1339,87.2183,86.8677
2882,89.1006,88.1326,87.2183,86.8677
2883,89.1006,88.1312,87.2183,86.8677
2884,89.1006,88.1305,87.2176,86.8671
2885,89.1006,88.1305,87.2162,86.8656
2886,89.1006,88.1305,87.2148,86.8642
2887,89.1006,88.1305,87.2134,86.8628
2888,89.1006,88.1305,87.2120,86.8614
2889,89.1006,88.1305,87.2106,86.8600
2890,89.1006,88.1305,87.2091,86.8586
2891,89.1006,88.1305,87.2077,86.8572
2892,89.1003,88.1305,87.2066,86.8561
2893,89.0989,88.1305,87.2066,86.8561
2894,89.0975,88.1305,87.2066,86.8561
2895,89.0961,88.1305,87.2066,86.8561
2896,89.0947,88.1305,87.2066,86.8561
2897,89.0933,88.1305,87.2066,86.8561
2898,89.0919,88.1305,87.2066,86.8561
2899,89.0905,88.1305,87.2066,86.8561
2900,89.0891,88.1305,87.2066,86.8561
2901,89.0890,88.1305,87.2053,86.8548
2902,89.0890,88.1305,87.2039,86.8534
2903,89.0890,88.1305,87.2025,86.8520
2904,89.0890,88.1305,87.2011,86.8506
2905,89.0890,88.1305,87.1997,86.8492
2906,89.0890,88.1305,87.1983,86.8477
2907,89.0890,88.1305,87.1969,86.8463
2908,89.0890,88.1305,87.1955,86.8449
2909,89.0890,88.1296,87.1950,86.8435
2910,89.0890,88.1282,87.1950,86.8421
2911,89.0890,88.1267,87.1950,86.8407
2912,89.0890,88.1253,87.1950,86.8393
2913,89.0890,88.1238,87.1950,86.8379
2914,89.0890,88.1223,87.1950,86.8365
2915,89.0890,88.1209,87.1950,86.8351
2916,89.0890,88.1194,87.1950,86.8337
2917,89.0890,88.1185,87.1945,86.8327
2918,89.0890,88.1185,87.1931,86.8327
2919,89.0890,88.1185,87.1917,86.8327
2920,89.0890,88.1185,87.1903,86.8327
2921,89.0890,88.1185,87.1889,86.8327
2922,89.0890,88.1185,87.1876,86.8327
2923,89.0890,88.1185,87.1862,86.8327
2924,89.0890,88.1185,87.1848,86.8327
2925,89.0890,88.1185,87.1834,86.8327
2926,89.0890,88.1185,87.1833,86.8314
2927,89.0890,88.1185,87.1833,86.8300
2928,89.0890,88.1185,87.1833,86.8286
2929,89.0890,88.1185,87.1833,86.8272
2930,89.0890,88.1185,87.1833,86.8258
2931,89.0890,88.1185,87.1833,86.8244
2932,89.0890,88.1185,87.1833,86.8229
2933,89.0890,88.1185,87.1833,86.8215
2934,89.0890,88.1175,87.1824,86.8211
2935,89.0890,88.1161,87.1810,86.8211
2936,89.0890,88.1147,87.1796,86.8211
2937,89.0890,88.1133,87.1782,86.8211
2938,89.0890,88.1119,87.1768,86.8211
2939,89.0890,88.1105,87.1754,86.8211
2940,89.0890,88.1091,87.1740,86.8211
2941,89.0890,88.1077,87.1726,86.8211
2942,89.0890,88.1068,87.1717,86.8205
2943,89.0890,88.1068,87.1717,86.8191
2944,89.0890,88.1068,87.1717,86.8176
2945,89.0890,88.1068,87.1717,86.8162
2946,89.0890,88.1068,87.1717,86.8147
2947,89.0890,88.1068,87.1717,86.8133
2948,89.0890,88.1068,87.1717,86.8118
2949,89.0890,88.1068,87.1717,86.8104
2950,89.0888,88.1068,87.1716,86.8091
2951,89.0874,88.1068,87.1702,86.8091
2952,89.0860,88.1068,87.1687,86.8091
2953,89.0846,88.1068,87.1673,86.8091
2954,89.0832,88.1068,87.1659,86.8091
2955,89.0818,88.1068,87.1645,86.8091
2956,89.0804,88.1068,87.1631,86.8091
2957,89.0790,88.1068,87.1617,86.8091
2958,89.0776,88.1068,87.1603,86.8091
2959,89.0773,88.1057,87.1601,86.8079
2960,89.0773,88.1043,87.1601,86.8065
2961,89.0773,88.1029,87.1601,86.8051
2962,89.0773,88.1015,87.1601,86.8037
2963,89.0773,88.1001,87.1601,86.8023
2964,89.0773,88.0987,87.1601,86.8009
2965,89.0773,88.0973,87.1601,86.7995
2966,89.0773,88.0959,87.1601,86.7981
2967,89.0773,88.0952,87.1601,86.7974
2968,89.0773,88.0952,87.1601,86.7974
2969,89.0773,88.0952,87.1601,86.7974
2970,89.0773,88.0952,87.1601,86.7974
2971,89.0773,88.0952,87.1601,86.7974
2972,89.0773,88.0952,87.1601,86.7974
2973,89.0773,88.0952,87.1601,86.7974
2974,89.0773,88.0952,87.1601,86.7974
2975,89.0773,88.0952,87.1599,86.7972
2976,89.0773,88.0952,87.1585,86.7958
2977,89.0773,88.0952,87.1570,86.7944
2978,89.0773,88.0952,87.1556,86.7930
2979,89.0773,88.0952,87.1542,86.7916
2980,89.0773,88.0952,87.1528,86.7902
2981,89.0773,88.0952,87.1514,86.7888
2982,89.0773,88.0952,87.1500,86.7873
2983,89.0773,88.0952,87.1486,86.7859
2984,89.0773,88.0940,87.1484,86.7845
2985,89.0773,88.0926,87.1484,86.7831
2986,89.0773,88.0912,87.1484,86.7817
2987,89.0773,88.0898,87.1484,86.7803
2988,89.0773,88.0884,87.1484,86.7789
2989,89.0773,88.0870,87.1484,86.7775
2990,89.0773,88.0856,87.1484,86.7761
2991,89.0773,88.0842,87.1484,86.7747
2992,89.0773,88.0836,87.1476,86.7741
2993,89.0773,88.0836,87.1462,86.7741
2994,89.0773,88.0836,87.1448,86.7741
2995,89.0773,88.0836,87.1433,86.7741
2996,89.0773,88.0836,87.1419,86.7741
2997,89.0773,88.0836,87.1405,86.7741
2998,89.0773,88.0836,87.1391,86.7741
2999,89.0773,88.0836,87.1377,86.7741
3000,89.0773,88.0836,87.1366,86.7737
3001,89.0773,88.0836,87.1366,86.7723
3002,89.0773,88.0836,87.1366,86.7709
3003,89.0773,88.0836,87.1366,86.7695
3004,89.0773,88.0836,87.1366,86.7681
3005,89.0773,88.0836,87.1366,86.7666
3006,89.0773,88.0836,87.1366,86.7652
3007,89.0773,88.0836,87.1366,86.7638
3008,89.0773,88.0836,87.1366,86.7624
3009,89.0760,88.0822,87.1353,86.7624
3010,89.0746,88.0808,87.1339,86.7624
3011,89.0733,88.0794,87.1326,86.7624
3012,89.0719,88.0781,87.1312,86.7624
3013,89.0706,88.0767,87.1299,86.7624
3014,89.0692,88.0753,87.1285,86.7624
3015,89.0678,88.0740,87.1271,86.7624
3016,89.0665,88.0726,87.1258,86.7624
3017,89.0657,88.0718,87.1250,86.7618
3018,89.0657,88.0718,87.1250,86.7604
3019,89.0657,88.0718,87.1250,86.7590
3020,89.0657,88.0718,87.1250,86.7576
3021,89.0657,88.0718,87.1250,86.7562
3022,89.0657,88.0718,87.1250,86.7548
3023,89.0657,88.0718,87.1250,86.7534
3024,89.0657,88.0718,87.1250,86.7520
3025,89.0657,88.0718,87.1248,86.7508
3026,89.0657,88.0718,87.1234,86.7508
3027,89.0657,88.0718,87.1220,86.7508
3028,89.0657,88.0718,87.1206,86.7508
3029,89.0657,88.0718,87.1192,86.7508
3030,89.0657,88.0718,87.1178,86.7508
3031,89.0657,88.0718,87.1164,86.7508
3032,89.0657,88.0718,87.1150,86.7508
3033,89.0657,88.0718,87.1136,86.7508
3034,89.0657,88.0718,87.1134,86.7496
3035,89.0657,88.0718,87.1134,86.7482
3036,89.0657,88.0718,87.1134,86.7468
3037,89.0657,88.0718,87.1134,86.7453
3038,89.0657,88.0718,87.1134,86.7439
3039,89.0657,88.0718,87.1134,86.7425
3040,89.0657,88.0718,87.1134,86.7411
3041,89.0657,88.0718,87.1134,86.7397
3042,89.0657,88.0710,87.1125,86.7391
3043,89.0657,88.0696,87.1111,86.7391
3044,89.0657,88.0682,87.1096,86.7391
3045,89.0657,88.0668,87.1082,86.7391
3046,89.0657,88.0654,87.1067,86.7391
3047,89.0657,88.0640,87.1053,86.7391
3048,89.0657,88.0626,87.1038,86.7391
3049,89.0657,88.0612,87.1024,86.7391
3050,89.0657,88.0601,87.1013,86.7387
3051,89.0657,88.0601,87.1013,86.7373
3052,89.0657,88.0601,87.1013,86.7359
3053,89.0657,88.0601,87.1013,86.7345
3054,89.0657,88.0601,87.1013,86.7332
3055,89.0657,88.0601,87.1013,86.7318
3056,89.0657,88.0601,87.1013,86.7304
3057,89.0657,88.0601,87.1013,86.7290
3058,89.0657,88.0601,87.1013,86.7276
3059,89.0657,88.0601,87.1001,86.7262
3060,89.0657,88.0601,87.0987,86.7248
3061,89.0657,88.0601,87.0972,86.7234
3062,89.0657,88.0601,87.0958,86.7220
3063,89.0657,88.0601,87.0944,86.7206
3064,89.0657,88.0601,87.0930,86.7191
3065,89.0657,88.0601,87.0916,86.7177
3066,89.0657,88.0601,87.0902,86.7163
3067,89.0657,88.0593,87.0896,86.7158
3068,89.0657,88.0579,87.0896,86.7158
3069,89.0657,88.0565,87.0896,86.7158
3070,89.0657,88.0551,87.0896,86.7158
3071,89.0657,88.0537,87.0896,86.7158
3072,89.0657,88.0523,87.0896,86.7158
3073,89.0657,88.0509,87.0896,86.7158
3074,89.0657,88.0495,87.0896,86.7158
3075,89.0653,88.0485,87.0892,86.7153
3076,89.0639,88.0485,87.0878,86.7139
3077,89.0624,88.0485,87.0864,86.7125
3078,89.0610,88.0485,87.0850,86.7111
3079,89.0596,88.0485,87.0836,86.7097
3080,89.0582,88.0485,87.0822,86.7083
3081,89.0568,88.0485,87.0808,86.7069
3082,89.0554,88.0485,87.0794,86.7055
3083,89.0540,88.0485,87.0780,86.7041
3084,89.0540,88.0485,87.0780,86.7041
3085,89.0540,88.0485,87.0780,86.7041
3086,89.0540,88.0485,87.0780,86.7041
3087,89.0540,88.0485,87.0780,86.7041
3088,89.0540,88.0485,87.0780,86.7041
3089,89.0540,88.0485,87.0780,86.7041
3090,89.0540,88.0485,87.0780,86.7041
3091,89.0540,88.0485,87.0780,86.7041
3092,89.0540,88.0475,87.0770,86.7031
3093,89.0540,88.0461,87.0756,86.7017
3094,89.0540,88.0447,87.0742,86.7003
3095,89.0540,88.0433,87.0728,86.6988
3096,89.0540,88.0418,87.0714,86.6974
3097,89.0540,88.0404,87.0700,86.6960
3098,89.0540,88.0390,87.0685,86.6946
3099,89.0540,88.0376,87.0671,86.6932
3100,89.0540,88.0369,87.0664,86.6924
3101,89.0540,88.0369,87.0664,86.6924
3102,89.0540,88.0369,87.0664,86.6924
3103,89.0540,88.0369,87.0664,86.6924
3104,89.0540,88.0369,87.0664,86.6924
3105,89.0540,88.0369,87.0664,86.6924
3106,89.0540,88.0369,87.0664,86.6924
3107,89.0540,88.0369,87.0664,86.6924
3108,89.0540,88.0369,87.0661,86.6922
3109,89.0540,88.0369,87.0648,86.6908
3110,89.0540,88.0369,87.0634,86.6894
3111,89.0540,88.0369,87.0620,86.6880
3112,89.0540,88.0369,87.0606,86.6866
3113,89.0540,88.0369,87.0592,86.6853
3114,89.0540,88.0369,87.0578,86.6839
3115,89.0540,88.0369,87.0564,86.6825
3116,89.0540,88.0369,87.0550,86.6811
3117,89.0540,88.0369,87.0547,86.6808
3118,89.0540,88.0369,87.0547,86.6808
3119,89.0540,88.0369,87.0547,86.6808
3120,89.0540,88.0369,87.0547,86.6808
3121,89.0540,88.0369,87.0547,86.6808
3122,89.0540,88.0369,87.0547,86.6808
3123,89.0540,88.0369,87.0547,86.6808
3124,89.0540,88.0369,87.0547,86.6808
3125,89.0540,88.0362,87.0540,86.6801
3126,89.0540,88.0348,87.0526,86.6787
3127,89.0540,88.0334,87.0512,86.6773
3128,89.0540,88.0320,87.0498,86.6759
3129,89.0540,88.0305,87.0484,86.6745
3130,89.0540,88.0291,87.0470,86.6730
3131,89.0540,88.0277,87.0456,86.6716
3132,89.0540,88.0263,87.0442,86.6702
3133,89.0538,88.0252,87.0431,86.6691
3134,89.0524,88.0252,87.0431,86.6691
3135,89.0510,88.0252,87.0431,86.6691
3136,89.0496,88.0252,87.0431,86.6691
3137,89.0481,88.0252,87.0431,86.6691
3138,89.0467,88.0252,87.0431,86.6691
3139,89.0453,88.0252,87.0431,86.6691
3140,89.0439,88.0252,87.0431,86.6691
3141,89.0425,88.0252,87.0431,86.6691
3142,89.0424,88.0252,87.0418,86.6678
3143,89.0424,88.0252,87.0404,86.6663
3144,89.0424,88.0252,87.0390,86.6649
3145,89.0424,88.0252,87.0376,86.6634
3146,89.0424,88.0252,87.0362,86.6620
3147,89.0424,88.0252,87.0348,86.6605
3148,89.0424,88.0252,87.0334,86.6591
3149,89.0424,88.0252,87.0320,86.6576
3150,89.0424,88.0244,87.0314,86.6563
3151,89.0424,88.0230,87.0314,86.6549
3152,89.0424,88.0216,87.0314,86.6535
3153,89.0424,88.0203,87.0314,86.6522
3154,89.0424,88.0189,87.0314,86.6508
3155,89.0424,88.0176,87.0314,86.6495
3156,89.0424,88.0162,87.0314,86.6481
3157,89.0424,88.0149,87.0314,86.6467
3158,89.0424,88.0136,87.0314,86.6454
3159,89.0424,88.0136,87.0314,86.6454
3160,89.0424,88.0136,87.0314,86.6454
3161,89.0424,88.0136,87.0314,86.6454
3162,89.0424,88.0136,87.0314,86.6454
3163,89.0424,88.0136,87.0314,86.6454
3164,89.0424,88.0136,87.0314,86.6454
3165,89.0424,88.0136,87.0314,86.6454
3166,89.0424,88.0136,87.0314,86.6454
3167,89.0424,88.0136,87.0304,86.6444
3168,89.0424,88.0136,87.0289,86.6430
3169,89.0424,88.0136,87.0275,86.6416
3170,89.0424,88.0136,87.0261,86.6401
3171,89.0424,88.0136,87.0247,86.6387
3172,89.0424,88.0136,87.0233,86.6373
3173,89.0424,88.0136,87.0218,86.6359
3174,89.0424,88.0136,87.0204,86.6345
3175,89.0424,88.0129,87.0197,86.6338
3176,89.0424,88.0115,87.0197,86.6338
3177,89.0424,88.0101,87.0197,86.6338
3178,89.0424,88.0087,87.0197,86.6338
3179,89.0424,88.0073,87.0197,86.6338
3180,89.0424,88.0059,87.0197,86.6338
3181,89.0424,88.0045,87.0197,86.6338
3182,89.0424,88.0031,87.0197,86.6338
3183,89.0424,88.0019,87.0194,86.6335
3184,89.0424,88.0019,87.0180,86.6321
3185,89.0424,88.0019,87.0166,86.6307
3186,89.0424,88.0019,87.0152,86.6293
3187,89.0424,88.0019,87.0138,86.6279
3188,89.0424,88.0019,87.0124,86.6265
3189,89.0424,88.0019,87.0110,86.6251
3190,89.0424,88.0019,87.0096,86.6237
3191,89.0424,88.0019,87.0082,86.6223
3192,89.0424,88.0019,87.0080,86.6221
3193,89.0424,88.0019,87.0080,86.6221
3194,89.0424,88.0019,87.0080,86.6221
3195,89.0424,88.0019,87.0080,86.6221
3196,89.0424,88.0019,87.0080,86.6221
3197,89.0424,88.0019,87.0080,86.6221
3198,89.0424,88.0019,87.0080,86.6221
3199,89.0424,88.0019,87.0080,86.6221
3200,89.0417,88.0019,87.0073,86.6214
3201,89.0403,88.0019,87.0059,86.6200
3202,89.0388,88.0019,87.0045,86.6186
3203,89.0374,88.0019,87.0031,86.6172
3204,89.0360,88.0019,87.0017,86.6158
3205,89.0346,88.0019,87.0003,86.6143
3206,89.0331,88.0019,86.9989,86.6129
3207,89.0317,88.0019,86.9975,86.6115
3208,89.0306,88.0016,86.9964,86.6104
3209,89.0306,88.0002,86.9964,86.6104
3210,89.0306,87.9988,86.9964,86.6104
3211,89.0306,87.9973,86.9964,86.6104
3212,89.0306,87.9959,86.9964,86.6104
3213,89.0306,87.9945,86.9964,86.6104
3214,89.0306,87.9931,86.9964,86.6104
3215,89.0306,87.9917,86.9964,86.6104
3216,89.0306,87.9902,86.9964,86.6104
3217,89.0306,87.9901,86.9951,86.6091
3218,89.0306,87.9901,86.9937,86.6077
3219,89.0306,87.9901,86.9922,86.6063
3220,89.0306,87.9901,86.9908,86.6049
3221,89.0306,87.9901,86.9894,86.6035
3222,89.0306,87.9901,86.9880,86.6021
3223,89.0306,87.9901,86.9866,86.6007
3224,89.0306,87.9901,86.9852,86.5993
3225,89.0306,87.9901,86.9847,86.5988
3226,89.0306,87.9901,86.9847,86.5988
3227,89.0306,87.9901,86.9847,86.5988
3228,89.0306,87.9901,86.9847,86.5988
3229,89.0306,87.9901,86.9847,86.5988
3230,89.0306,87.9901,86.9847,86.5988
3231,89.0306,87.9901,86.9847,86.5988
3232,89.0306,87.9901,86.9847,86.5988
3233,89.0306,87.9896,86.9842,86.5983
3234,89.0306,87.9882,86.9828,86.5969
3235,89.0306,87.9868,86.9814,86.5955
3236,89.0306,87.9854,86.9800,86.5940
3237,89.0306,87.9840,86.9786,86.5926
3238,89.0306,87.9826,86.9772,86.5912
3239,89.0306,87.9812,86.9758,86.5898
3240,89.0306,87.9798,86.9744,86.5884
3241,89.0306,87.9785,86.9731,86.5871
3242,89.0306,87.9785,86.9731,86.5871
3243,89.0306,87.9785,86.9731,86.5871
3244,89.0306,87.9785,86.9731,86.5871
3245,89.0306,87.9785,86.9731,86.5871
3246,89.0306,87.9785,86.9731,86.5871
3247,89.0306,87.9785,86.9731,86.5871
3248,89.0306,87.9785,86.9731,86.5871
3249,89.0306,87.9785,86.9731,86.5871
3250,89.0306,87.9785,86.9721,86.5861
3251,89.0306,87.9785,86.9707,86.5847
3252,89.0306,87.9785,86.9693,86.5833
3253,89.0306,87.9785,86.9679,86.5819
3254,89.0306,87.9785,86.9665,86.5805
3255,89.0306,87.9785,86.9651,86.5791
3256,89.0306,87.9785,86.9637,86.5777
3257,89.0306,87.9785,86.9623,86.5763
3258,89.0301,87.9785,86.9614,86.5749
3259,89.0287,87.9785,86.9614,86.5735
3260,89.0272,87.9785,86.9614,86.5721
3261,89.0258,87.9785,86.9614,86.5707
3262,89.0244,87.9785,86.9614,86.5693
3263,89.0230,87.9785,86.9614,86.5678
3264,89.0216,87.9785,86.9614,86.5664
3265,89.0202,87.9785,86.9614,86.5650
3266,89.0190,87.9783,86.9613,86.5638
3267,89.0190,87.9769,86.9598,86.5638
3268,89.0190,87.9755,86.9584,86.5638
3269,89.0190,87.9740,86.9569,86.5638
3270,89.0190,87.9726,86.9555,86.5638
3271,89.0190,87.9711,86.9540,86.5638
3272,89.0190,87.9697,86.9525,86.5638
3273,89.0190,87.9683,86.9511,86.5638
3274,89.0190,87.9668,86.9496,86.5638
3275,89.0190,87.9666,86.9494,86.5626
3276,89.0190,87.9666,86.9494,86.5612
3277,89.0190,87.9666,86.9494,86.5598
3278,89.0190,87.9666,86.9494,86.5584
3279,89.0190,87.9666,86.9494,86.5570
3280,89.0190,87.9666,86.9494,86.5556
3281,89.0190,87.9666,86.9494,86.5542
3282,89.0190,87.9666,86.9494,86.5528
3283,89.0190,87.9666,86.9494,86.5521
3284,89.0190,87.9666,86.9494,86.5521
3285,89.0190,87.9666,86.9494,86.5521
3286,89.0190,87.9666,86.9494,86.5521
3287,89.0190,87.9666,86.9494,86.5521
3288,89.0190,87.9666,86.9494,86.5521
3289,89.0190,87.9666,86.9494,86.5521
3290,89.0190,87.9666,86.9494,86.5521
3291,89.0190,87.9666,86.9494,86.5521
3292,89.0190,87.9652,86.9480,86.5508
3293,89.0190,87.9638,86.9466,86.5494
3294,89.0190,87.9624,86.9452,86.5480
3295,89.0190,87.9610,86.9438,86.5466
3296,89.0190,87.9595,86.9424,86.5451
3297,89.0190,87.9581,86.9410,86.5437
3298,89.0190,87.9567,86.9396,86.5423
3299,89.0190,87.9553,86.9382,86.5409
3300,89.0190,87.9548,86.9377,86.5405
3301,89.0190,87.9548,86.9377,86.5405
3302,89.0190,87.9548,86.9377,86.5405
3303,89.0190,87.9548,86.9377,86.5405
3304,89.0190,87.9548,86.9377,86.5405
3305,89.0190,87.9548,86.9377,86.5405
3306,89.0190,87.9548,86.9377,86.5405
3307,89.0190,87.9548,86.9377,86.5405
3308,89.0190,87.9548,86.9372,86.5399
3309,89.0190,87.9548,86.9358,86.5385
3310,89.0190,87.9548,86.9344,86.5371
3311,89.0190,87.9548,86.9330,86.5357
3312,89.0190,87.9548,86.9316,86.5343
3313,89.0190,87.9548,86.9302,86.5329
3314,89.0190,87.9548,86.9288,86.5315
3315,89.0190,87.9548,86.9274,86.5301
3316,89.0190,87.9548,86.9261,86.5288
3317,89.0190,87.9548,86.9261,86.5288
3318,89.0190,87.9548,86.9261,86.5288
3319,89.0190,87.9548,86.9261,86.5288
3320,89.0190,87.9548,86.9261,86.5288
3321,89.0190,87.9548,86.9261,86.5288
3322,89.0190,87.9548,86.9261,86.5288
3323,89.0190,87.9548,86.9261,86.5288
3324,89.0190,87.9548,86.9261,86.5288
3325,89.0179,87.9537,86.9250,86.5276
3326,89.0165,87.9523,86.9236,86.5262
3327,89.0151,87.9509,86.9222,86.5248
3328,89.0137,87.9495,86.9207,86.5233
3329,89.0123,87.9481,86.9193,86.5219
3330,89.0109,87.9467,86.9179,86.5205
3331,89.0095,87.9453,86.9165,86.5190
3332,89.0081,87.9440,86.9151,86.5176
3333,89.0073,87.9432,86.9143,86.5168
3334,89.0073,87.9432,86.9143,86.5168
3335,89.0073,87.9432,86.9143,86.5168
3336,89.0073,87.9432,86.9143,86.5168
3337,89.0073,87.9432,86.9143,86.5168
3338,89.0073,87.9432,86.9143,86.5168
3339,89.0073,87.9432,86.9143,86.5168
3340,89.0073,87.9432,86.9143,86.5168
3341,89.0073,87.9432,86.9141,86.5166
3342,89.0073,87.9432,86.9127,86.5152
3343,89.0073,87.9432,86.9113,86.5138
3344,89.0073,87.9432,86.9099,86.5124
3345,89.0073,87.9432,86.9085,86.5110
3346,89.0073,87.9432,86.9071,86.5096
3347,89.0073,87.9432,86.9057,86.5081
3348,89.0073,87.9432,86.9043,86.5067
3349,89.0073,87.9432,86.9029,86.5053
3350,89.0073,87.9420,86.9027,86.5051
3351,89.0073,87.9406,86.9027,86.5051
3352,89.0073,87.9391,86.9027,86.5051
3353,89.0073,87.9377,86.9027,86.5051
3354,89.0073,87.9363,86.9027,86.5051
3355,89.0073,87.9349,86.9027,86.5051
3356,89.0073,87.9335,86.9027,86.5051
3357,89.0073,87.9321,86.9027,86.5051
3358,89.0073,87.9315,86.9019,86.5043
3359,89.0073,87.9315,86.9005,86.5029
3360,89.0073,87.9315,86.8991,86.5015
3361,89.0073,87.9315,86.8977,86.5001
3362,89.0073,87.9315,86.8963,86.4987
3363,89.0073,87.9315,86.8949,86.4973
3364,89.0073,87.9315,86.8935,86.4959
3365,89.0073,87.9315,86.8920,86.4945
3366,89.0073,87.9315,86.8910,86.4935
3367,89.0073,87.9315,86.8910,86.4935
3368,89.0073,87.9315,86.8910,86.4935
3369,89.0073,87.9315,86.8910,86.4935
3370,89.0073,87.9315,86.8910,86.4935
3371,89.0073,87.9315,86.8910,86.4935
3372,89.0073,87.9315,86.8910,86.4935
3373,89.0073,87.9315,86.8910,86.4935
3374,89.0073,87.9315,86.8910,86.4935
3375,89.0073,87.9315,86.8910,86.4921
3376,89.0073,87.9315,86.8910,86.4907
3377,89.0073,87.9315,86.8910,86.4892
3378,89.0073,87.9315,86.8910,86.4878
3379,89.0073,87.9315,86.8910,86.4864
3380,89.0073,87.9315,86.8910,86.4850
3381,89.0073,87.9315,86.8910,86.4836
3382,89.0073,87.9315,86.8910,86.4822
3383,89.0073,87.9305,86.8901,86.4818
3384,89.0073,87.9291,86.8887,86.4818
3385,89.0073,87.9278,86.8873,86.4818
3386,89.0073,87.9264,86.8859,86.4818
3387,89.0073,87.9250,86.8845,86.4818
3388,89.0073,87.9236,86.8831,86.4818
3389,89.0073,87.9222,86.8817,86.4818
3390,89.0073,87.9208,86.8803,86.4818
3391,89.0069,87.9199,86.8794,86.4814
3392,89.0054,87.9199,86.8794,86.4799
3393,89.0040,87.9199,86.8794,86.4785
3394,89.0025,87.9199,86.8794,86.4771
3395,89.0011,87.9199,86.8794,86.4757
3396,88.9996,87.9199,86.8794,86.4743
3397,88.9981,87.9199,86.8794,86.4729
3398,88.9967,87.9199,86.8794,86.4715
3399,88.9953,87.9199,86.8793,86.4701
3400,88.9953,87.9199,86.8779,86.4687
3401,88.9953,87.9199,86.8765,86.4673
3402,88.9953,87.9199,86.8751,86.4659
3403,88.9953,87.9199,86.8737,86.4645
3404,88.9953,87.9199,86.8723,86.4630
3405,88.9953,87.9199,86.8709,86.4616
3406,88.9953,87.9199,86.8695,86.4602
3407,88.9953,87.9199,86.8681,86.4588
3408,88.9953,87.9188,86.8677,86.4585
3409,88.9953,87.9174,86.8677,86.4585
3410,88.9953,87.9160,86.8677,86.4585
3411,88.9953,87.9146,86.8677,86.4585
3412,88.9953,87.9132,86.8677,86.4585
3413,88.9953,87.9118,86.8677,86.4585
3414,88.9953,87.9104,86.8677,86.4585
3415,88.9953,87.9090,86.8677,86.4585
3416,88.9953,87.9082,86.8671,86.4578
3417,88.9953,87.9082,86.8657,86.4564
3418,88.9953,87.9082,86.8643,86.4550
3419,88.9953,87.9082,86.8629,86.4536
3420,88.9953,87.9082,86.8615,86.4522
3421,88.9953,87.9082,86.8601,86.4508
3422,88.9953,87.9082,86.8587,86.4494
3423,88.9953,87.9082,86.8573,86.4480
3424,88.9953,87.9082,86.8561,86.4468
3425,88.9953,87.9082,86.8561,86.4468
3426,88.9953,87.9082,86.8561,86.4468
3427,88.9953,87.9082,86.8561,86.4468
3428,88.9953,87.9082,86.8561,86.4468
3429,88.9953,87.9082,86.8561,86.4468
3430,88.9953,87.9082,86.8561,86.4468
3431,88.9953,87.9082,86.8561,86.4468
3432,88.9953,87.9082,86.8561,86.4468
3433,88.9953,87.9082,86.8553,86.4460
3434,88.9953,87.9082,86.8539,86.4446
3435,88.9953,87.9082,86.8525,86.4432
3436,88.9953,87.9082,86.8510,86.4418
3437,88.9953,87.9082,86.8496,86.4403
3438,88.9953,87.9082,86.8482,86.4389
3439,88.9953,87.9082,86.8468,86.4375
3440,88.9953,87.9082,86.8454,86.4361
3441,88.9953,87.9078,86.8444,86.4351
3442,88.9953,87.9064,86.8444,86.4351
3443,88.9953,87.9050,86.8444,86.4351
3444,88.9953,87.9036,86.8444,86.4351
3445,88.9953,87.9022,86.8444,86.4351
3446,88.9953,87.9008,86.8444,86.4351
3447,88.9953,87.8994,86.8444,86.4351
3448,88.9953,87.8980,86.8444,86.4351
3449,88.9953,87.8966,86.8444,86.4351
3450,88.9953,87.8966,86.8444,86.4337
3451,88.9953,87.8966,86.8444,86.4323
3452,88.9953,87.8966,86.8444,86.4309
3453,88.9953,87.8966,86.8444,86.4295
3454,88.9953,87.8966,86.8444,86.4281
3455,88.9953,87.8966,86.8444,86.4267
3456,88.9953,87.8966,86.8444,86.4253
3457,88.9953,87.8966,86.8444,86.4239
3458,88.9943,87.8966,86.8434,86.4235
3459,88.9929,87.8966,86.8420,86.4235
3460,88.9914,87.8966,86.8406,86.4235
3461,88.9900,87.8966,86.8392,86.4235
3462,88.9886,87.8966,86.8377,86.4235
3463,88.9872,87.8966,86.8363,86.4235
3464,88.9858,87.8966,86.8349,86.4235
3465,88.9844,87.8966,86.8335,86.4235
3466,88.9836,87.8960,86.8327,86.4229
3467,88.9836,87.8946,86.8327,86.4215
3468,88.9836,87.8932,86.8327,86.4201
3469,88.9836,87.8918,86.8327,86.4187
3470,88.9836,87.8904,86.8327,86.4173
3471,88.9836,87.8890,86.8327,86.4159
3472,88.9836,87.8876,86.8327,86.4145
3473,88.9836,87.8863,86.8327,86.4131
3474,88.9836,87.8849,86.8327,86.4118
3475,88.9836,87.8849,86.8313,86.4118
3476,88.9836,87.8849,86.8298,86.4118
3477,88.9836,87.8849,86.8284,86.4118
3478,88.9836,87.8849,86.8270,86.4118
3479,88.9836,87.8849,86.8256,86.4118
3480,88.9836,87.8849,86.8242,86.4118
3481,88.9836,87.8849,86.8228,86.4118
3482,88.9836,87.8849,86.8214,86.4118
3483,88.9836,87.8849,86.8211,86.4107
3484,88.9836,87.8849,86.8211,86.4093
3485,88.9836,87.8849,86.8211,86.4079
3486,88.9836,87.8849,86.8211,86.4065
3487,88.9836,87.8849,86.8211,86.4051
3488,88.9836,87.8849,86.8211,86.4037
3489,88.9836,87.8849,86.8211,86.4023
3490,88.9836,87.8849,86.8211,86.4009
3491,88.9836,87.8849,86.8204,86.4001
3492,88.9836,87.8849,86.8189,86.4001
3493,88.9836,87.8849,86.8175,86.4001
3494,88.9836,87.8849,86.8160,86.4001
3495,88.9836,87.8849,86.8146,86.4001
3496,88.9836,87.8849,86.8131,86.4001
3497,88.9836,87.8849,86.8117,86.4001
3498,88.9836,87.8849,86.8102,86.4001
3499,88.9836,87.8847,86.8091,86.3999
3500,88.9836,87.8832,86.8091,86.3985
3501,88.9836,87.8818,86.8091,86.3971
3502,88.9836,87.8804,86.8091,86.3957
3503,88.9836,87.8790,86.8091,86.3942
3504,88.9836,87.8776,86.8091,86.3928
3505,88.9836,87.8761,86.8091,86.3914
3506,88.9836,87.8747,86.8091,86.3900
3507,88.9836,87.8733,86.8091,86.3886
3508,88.9836,87.8732,86.8078,86.3885
3509,88.9836,87.8732,86.8064,86.3885
3510,88.9836,87.8732,86.8050,86.3885
3511,88.9836,87.8732,86.8036,86.3885
3512,88.9836,87.8732,86.8022,86.3885
3513,88.9836,87.8732,86.8008,86.3885
3514,88.9836,87.8732,86.7993,86.3885
3515,88.9836,87.8732,86.7979,86.3885
3516,88.9836,87.8732,86.7974,86.3876
3517,88.9836,87.8732,86.7974,86.3862
3518,88.9836,87.8732,86.7974,86.3848
3519,88.9836,87.8732,86.7974,86.3835
3520,88.9836,87.8732,86.7974,86.3821
3521,88.9836,87.8732,86.7974,86.3807
3522,88.9836,87.8732,86.7974,86.3793
3523,88.9836,87.8732,86.7974,86.3779
3524,88.9833,87.8732,86.7971,86.3768
3525,88.9819,87.8732,86.7957,86.3768
3526,88.9805,87.8732,86.7943,86.3768
3527,88.9791,87.8732,86.7928,86.3768
3528,88.9777,87.8732,86.7914,86.3768
3529,88.9763,87.8732,86.7900,86.3768
3530,88.9749,87.8732,86.7886,86.3768
3531,88.9735,87.8732,86.7872,86.3768
3532,88.9721,87.8732,86.7858,86.3768
3533,88.9720,87.8718,86.7857,86.3754
3534,88.9720,87.8704,86.7857,86.3740
3535,88.9720,87.8690,86.7857,86.3726
3536,88.9720,87.8676,86.7857,86.3711
3537,88.9720,87.8662,86.7857,86.3697
3538,88.9720,87.8648,86.7857,86.3682
3539,88.9720,87.8634,86.7857,86.3668
3540,88.9720,87.8620,86.7857,86.3653
3541,88.9720,87.8615,86.7857,86.3648
3542,88.9720,87.8615,86.7857,86.3648
3543,88.9720,87.8615,86.7857,86.3648
3544,88.9720,87.8615,86.7857,86.3648
3545,88.9720,87.8615,86.7857,86.3648
3546,88.9720,87.8615,86.7857,86.3648
3547,88.9720,87.8615,86.7857,86.3648
3548,88.9720,87.8615,86.7857,86.3648
3549,88.9720,87.8615,86.7852,86.3643
3550,88.9720,87.8615,86.7838,86.3629
3551,88.9720,87.8615,86.7824,86.3615
3552,88.9720,87.8615,86.7810,86.3601
3553,88.9720,87.8615,86.7796,86.3587
3554,88.9720,87.8615,86.7782,86.3573
3555,88.9720,87.8615,86.7768,86.3558
3556,88.9720,87.8615,86.7754,86.3544
3557,88.9720,87.8614,86.7741,86.3531
3558,88.9720,87.8600,86.7741,86.3531
3559,88.9720,87.8587,86.7741,86.3531
3560,88.9720,87.8573,86.7741,86.3531
3561,88.9720,87.8560,86.7741,86.3531
3562,88.9720,87.8546,86.7741,86.3531
3563,88.9720,87.8533,86.7741,86.3531
3564,88.9720,87.8519,86.7741,86.3531
3565,88.9720,87.8505,86.7741,86.3531
3566,88.9720,87.8499,86.7734,86.3524
3567,88.9720,87.8499,86.7720,86.3510
3568,88.9720,87.8499,86.7706,86.3496
3569,88.9720,87.8499,86.7691,86.3482
3570,88.9720,87.8499,86.7677,86.3468
3571,88.9720,87.8499,86.7663,86.3454
3572,88.9720,87.8499,86.7649,86.3440
3573,88.9720,87.8499,86.7635,86.3426
3574,88.9720,87.8499,86.7624,86.3415
3575,88.9720,87.8499,86.7624,86.3415
3576,88.9720,87.8499,86.7624,86.3415
3577,88.9720,87.8499,86.7624,86.3415
3578,88.9720,87.8499,86.7624,86.3415
3579,88.9720,87.8499,86.7624,86.3415
3580,88.9720,87.8499,86.7624,86.3415
3581,88.9720,87.8499,86.7624,86.3415
3582,88.9720,87.8499,86.7624,86.3415
3583,88.9720,87.8499,86.7611,86.3402
3584,88.9720,87.8499,86.7597,86.3388
3585,88.9720,87.8499,86.7583,86.3374
3586,88.9720,87.8499,86.7569,86.3360
3587,88.9720,87.8499,86.7555,86.3345
3588,88.9720,87.8499,86.7541,86.3331
3589,88.9720,87.8499,86.7527,86.3317
3590,88.9720,87.8499,86.7513,86.3303
3591,88.9720,87.8490,86.7508,86.3298
3592,88.9720,87.8476,86.7508,86.3298
3593,88.9720,87.8462,86.7508,86.3298
3594,88.9720,87.8448,86.7508,86.3298
3595,88.9720,87.8434,86.7508,86.3298
3596,88.9720,87.8419,86.7508,86.3298
3597,88.9720,87.8405,86.7508,86.3298
3598,88.9720,87.8391,86.7508,86.3298
3599,88.9689,87.8382,86.7508,86.3298
3600,88.9604,87.8382,86.7508,86.3298
