time_s,Pt_2.0bar,Pt_1.8bar,Pt_1.6bar,Pt_1.4bar,Pt_1.2bar
0,90.0029,90.0029,90.0029,89.9883,90.0029
1,90.0029,90.0029,90.0004,89.9883,89.9929
2,90.0029,90.0029,89.9979,89.9883,89.9829
3,90.0029,90.0029,89.9954,89.9883,89.9730
4,90.0029,90.0029,89.9929,89.9883,89.9630
5,90.0029,90.0029,89.9905,89.9883,89.9530
6,90.0029,90.0026,89.9881,89.9876,89.9434
7,90.0029,90.0009,89.9863,89.9823,89.9364
8,90.0029,89.9991,89.9846,89.9770,89.9294
9,90.0029,89.9974,89.9828,89.9717,89.9224
10,90.0029,89.9956,89.9811,89.9664,89.9154
11,90.0029,89.9939,89.9793,89.9612,89.9084
12,90.0029,89.9921,89.9775,89.9559,89.9014
13,90.0029,89.9904,89.9758,89.9506,89.8944
14,90.0029,89.9886,89.9740,89.9453,89.8873
15,90.0014,89.9869,89.9723,89.9430,89.8773
16,89.9997,89.9851,89.9705,89.9412,89.8667
17,89.9979,89.9833,89.9688,89.9395,89.8561
18,89.9962,89.9816,89.9670,89.9377,89.8455
19,89.9944,89.9798,89.9653,89.9360,89.8348
20,89.9926,89.9781,89.9635,89.9342,89.8242
21,89.9909,89.9763,89.9618,89.9325,89.8136
22,89.9891,89.9746,89.9600,89.9307,89.8030
23,89.9883,89.9738,89.9582,89.9289,89.7971
24,89.9883,89.9738,89.9565,89.9272,89.7954
25,89.9883,89.9738,89.9547,89.9254,89.7936
26,89.9883,89.9738,89.9529,89.9237,89.7919
27,89.9883,89.9738,89.9511,89.9219,89.7901
28,89.9883,89.9738,89.9494,89.9202,89.7884
29,89.9883,89.9738,89.9476,89.9184,89.7866
30,89.9883,89.9738,89.9458,89.9167,89.7849
31,89.9883,89.9738,89.9440,89.9141,89.7823
32,89.9883,89.9738,89.9423,89.9088,89.7770
33,89.9883,89.9738,89.9405,89.9036,89.7718
34,89.9883,89.9738,89.9388,89.8983,89.7665
35,89.9883,89.9738,89.9370,89.8930,89.7613
36,89.9883,89.9738,89.9353,89.8878,89.7560
37,89.9883,89.9738,89.9335,89.8825,89.7507
38,89.9883,89.9738,89.9318,89.8773,89.7455
39,89.9883,89.9738,89.9300,89.8720,89.7402
40,89.9883,89.9721,89.9283,89.8691,89.7333
41,89.9883,89.9704,89.9265,89.8665,89.7263
42,89.9883,89.9686,89.9247,89.8638,89.7192
43,89.9883,89.9669,89.9230,89.8612,89.7122
44,89.9883,89.9651,89.9212,89.8585,89.7051
45,89.9883,89.9633,89.9195,89.8558,89.6981
46,89.9883,89.9616,89.9177,89.8532,89.6910
47,89.9883,89.9598,89.9160,89.8505,89.6840
48,89.9872,89.9581,89.9142,89.8478,89.6758
49,89.9855,89.9563,89.9125,89.8452,89.6670
50,89.9837,89.9545,89.9107,89.8425,89.6582
51,89.9820,89.9527,89.9089,89.8399,89.6493
52,89.9802,89.9510,89.9072,89.8372,89.6405
53,89.9784,89.9492,89.9054,89.8345,89.6317
54,89.9767,89.9474,89.9037,89.8319,89.6228
55,89.9749,89.9456,89.9019,89.8292,89.6140
56,89.9738,89.9444,89.9007,89.8268,89.6075
57,89.9738,89.9444,89.9007,89.8251,89.6057
58,89.9738,89.9444,89.9007,89.8233,89.6039
59,89.9738,89.9444,89.9007,89.8215,89.6022
60,89.9738,89.9444,89.9007,89.8198,89.6004
61,89.9738,89.9444,89.9007,89.8180,89.5987
62,89.9738,89.9444,89.9007,89.8162,89.5969
63,89.9738,89.9444,89.9007,89.8145,89.5952
64,89.9738,89.9444,89.9007,89.8127,89.5933
65,89.9738,89.9444,89.8989,89.8109,89.5880
66,89.9738,89.9444,89.8972,89.8092,89.5828
67,89.9738,89.9444,89.8954,89.8074,89.5775
68,89.9738,89.9444,89.8937,89.8056,89.5722
69,89.9738,89.9444,89.8919,89.8039,89.5669
70,89.9738,89.9444,89.8902,89.8021,89.5616
71,89.9738,89.9444,89.8884,89.8003,89.5564
72,89.9738,89.9444,89.8867,89.7986,89.5511
73,89.9738,89.9432,89.8849,89.7962,89.5433
74,89.9738,89.9414,89.8832,89.7936,89.5345
75,89.9738,89.9397,89.8814,89.7909,89.5257
76,89.9738,89.9379,89.8796,89.7883,89.5169
77,89.9738,89.9362,89.8779,89.7857,89.5082
78,89.9738,89.9344,89.8761,89.7830,89.4994
79,89.9738,89.9326,89.8744,89.7804,89.4906
80,89.9738,89.9309,89.8726,89.7778,89.4818
81,89.9730,89.9299,89.8709,89.7751,89.4760
82,89.9713,89.9299,89.8691,89.7725,89.4742
83,89.9695,89.9299,89.8673,89.7699,89.4724
84,89.9678,89.9299,89.8655,89.7672,89.4705
85,89.9660,89.9299,89.8638,89.7646,89.4687
86,89.9642,89.9299,89.8620,89.7620,89.4669
87,89.9625,89.9299,89.8602,89.7593,89.4651
88,89.9607,89.9299,89.8584,89.7567,89.4633
89,89.9592,89.9297,89.8567,89.7541,89.4611
90,89.9592,89.9279,89.8549,89.7514,89.4558
91,89.9592,89.9262,89.8532,89.7488,89.4505
92,89.9592,89.9244,89.8514,89.7462,89.4452
93,89.9592,89.9227,89.8496,89.7435,89.4399
94,89.9592,89.9209,89.8479,89.7409,89.4346
95,89.9592,89.9191,89.8461,89.7382,89.4293
96,89.9592,89.9174,89.8444,89.7356,89.4240
97,89.9592,89.9156,89.8426,89.7329,89.4187
98,89.9592,89.9153,89.8408,89.7303,89.4120
99,89.9592,89.9153,89.8390,89.7277,89.4050
100,89.9592,89.9153,89.8372,89.7250,89.3980
101,89.9592,89.9153,89.8354,89.7224,89.3910
102,89.9592,89.9153,89.8337,89.7197,89.3840
103,89.9592,89.9153,89.8319,89.7171,89.3770
104,89.9592,89.9153,89.8301,89.7144,89.3700
105,89.9592,89.9153,89.8283,89.7118,89.3629
106,89.9592,89.9144,89.8265,89.7087,89.3568
107,89.9592,89.9127,89.8247,89.7052,89.3515
108,89.9592,89.9109,89.8230,89.7016,89.3462
109,89.9592,89.9091,89.8212,89.6981,89.3410
110,89.9592,89.9074,89.8195,89.6945,89.3357
111,89.9592,89.9056,89.8177,89.6910,89.3304
112,89.9592,89.9039,89.8160,89.6875,89.3251
113,89.9592,89.9021,89.8142,89.6839,89.3198
114,89.9588,89.9007,89.8128,89.6804,89.3153
115,89.9570,89.9007,89.8128,89.6768,89.3135
116,89.9553,89.9007,89.8128,89.6733,89.3118
117,89.9535,89.9007,89.8128,89.6698,89.3100
118,89.9517,89.9007,89.8128,89.6662,89.3083
119,89.9499,89.9007,89.8128,89.6627,89.3065
120,89.9482,89.9007,89.8128,89.6591,89.3048
121,89.9464,89.9007,89.8128,89.6556,89.3030
122,89.9446,89.9007,89.8128,89.6520,89.3012
123,89.9444,89.8991,89.8112,89.6501,89.2978
124,89.9444,89.8974,89.8094,89.6484,89.2943
125,89.9444,89.8956,89.8077,89.6466,89.2907
126,89.9444,89.8939,89.8059,89.6449,89.2871
127,89.9444,89.8921,89.8041,89.6431,89.2835
128,89.9444,89.8904,89.8023,89.6414,89.2800
129,89.9444,89.8886,89.8006,89.6396,89.2764
130,89.9444,89.8869,89.7988,89.6378,89.2728
131,89.9444,89.8862,89.7970,89.6361,89.2671
132,89.9444,89.8862,89.7953,89.6343,89.2601
133,89.9444,89.8862,89.7935,89.6326,89.2531
134,89.9444,89.8862,89.7918,89.6308,89.2461
135,89.9444,89.8862,89.7900,89.6291,89.2391
136,89.9444,89.8862,89.7882,89.6273,89.2321
137,89.9444,89.8862,89.7865,89.6256,89.2251
138,89.9444,89.8862,89.7847,89.6238,89.2180
139,89.9444,89.8857,89.7830,89.6218,89.2126
140,89.9444,89.8840,89.7813,89.6192,89.2109
141,89.9444,89.8822,89.7796,89.6166,89.2092
142,89.9444,89.8805,89.7779,89.6140,89.2075
143,89.9444,89.8788,89.7762,89.6114,89.2058
144,89.9444,89.8771,89.7745,89.6088,89.2041
145,89.9444,89.8754,89.7728,89.6062,89.2024
146,89.9444,89.8737,89.7711,89.6036,89.2007
147,89.9444,89.8720,89.7694,89.6011,89.1990
148,89.9431,89.8716,89.7676,89.5985,89.1959
149,89.9414,89.8716,89.7659,89.5959,89.1924
150,89.9396,89.8716,89.7641,89.5933,89.1889
151,89.9378,89.8716,89.7624,89.5907,89.1854
152,89.9361,89.8716,89.7606,89.5881,89.1818
153,89.9343,89.8716,89.7588,89.5855,89.1783
154,89.9326,89.8716,89.7571,89.5829,89.1748
155,89.9308,89.8716,89.7553,89.5803,89.1713
156,89.9299,89.8708,89.7544,89.5773,89.1678
157,89.9299,89.8690,89.7544,89.5738,89.1642
158,89.9299,89.8673,89.7544,89.5702,89.1607
159,89.9299,89.8655,89.7544,89.5667,89.1572
160,89.9299,89.8637,89.7544,89.5632,89.1537
161,89.9299,89.8619,89.7544,89.5596,89.1502
162,89.9299,89.8601,89.7544,89.5561,89.1466
163,89.9299,89.8584,89.7544,89.5526,89.1431
164,89.9299,89.8569,89.7541,89.5493,89.1393
165,89.9299,89.8569,89.7524,89.5476,89.1340
166,89.9299,89.8569,89.7506,89.5458,89.1287
167,89.9299,89.8569,89.7488,89.5440,89.1233
168,89.9299,89.8569,89.7471,89.5423,89.1180
169,89.9299,89.8569,89.7453,89.5405,89.1127
170,89.9299,89.8569,89.7436,89.5388,89.1074
171,89.9299,89.8569,89.7418,89.5370,89.1021
172,89.9299,89.8569,89.7401,89.5353,89.0967
173,89.9284,89.8554,89.7383,89.5335,89.0914
174,89.9266,89.8536,89.7366,89.5318,89.0862
175,89.9249,89.8519,89.7348,89.5300,89.0809
176,89.9231,89.8501,89.7331,89.5283,89.0756
177,89.9214,89.8484,89.7313,89.5265,89.0703
178,89.9196,89.8466,89.7295,89.5247,89.0651
179,89.9178,89.8448,89.7278,89.5230,89.0598
180,89.9161,89.8431,89.7260,89.5212,89.0545
181,89.9153,89.8423,89.7243,89.5185,89.0492
182,89.9153,89.8423,89.7225,89.5150,89.0440
183,89.9153,89.8423,89.7207,89.5115,89.0387
184,89.9153,89.8423,89.7189,89.5080,89.0334
185,89.9153,89.8423,89.7172,89.5045,89.0282
186,89.9153,89.8423,89.7154,89.5010,89.0229
187,89.9153,89.8423,89.7136,89.4975,89.0176
188,89.9153,89.8423,89.7118,89.4940,89.0123
189,89.9153,89.8419,89.7101,89.4909,89.0079
190,89.9153,89.8401,89.7083,89.4891,89.0062
191,89.9153,89.8383,89.7066,89.4873,89.0044
192,89.9153,89.8365,89.7048,89.4855,89.0027
193,89.9153,89.8347,89.7031,89.4837,89.0009
194,89.9153,89.8329,89.7013,89.4819,88.9992
195,89.9153,89.8311,89.6995,89.4802,88.9974
196,89.9153,89.8293,89.6978,89.4784,88.9956
197,89.9153,89.8275,89.6960,89.4766,88.9939
198,89.9153,89.8274,89.6959,89.4748,88.9905
199,89.9153,89.8274,89.6959,89.4730,88.9870
200,89.9153,89.8274,89.6959,89.4712,88.9834
201,89.9153,89.8274,89.6959,89.4694,88.9799
202,89.9153,89.8274,89.6959,89.4677,88.9764
203,89.9153,89.8274,89.6959,89.4659,88.9729
204,89.9153,89.8274,89.6959,89.4641,88.9694
205,89.9153,89.8274,89.6959,89.4623,88.9659
206,89.9142,89.8263,89.6948,89.4594,88.9624
207,89.9124,89.8245,89.6931,89.4559,88.9589
208,89.9107,89.8228,89.6913,89.4524,88.9553
209,89.9089,89.8210,89.6896,89.4489,88.9518
210,89.9072,89.8192,89.6878,89.4454,88.9483
211,89.9054,89.8175,89.6860,89.4419,88.9447
212,89.9037,89.8157,89.6843,89.4384,88.9412
213,89.9019,89.8140,89.6825,89.4349,88.9377
214,89.9007,89.8128,89.6808,89.4316,88.9330
215,89.9007,89.8128,89.6790,89.4290,88.9259
216,89.9007,89.8128,89.6773,89.4264,88.9188
217,89.9007,89.8128,89.6755,89.4237,88.9117
218,89.9007,89.8128,89.6738,89.4211,88.9046
219,89.9007,89.8128,89.6720,89.4184,88.8975
220,89.9007,89.8128,89.6703,89.4158,88.8904
221,89.9007,89.8128,89.6685,89.4131,88.8834
222,89.9007,89.8128,89.6667,89.4105,88.8765
223,89.9007,89.8110,89.6649,89.4079,88.8747
224,89.9007,89.8092,89.6631,89.4052,88.8730
225,89.9007,89.8074,89.6613,89.4026,88.8712
226,89.9007,89.8057,89.6595,89.3999,88.8695
227,89.9007,89.8039,89.6577,89.3973,88.8677
228,89.9007,89.8021,89.6558,89.3946,88.8660
229,89.9007,89.8003,89.6540,89.3920,88.8642
230,89.9007,89.7986,89.6522,89.3894,88.8625
231,89.9007,89.7981,89.6504,89.3874,88.8607
232,89.9007,89.7981,89.6487,89.3856,88.8590
233,89.9007,89.7981,89.6469,89.3839,88.8572
234,89.9007,89.7981,89.6452,89.3821,88.8554
235,89.9007,89.7981,89.6434,89.3803,88.8537
236,89.9007,89.7981,89.6417,89.3786,88.8519
237,89.9007,89.7981,89.6399,89.3768,88.8502
238,89.9007,89.7981,89.6381,89.3751,88.8484
239,89.9000,89.7981,89.6372,89.3733,88.8459
240,89.8982,89.7981,89.6372,89.3716,88.8424
241,89.8965,89.7981,89.6372,89.3698,88.8389
242,89.8947,89.7981,89.6372,89.3681,88.8354
243,89.8930,89.7981,89.6372,89.3663,88.8319
244,89.8912,89.7981,89.6372,89.3646,88.8284
245,89.8895,89.7981,89.6372,89.3628,88.8249
246,89.8877,89.7981,89.6372,89.3610,88.8213
247,89.8862,89.7979,89.6369,89.3593,88.8176
248,89.8862,89.7961,89.6352,89.3575,88.8123
249,89.8862,89.7943,89.6334,89.3558,88.8070
250,89.8862,89.7926,89.6317,89.3540,88.8017
251,89.8862,89.7908,89.6299,89.3523,88.7965
252,89.8862,89.7891,89.6281,89.3505,88.7912
253,89.8862,89.7873,89.6264,89.3488,88.7859
254,89.8862,89.7856,89.6246,89.3470,88.7806
255,89.8862,89.7838,89.6229,89.3453,88.7753
256,89.8862,89.7835,89.6211,89.3435,88.7715
257,89.8862,89.7835,89.6194,89.3417,88.7679
258,89.8862,89.7835,89.6176,89.3400,88.7643
259,89.8862,89.7835,89.6159,89.3382,88.7607
260,89.8862,89.7835,89.6141,89.3365,88.7572
261,89.8862,89.7835,89.6124,89.3347,88.7536
262,89.8862,89.7835,89.6106,89.3330,88.7500
263,89.8862,89.7835,89.6089,89.3312,88.7465
264,89.8862,89.7826,89.6071,89.3285,88.7439
265,89.8862,89.7808,89.6053,89.3250,88.7421
266,89.8862,89.7791,89.6036,89.3215,88.7403
267,89.8862,89.7773,89.6018,89.3179,88.7386
268,89.8862,89.7756,89.6001,89.3144,88.7368
269,89.8862,89.7738,89.5983,89.3109,88.7351
270,89.8862,89.7721,89.5966,89.3073,88.7333
271,89.8862,89.7703,89.5948,89.3038,88.7316
272,89.8858,89.7690,89.5935,89.3007,88.7296
273,89.8841,89.7690,89.5935,89.2989,88.7270
274,89.8824,89.7690,89.5935,89.2972,88.7244
275,89.8807,89.7690,89.5935,89.2955,88.7218
276,89.8790,89.7690,89.5935,89.2937,88.7192
277,89.8773,89.7690,89.5935,89.2920,88.7166
278,89.8756,89.7690,89.5935,89.2902,88.7140
279,89.8739,89.7690,89.5935,89.2885,88.7115
280,89.8722,89.7690,89.5935,89.2867,88.7089
281,89.8716,89.7678,89.5923,89.2850,88.7063
282,89.8716,89.7660,89.5905,89.2832,88.7037
283,89.8716,89.7642,89.5888,89.2814,88.7011
284,89.8716,89.7625,89.5870,89.2796,88.6985
285,89.8716,89.7607,89.5852,89.2779,88.6959
286,89.8716,89.7590,89.5835,89.2761,88.6933
287,89.8716,89.7572,89.5817,89.2743,88.6907
288,89.8716,89.7555,89.5800,89.2725,88.6881
289,89.8716,89.7544,89.5782,89.2708,88.6852
290,89.8716,89.7544,89.5764,89.2690,88.6816
291,89.8716,89.7544,89.5747,89.2673,88.6781
292,89.8716,89.7544,89.5729,89.2655,88.6746
293,89.8716,89.7544,89.5711,89.2637,88.6711
294,89.8716,89.7544,89.5693,89.2620,88.6676
295,89.8716,89.7544,89.5676,89.2602,88.6640
296,89.8716,89.7544,89.5658,89.2585,88.6605
297,89.8716,89.7543,89.5640,89.2567,88.6570
298,89.8716,89.7525,89.5623,89.2550,88.6535
299,89.8716,89.7507,89.5605,89.2532,88.6500
300,89.8716,89.7490,89.5588,89.2515,88.6464
301,89.8716,89.7472,89.5570,89.2497,88.6429
302,89.8716,89.7455,89.5552,89.2480,88.6394
303,89.8716,89.7437,89.5535,89.2462,88.6359
304,89.8716,89.7420,89.5517,89.2445,88.6324
305,89.8716,89.7402,89.5500,89.2427,88.6289
306,89.8702,89.7398,89.5496,89.2409,88.6240
307,89.8685,89.7398,89.5496,89.2392,88.6187
308,89.8667,89.7398,89.5496,89.2374,88.6135
309,89.8649,89.7398,89.5496,89.2357,88.6082
310,89.8631,89.7398,89.5496,89.2339,88.6029
311,89.8614,89.7398,89.5496,89.2322,88.5977
312,89.8596,89.7398,89.5496,89.2304,88.5924
313,89.8578,89.7398,89.5496,89.2287,88.5872
314,89.8569,89.7398,89.5488,89.2261,88.5835
315,89.8569,89.7398,89.5470,89.2226,88.5817
316,89.8569,89.7398,89.5452,89.2191,88.5800
317,89.8569,89.7398,89.5435,89.2155,88.5782
318,89.8569,89.7398,89.5417,89.2120,88.5764
319,89.8569,89.7398,89.5400,89.2085,88.5746
320,89.8569,89.7398,89.5382,89.2050,88.5728
321,89.8569,89.7398,89.5365,89.2015,88.5710
322,89.8569,89.7395,89.5347,89.1983,88.5692
323,89.8569,89.7378,89.5330,89.1965,88.5675
324,89.8569,89.7360,89.5312,89.1948,88.5657
325,89.8569,89.7343,89.5295,89.1930,88.5639
326,89.8569,89.7325,89.5277,89.1913,88.5621
327,89.8569,89.7307,89.5259,89.1895,88.5603
328,89.8569,89.7290,89.5242,89.1878,88.5585
329,89.8569,89.7272,89.5224,89.1860,88.5567
330,89.8569,89.7255,89.5207,89.1843,88.5550
331,89.8569,89.7253,89.5205,89.1825,88.5501
332,89.8569,89.7253,89.5205,89.1807,88.5449
333,89.8569,89.7253,89.5205,89.1789,88.5396
334,89.8569,89.7253,89.5205,89.1772,88.5343
335,89.8569,89.7253,89.5205,89.1754,88.5291
336,89.8569,89.7253,89.5205,89.1736,88.5238
337,89.8569,89.7253,89.5205,89.1718,88.5185
338,89.8569,89.7253,89.5205,89.1701,88.5133
339,89.8569,89.7242,89.5194,89.1683,88.5100
340,89.8569,89.7225,89.5177,89.1665,88.5082
341,89.8569,89.7207,89.5159,89.1648,88.5065
342,89.8569,89.7189,89.5142,89.1630,88.5047
343,89.8569,89.7171,89.5124,89.1613,88.5029
344,89.8569,89.7154,89.5107,89.1595,88.5012
345,89.8569,89.7136,89.5089,89.1578,88.4994
346,89.8569,89.7118,89.5072,89.1560,88.4977
347,89.8564,89.7105,89.5054,89.1543,88.4959
348,89.8547,89.7105,89.5037,89.1525,88.4941
349,89.8529,89.7105,89.5019,89.1507,88.4924
350,89.8511,89.7105,89.5002,89.1490,88.4906
351,89.8494,89.7105,89.4984,89.1472,88.4888
352,89.8476,89.7105,89.4966,89.1455,88.4871
353,89.8459,89.7105,89.4949,89.1437,88.4853
354,89.8441,89.7105,89.4931,89.1420,88.4835
355,89.8424,89.7105,89.4914,89.1402,88.4818
356,89.8423,89.7088,89.4896,89.1385,88.4766
357,89.8423,89.7071,89.4879,89.1367,88.4714
358,89.8423,89.7053,89.4861,89.1349,88.4661
359,89.8423,89.7036,89.4844,89.1332,88.4608
360,89.8423,89.7018,89.4826,89.1314,88.4556
361,89.8423,89.7000,89.4809,89.1297,88.4503
362,89.8423,89.6983,89.4791,89.1279,88.4451
363,89.8423,89.6965,89.4773,89.1262,88.4398
364,89.8423,89.6959,89.4768,89.1244,88.4357
365,89.8423,89.6959,89.4768,89.1227,88.4321
366,89.8423,89.6959,89.4768,89.1209,88.4286
367,89.8423,89.6959,89.4768,89.1192,88.4251
368,89.8423,89.6959,89.4768,89.1174,88.4215
369,89.8423,89.6959,89.4768,89.1156,88.4180
370,89.8423,89.6959,89.4768,89.1139,88.4145
371,89.8423,89.6959,89.4768,89.1121,88.4109
372,89.8423,89.6953,89.4761,89.1097,88.4074
373,89.8423,89.6936,89.4743,89.1062,88.4039
374,89.8423,89.6918,89.4725,89.1026,88.4004
375,89.8423,89.6901,89.4707,89.0991,88.3968
376,89.8423,89.6883,89.4689,89.0955,88.3933
377,89.8423,89.6866,89.4671,89.0920,88.3898
378,89.8423,89.6848,89.4652,89.0884,88.3862
379,89.8423,89.6831,89.4634,89.0849,88.3827
380,89.8423,89.6814,89.4616,89.0813,88.3792
381,89.8405,89.6814,89.4599,89.0796,88.3774
382,89.8387,89.6814,89.4581,89.0778,88.3757
383,89.8369,89.6814,89.4564,89.0761,88.3739
384,89.8351,89.6814,89.4546,89.0743,88.3722
385,89.8333,89.6814,89.4528,89.0726,88.3704
386,89.8315,89.6814,89.4511,89.0708,88.3686
387,89.8297,89.6814,89.4493,89.0690,88.3669
388,89.8279,89.6814,89.4476,89.0673,88.3651
389,89.8274,89.6814,89.4471,89.0655,88.3634
390,89.8274,89.6814,89.4471,89.0638,88.3616
391,89.8274,89.6814,89.4471,89.0620,88.3598
392,89.8274,89.6814,89.4471,89.0602,88.3581
393,89.8274,89.6814,89.4471,89.0585,88.3563
394,89.8274,89.6814,89.4471,89.0567,88.3545
395,89.8274,89.6814,89.4471,89.0550,88.3528
396,89.8274,89.6814,89.4471,89.0532,88.3510
397,89.8274,89.6806,89.4463,89.0514,88.3492
398,89.8274,89.6788,89.4446,89.0497,88.3475
399,89.8274,89.6771,89.4428,89.0479,88.3457
400,89.8274,89.6753,89.4410,89.0461,88.3439
401,89.8274,89.6736,89.4393,89.0443,88.3421
402,89.8274,89.6718,89.4375,89.0426,88.3404
403,89.8274,89.6700,89.4358,89.0408,88.3386
404,89.8274,89.6683,89.4340,89.0390,88.3368
405,89.8274,89.6668,89.4322,89.0372,88.3349
406,89.8274,89.6668,89.4305,89.0355,88.3324
407,89.8274,89.6668,89.4287,89.0337,88.3298
408,89.8274,89.6668,89.4269,89.0319,88.3272
409,89.8274,89.6668,89.4251,89.0302,88.3246
410,89.8274,89.6668,89.4234,89.0284,88.3220
411,89.8274,89.6668,89.4216,89.0267,88.3194
412,89.8274,89.6668,89.4198,89.0249,88.3168
413,89.8274,89.6668,89.4180,89.0232,88.3142
414,89.8259,89.6653,89.4178,89.0215,88.3116
415,89.8242,89.6635,89.4178,89.0198,88.3090
416,89.8225,89.6618,89.4178,89.0181,88.3064
417,89.8208,89.6600,89.4178,89.0164,88.3039
418,89.8191,89.6582,89.4178,89.0147,88.3013
419,89.8174,89.6565,89.4178,89.0130,88.2987
420,89.8157,89.6547,89.4178,89.0113,88.2961
421,89.8140,89.6530,89.4178,89.0096,88.2935
422,89.8128,89.6517,89.4173,89.0079,88.2906
423,89.8128,89.6517,89.4155,89.0061,88.2871
424,89.8128,89.6517,89.4138,89.0043,88.2836
425,89.8128,89.6517,89.4120,89.0026,88.2801
426,89.8128,89.6517,89.4103,89.0008,88.2765
427,89.8128,89.6517,89.4085,88.9991,88.2730
428,89.8128,89.6517,89.4067,88.9973,88.2695
429,89.8128,89.6517,89.4050,88.9956,88.2660
430,89.8128,89.6517,89.4032,88.9938,88.2624
431,89.8128,89.6517,89.4015,88.9920,88.2589
432,89.8128,89.6517,89.3997,88.9903,88.2554
433,89.8128,89.6517,89.3979,88.9885,88.2518
434,89.8128,89.6517,89.3962,88.9868,88.2483
435,89.8128,89.6517,89.3944,88.9850,88.2448
436,89.8128,89.6517,89.3927,88.9832,88.2413
437,89.8128,89.6517,89.3909,88.9815,88.2377
438,89.8128,89.6517,89.3892,88.9797,88.2342
439,89.8128,89.6505,89.3874,88.9780,88.2320
440,89.8128,89.6487,89.3856,88.9762,88.2302
441,89.8128,89.6470,89.3839,88.9745,88.2284
442,89.8128,89.6452,89.3821,88.9727,88.2267
443,89.8128,89.6434,89.3804,88.9709,88.2249
444,89.8128,89.6417,89.3786,88.9692,88.2232
445,89.8128,89.6399,89.3769,88.9674,88.2214
446,89.8128,89.6382,89.3751,88.9657,88.2197
447,89.8121,89.6372,89.3741,88.9639,88.2179
448,89.8103,89.6372,89.3741,88.9622,88.2161
449,89.8085,89.6372,89.3741,88.9604,88.2144
450,89.8067,89.6372,89.3741,88.9586,88.2126
451,89.8049,89.6372,89.3741,88.9569,88.2109
452,89.8032,89.6372,89.3741,88.9551,88.2091
453,89.8014,89.6372,89.3741,88.9534,88.2073
454,89.7996,89.6372,89.3741,88.9516,88.2056
455,89.7981,89.6369,89.3738,88.9499,88.2037
456,89.7981,89.6352,89.3721,88.9481,88.2011
457,89.7981,89.6334,89.3704,88.9463,88.1984
458,89.7981,89.6317,89.3686,88.9446,88.1957
459,89.7981,89.6300,89.3669,88.9428,88.1931
460,89.7981,89.6282,89.3652,88.9411,88.1904
461,89.7981,89.6265,89.3634,88.9393,88.1878
462,89.7981,89.6248,89.3617,88.9375,88.1851
463,89.7981,89.6230,89.3599,88.9358,88.1825
464,89.7981,89.6226,89.3582,88.9340,88.1798
465,89.7981,89.6226,89.3564,88.9322,88.1772
466,89.7981,89.6226,89.3547,88.9304,88.1745
467,89.7981,89.6226,89.3529,88.9286,88.1719
468,89.7981,89.6226,89.3512,88.9268,88.1692
469,89.7981,89.6226,89.3494,88.9250,88.1666
470,89.7981,89.6226,89.3477,88.9232,88.1639
471,89.7981,89.6226,89.3459,88.9214,88.1613
472,89.7981,89.6218,89.3450,88.9196,88.1582
473,89.7981,89.6200,89.3450,88.9179,88.1547
474,89.7981,89.6183,89.3450,88.9161,88.1512
475,89.7981,89.6165,89.3450,88.9143,88.1477
476,89.7981,89.6147,89.3450,88.9126,88.1441
477,89.7981,89.6130,89.3450,88.9108,88.1406
478,89.7981,89.6112,89.3450,88.9091,88.1371
479,89.7981,89.6095,89.3450,88.9073,88.1336
480,89.7981,89.6080,89.3446,88.9056,88.1302
481,89.7981,89.6080,89.3429,88.9038,88.1276
482,89.7981,89.6080,89.3411,88.9020,88.1249
483,89.7981,89.6080,89.3394,88.9002,88.1223
484,89.7981,89.6080,89.3376,88.8984,88.1197
485,89.7981,89.6080,89.3359,88.8967,88.1170
486,89.7981,89.6080,89.3341,88.8949,88.1144
487,89.7981,89.6080,89.3323,88.8931,88.1117
488,89.7981,89.6080,89.3306,88.8913,88.1091
489,89.7965,89.6080,89.3304,88.8896,88.1064
490,89.7948,89.6080,89.3304,88.8878,88.1038
491,89.7930,89.6080,89.3304,88.8861,88.1011
492,89.7912,89.6080,89.3304,88.8843,88.0985
493,89.7895,89.6080,89.3304,88.8825,88.0958
494,89.7877,89.6080,89.3304,88.8808,88.0932
495,89.7860,89.6080,89.3304,88.8790,88.0905
496,89.7842,89.6080,89.3304,88.8773,88.0879
497,89.7835,89.6070,89.3293,88.8755,88.0858
498,89.7835,89.6052,89.3275,88.8737,88.0840
499,89.7835,89.6034,89.3258,88.8720,88.0823
500,89.7835,89.6017,89.3240,88.8702,88.0805
501,89.7835,89.5999,89.3222,88.8685,88.0788
502,89.7835,89.5982,89.3204,88.8667,88.0771
503,89.7835,89.5964,89.3186,88.8650,88.0753
504,89.7835,89.5947,89.3169,88.8632,88.0736
505,89.7835,89.5935,89.3151,88.8614,88.0718
506,89.7835,89.5935,89.3134,88.8597,88.0701
507,89.7835,89.5935,89.3116,88.8580,88.0683
508,89.7835,89.5935,89.3099,88.8562,88.0666
509,89.7835,89.5935,89.3081,88.8545,88.0648
510,89.7835,89.5935,89.3064,88.8528,88.0631
511,89.7835,89.5935,89.3047,88.8510,88.0613
512,89.7835,89.5935,89.3029,88.8493,88.0596
513,89.7835,89.5935,89.3012,88.8476,88.0578
514,89.7835,89.5918,89.3011,88.8458,88.0544
515,89.7835,89.5901,89.3011,88.8440,88.0509
516,89.7835,89.5883,89.3011,88.8423,88.0474
517,89.7835,89.5865,89.3011,88.8405,88.0439
518,89.7835,89.5848,89.3011,88.8388,88.0404
519,89.7835,89.5830,89.3011,88.8370,88.0369
520,89.7835,89.5813,89.3011,88.8352,88.0333
521,89.7835,89.5795,89.3011,88.8335,88.0298
522,89.7824,89.5789,89.2999,88.8317,88.0274
523,89.7806,89.5789,89.2981,88.8300,88.0256
524,89.7789,89.5789,89.2963,88.8282,88.0238
525,89.7771,89.5789,89.2945,88.8265,88.0221
526,89.7753,89.5789,89.2927,88.8247,88.0203
527,89.7736,89.5789,89.2909,88.8229,88.0185
528,89.7718,89.5789,89.2891,88.8212,88.0167
529,89.7701,89.5789,89.2873,88.8194,88.0149
530,89.7690,89.5789,89.2855,88.8177,88.0131
531,89.7690,89.5789,89.2837,88.8159,88.0113
532,89.7690,89.5789,89.2820,88.8142,88.0095
533,89.7690,89.5789,89.2802,88.8124,88.0077
534,89.7690,89.5789,89.2784,88.8106,88.0060
535,89.7690,89.5789,89.2766,88.8089,88.0042
536,89.7690,89.5789,89.2749,88.8071,88.0024
537,89.7690,89.5789,89.2731,88.8054,88.0006
538,89.7690,89.5788,89.2714,88.8036,87.9987
539,89.7690,89.5770,89.2714,88.8018,87.9951
540,89.7690,89.5752,89.2714,88.8000,87.9916
541,89.7690,89.5734,89.2714,88.7983,87.9881
542,89.7690,89.5716,89.2714,88.7965,87.9845
543,89.7690,89.5699,89.2714,88.7947,87.9810
544,89.7690,89.5681,89.2714,88.7929,87.9774
545,89.7690,89.5663,89.2714,88.7912,87.9739
546,89.7690,89.5645,89.2714,88.7894,87.9704
547,89.7690,89.5642,89.2701,88.7877,87.9683
548,89.7690,89.5642,89.2684,88.7860,87.9666
549,89.7690,89.5642,89.2667,88.7843,87.9649
550,89.7690,89.5642,89.2650,88.7826,87.9632
551,89.7690,89.5642,89.2633,88.7809,87.9615
552,89.7690,89.5642,89.2616,88.7792,87.9598
553,89.7690,89.5642,89.2599,88.7775,87.9581
554,89.7690,89.5642,89.2582,88.7758,87.9564
555,89.7686,89.5638,89.2565,88.7741,87.9547
556,89.7668,89.5620,89.2547,88.7723,87.9529
557,89.7651,89.5603,89.2530,88.7706,87.9512
558,89.7633,89.5585,89.2512,88.7688,87.9494
559,89.7616,89.5568,89.2495,88.7670,87.9477
560,89.7598,89.5550,89.2477,88.7653,87.9459
561,89.7580,89.5532,89.2460,88.7635,87.9442
562,89.7563,89.5515,89.2442,88.7618,87.9424
563,89.7545,89.5497,89.2424,88.7600,87.9406
564,89.7544,89.5496,89.2423,88.7582,87.9389
565,89.7544,89.5496,89.2423,88.7564,87.9371
566,89.7544,89.5496,89.2423,88.7546,87.9354
567,89.7544,89.5496,89.2423,88.7527,87.9336
568,89.7544,89.5496,89.2423,88.7509,87.9318
569,89.7544,89.5496,89.2423,88.7491,87.9301
570,89.7544,89.5496,89.2423,88.7473,87.9283
571,89.7544,89.5496,89.2423,88.7454,87.9266
572,89.7544,89.5496,89.2412,88.7437,87.9237
573,89.7544,89.5496,89.2394,88.7419,87.9202
574,89.7544,89.5496,89.2377,88.7402,87.9167
575,89.7544,89.5496,89.2359,88.7384,87.9132
576,89.7544,89.5496,89.2342,88.7366,87.9096
577,89.7544,89.5496,89.2324,88.7349,87.9061
578,89.7544,89.5496,89.2306,88.7331,87.9026
579,89.7544,89.5496,89.2289,88.7314,87.8991
580,89.7544,89.5490,89.2271,88.7296,87.8962
581,89.7544,89.5472,89.2254,88.7278,87.8944
582,89.7544,89.5455,89.2236,88.7261,87.8927
583,89.7544,89.5437,89.2219,88.7243,87.8909
584,89.7544,89.5419,89.2201,88.7226,87.8892
585,89.7544,89.5402,89.2183,88.7208,87.8874
586,89.7544,89.5384,89.2166,88.7191,87.8856
587,89.7544,89.5367,89.2148,88.7173,87.8839
588,89.7544,89.5350,89.2132,88.7155,87.8821
589,89.7544,89.5350,89.2132,88.7138,87.8804
590,89.7544,89.5350,89.2132,88.7121,87.8786
591,89.7544,89.5350,89.2132,88.7103,87.8769
592,89.7544,89.5350,89.2132,88.7086,87.8751
593,89.7544,89.5350,89.2132,88.7069,87.8733
594,89.7544,89.5350,89.2132,88.7051,87.8716
595,89.7544,89.5350,89.2132,88.7034,87.8698
596,89.7544,89.5350,89.2132,88.7016,87.8681
597,89.7532,89.5338,89.2120,88.6999,87.8663
598,89.7514,89.5321,89.2102,88.6981,87.8645
599,89.7497,89.5303,89.2085,88.6964,87.8628
600,89.7479,89.5286,89.2067,88.6946,87.8610
601,89.7462,89.5268,89.2050,88.6929,87.8593
602,89.7444,89.5250,89.2032,88.6911,87.8575
603,89.7427,89.5233,89.2014,88.6893,87.8558
604,89.7409,89.5215,89.1997,88.6876,87.8540
605,89.7398,89.5205,89.1986,88.6858,87.8515
606,89.7398,89.5205,89.1986,88.6841,87.8480
607,89.7398,89.5205,89.1986,88.6823,87.8444
608,89.7398,89.5205,89.1986,88.6806,87.8408
609,89.7398,89.5205,89.1986,88.6788,87.8372
610,89.7398,89.5205,89.1986,88.6770,87.8336
611,89.7398,89.5205,89.1986,88.6753,87.8301
612,89.7398,89.5205,89.1986,88.6735,87.8265
613,89.7398,89.5205,89.1984,88.6719,87.8231
614,89.7398,89.5205,89.1967,88.6719,87.8213
615,89.7398,89.5205,89.1949,88.6719,87.8196
616,89.7398,89.5205,89.1932,88.6719,87.8178
617,89.7398,89.5205,89.1914,88.6719,87.8161
618,89.7398,89.5205,89.1896,88.6719,87.8143
619,89.7398,89.5205,89.1879,88.6719,87.8125
620,89.7398,89.5205,89.1861,88.6719,87.8108
621,89.7398,89.5205,89.1844,88.6719,87.8090
622,89.7398,89.5190,89.1826,88.6705,87.8073
623,89.7398,89.5173,89.1808,88.6688,87.8055
624,89.7398,89.5155,89.1790,88.6670,87.8038
625,89.7398,89.5138,89.1773,88.6652,87.8020
626,89.7398,89.5120,89.1755,88.6635,87.8002
627,89.7398,89.5102,89.1737,88.6617,87.7985
628,89.7398,89.5085,89.1719,88.6600,87.7967
629,89.7398,89.5067,89.1701,88.6582,87.7950
630,89.7389,89.5059,89.1693,88.6564,87.7932
631,89.7371,89.5059,89.1693,88.6547,87.7915
632,89.7354,89.5059,89.1693,88.6529,87.7897
633,89.7336,89.5059,89.1693,88.6511,87.7879
634,89.7319,89.5059,89.1693,88.6493,87.7862
635,89.7301,89.5059,89.1693,88.6476,87.7844
636,89.7283,89.5059,89.1693,88.6458,87.7827
637,89.7266,89.5059,89.1693,88.6440,87.7809
638,89.7253,89.5055,89.1689,88.6422,87.7791
639,89.7253,89.5037,89.1671,88.6405,87.7774
640,89.7253,89.5020,89.1654,88.6387,87.7756
641,89.7253,89.5002,89.1636,88.6369,87.7739
642,89.7253,89.4984,89.1618,88.6352,87.7721
643,89.7253,89.4967,89.1601,88.6334,87.7704
644,89.7253,89.4949,89.1583,88.6317,87.7686
645,89.7253,89.4932,89.1566,88.6299,87.7668
646,89.7253,89.4914,89.1548,88.6282,87.7651
647,89.7253,89.4913,89.1547,88.6264,87.7617
648,89.7253,89.4913,89.1547,88.6247,87.7582
649,89.7253,89.4913,89.1547,88.6229,87.7547
650,89.7253,89.4913,89.1547,88.6212,87.7513
651,89.7253,89.4913,89.1547,88.6195,87.7478
652,89.7253,89.4913,89.1547,88.6177,87.7443
653,89.7253,89.4913,89.1547,88.6160,87.7408
654,89.7253,89.4913,89.1547,88.6143,87.7374
655,89.7253,89.4913,89.1537,88.6125,87.7349
656,89.7253,89.4913,89.1520,88.6108,87.7331
657,89.7253,89.4913,89.1502,88.6090,87.7313
658,89.7253,89.4913,89.1485,88.6072,87.7295
659,89.7253,89.4913,89.1467,88.6055,87.7277
660,89.7253,89.4913,89.1449,88.6037,87.7260
661,89.7253,89.4913,89.1432,88.6020,87.7242
662,89.7253,89.4913,89.1414,88.6002,87.7224
663,89.7253,89.4908,89.1397,88.5984,87.7206
664,89.7253,89.4891,89.1379,88.5967,87.7189
665,89.7253,89.4873,89.1362,88.5949,87.7171
666,89.7253,89.4856,89.1344,88.5932,87.7154
667,89.7253,89.4838,89.1326,88.5914,87.7136
668,89.7253,89.4820,89.1309,88.5897,87.7118
669,89.7253,89.4803,89.1291,88.5879,87.7101
670,89.7253,89.4785,89.1274,88.5861,87.7083
671,89.7253,89.4768,89.1256,88.5844,87.7066
672,89.7235,89.4768,89.1256,88.5826,87.7048
673,89.7217,89.4768,89.1256,88.5809,87.7031
674,89.7199,89.4768,89.1256,88.5791,87.7013
675,89.7182,89.4768,89.1256,88.5774,87.6995
676,89.7164,89.4768,89.1256,88.5756,87.6978
677,89.7146,89.4768,89.1256,88.5738,87.6960
678,89.7128,89.4768,89.1256,88.5721,87.6943
679,89.7110,89.4768,89.1256,88.5703,87.6925
680,89.7105,89.4768,89.1244,88.5698,87.6908
681,89.7105,89.4768,89.1227,88.5698,87.6891
682,89.7105,89.4768,89.1210,88.5698,87.6874
683,89.7105,89.4768,89.1193,88.5698,87.6857
684,89.7105,89.4768,89.1176,88.5698,87.6840
685,89.7105,89.4768,89.1159,88.5698,87.6823
686,89.7105,89.4768,89.1142,88.5698,87.6806
687,89.7105,89.4768,89.1125,88.5698,87.6789
688,89.7105,89.4765,89.1110,88.5696,87.6772
689,89.7105,89.4747,89.1110,88.5678,87.6754
690,89.7105,89.4729,89.1110,88.5659,87.6736
691,89.7105,89.4711,89.1110,88.5641,87.6718
692,89.7105,89.4692,89.1110,88.5623,87.6701
693,89.7105,89.4674,89.1110,88.5605,87.6683
694,89.7105,89.4656,89.1110,88.5587,87.6665
695,89.7105,89.4638,89.1110,88.5568,87.6647
696,89.7105,89.4620,89.1110,88.5550,87.6629
697,89.7105,89.4617,89.1095,88.5533,87.6611
698,89.7105,89.4617,89.1077,88.5515,87.6593
699,89.7105,89.4617,89.1059,88.5497,87.6575
700,89.7105,89.4617,89.1040,88.5480,87.6557
701,89.7105,89.4617,89.1022,88.5462,87.6539
702,89.7105,89.4617,89.1004,88.5445,87.6522
703,89.7105,89.4617,89.0986,88.5427,87.6504
704,89.7105,89.4617,89.0968,88.5409,87.6486
705,89.7105,89.4607,89.0950,88.5392,87.6458
706,89.7105,89.4589,89.0932,88.5374,87.6423
707,89.7105,89.4572,89.0915,88.5357,87.6388
708,89.7105,89.4554,89.0897,88.5339,87.6353
709,89.7105,89.4537,89.0879,88.5322,87.6318
710,89.7105,89.4519,89.0862,88.5304,87.6283
711,89.7105,89.4502,89.0844,88.5286,87.6247
712,89.7105,89.4484,89.0827,88.5269,87.6212
713,89.7101,89.4471,89.0814,88.5251,87.6182
714,89.7083,89.4471,89.0814,88.5234,87.6164
715,89.7065,89.4471,89.0814,88.5216,87.6147
716,89.7048,89.4471,89.0814,88.5199,87.6129
717,89.7030,89.4471,89.0814,88.5181,87.6111
718,89.7013,89.4471,89.0814,88.5163,87.6094
719,89.6995,89.4471,89.0814,88.5146,87.6076
720,89.6977,89.4471,89.0814,88.5128,87.6059
721,89.6960,89.4471,89.0814,88.5111,87.6041
722,89.6959,89.4471,89.0797,88.5093,87.6023
723,89.6959,89.4471,89.0779,88.5075,87.6006
724,89.6959,89.4471,89.0761,88.5057,87.5988
725,89.6959,89.4471,89.0744,88.5039,87.5970
726,89.6959,89.4471,89.0726,88.5022,87.5952
727,89.6959,89.4471,89.0709,88.5004,87.5934
728,89.6959,89.4471,89.0691,88.4986,87.5917
729,89.6959,89.4471,89.0674,88.4968,87.5899
730,89.6959,89.4459,89.0668,88.4963,87.5881
731,89.6959,89.4442,89.0668,88.4963,87.5864
732,89.6959,89.4424,89.0668,88.4963,87.5847
733,89.6959,89.4407,89.0668,88.4963,87.5829
734,89.6959,89.4390,89.0668,88.4963,87.5812
735,89.6959,89.4372,89.0668,88.4963,87.5795
736,89.6959,89.4355,89.0668,88.4963,87.5777
737,89.6959,89.4337,89.0668,88.4963,87.5760
738,89.6959,89.4325,89.0663,88.4957,87.5742
739,89.6959,89.4325,89.0645,88.4940,87.5725
740,89.6959,89.4325,89.0628,88.4922,87.5707
741,89.6959,89.4325,89.0610,88.4905,87.5690
742,89.6959,89.4325,89.0592,88.4887,87.5672
743,89.6959,89.4325,89.0575,88.4870,87.5654
744,89.6959,89.4325,89.0557,88.4852,87.5637
745,89.6959,89.4325,89.0540,88.4834,87.5619
746,89.6959,89.4325,89.0522,88.4817,87.5602
747,89.6942,89.4325,89.0522,88.4799,87.5584
748,89.6924,89.4325,89.0522,88.4782,87.5567
749,89.6906,89.4325,89.0522,88.4764,87.5549
750,89.6889,89.4325,89.0522,88.4747,87.5531
751,89.6871,89.4325,89.0522,88.4729,87.5514
752,89.6854,89.4325,89.0522,88.4711,87.5496
753,89.6836,89.4325,89.0522,88.4694,87.5479
754,89.6819,89.4325,89.0522,88.4676,87.5461
755,89.6814,89.4312,89.0509,88.4659,87.5444
756,89.6814,89.4295,89.0492,88.4641,87.5426
757,89.6814,89.4277,89.0474,88.4623,87.5408
758,89.6814,89.4259,89.0456,88.4606,87.5391
759,89.6814,89.4241,89.0438,88.4588,87.5373
760,89.6814,89.4223,89.0420,88.4571,87.5356
761,89.6814,89.4206,89.0403,88.4553,87.5338
762,89.6814,89.4188,89.0385,88.4536,87.5320
763,89.6814,89.4178,89.0367,88.4518,87.5303
764,89.6814,89.4178,89.0350,88.4500,87.5285
765,89.6814,89.4178,89.0332,88.4483,87.5268
766,89.6814,89.4178,89.0314,88.4465,87.5250
767,89.6814,89.4178,89.0297,88.4448,87.5233
768,89.6814,89.4178,89.0279,88.4430,87.5215
769,89.6814,89.4178,89.0262,88.4413,87.5197
770,89.6814,89.4178,89.0244,88.4395,87.5180
771,89.6814,89.4175,89.0229,88.4380,87.5162
772,89.6814,89.4158,89.0229,88.4380,87.5145
773,89.6814,89.4140,89.0229,88.4380,87.5127
774,89.6814,89.4122,89.0229,88.4380,87.5110
775,89.6814,89.4105,89.0229,88.4380,87.5092
776,89.6814,89.4087,89.0229,88.4380,87.5074
777,89.6814,89.4070,89.0229,88.4380,87.5057
778,89.6814,89.4052,89.0229,88.4380,87.5039
779,89.6814,89.4035,89.0229,88.4380,87.5022
780,89.6814,89.4032,89.0214,88.4365,87.5004
781,89.6814,89.4032,89.0197,88.4348,87.4986
782,89.6814,89.4032,89.0180,88.4330,87.4969
783,89.6814,89.4032,89.0162,88.4313,87.4951
784,89.6814,89.4032,89.0145,88.4296,87.4934
785,89.6814,89.4032,89.0127,88.4278,87.4916
786,89.6814,89.4032,89.0110,88.4261,87.4899
787,89.6814,89.4032,89.0093,88.4243,87.4881
788,89.6805,89.4032,89.0084,88.4226,87.4863
789,89.6788,89.4032,89.0084,88.4208,87.4846
790,89.6770,89.4032,89.0084,88.4190,87.4828
791,89.6753,89.4032,89.0084,88.4173,87.4811
792,89.6735,89.4032,89.0084,88.4155,87.4793
793,89.6717,89.4032,89.0084,88.4137,87.4776
794,89.6700,89.4032,89.0084,88.4119,87.4758
795,89.6682,89.4032,89.0084,88.4101,87.4740
796,89.6668,89.4029,89.0080,88.4084,87.4723
797,89.6668,89.4011,89.0063,88.4066,87.4705
798,89.6668,89.3994,89.0045,88.4048,87.4687
799,89.6668,89.3976,89.0027,88.4031,87.4669
800,89.6668,89.3958,89.0010,88.4013,87.4651
801,89.6668,89.3941,88.9992,88.3996,87.4633
802,89.6668,89.3923,88.9975,88.3978,87.4615
803,89.6668,89.3906,88.9957,88.3961,87.4597
804,89.6668,89.3888,88.9940,88.3943,87.4579
805,89.6668,89.3887,88.9938,88.3925,87.4561
806,89.6668,89.3887,88.9938,88.3907,87.4543
807,89.6668,89.3887,88.9938,88.3889,87.4525
808,89.6668,89.3887,88.9938,88.3871,87.4508
809,89.6668,89.3887,88.9938,88.3853,87.4490
810,89.6668,89.3887,88.9938,88.3835,87.4472
811,89.6668,89.3887,88.9938,88.3817,87.4454
812,89.6668,89.3887,88.9938,88.3799,87.4436
813,89.6668,89.3887,88.9927,88.3792,87.4419
814,89.6668,89.3887,88.9909,88.3792,87.4401
815,89.6668,89.3887,88.9892,88.3792,87.4384
816,89.6668,89.3887,88.9874,88.3792,87.4366
817,89.6668,89.3887,88.9857,88.3792,87.4348
818,89.6668,89.3887,88.9839,88.3792,87.4331
819,89.6668,89.3887,88.9822,88.3792,87.4313
820,89.6668,89.3887,88.9804,88.3792,87.4296
821,89.6668,89.3881,88.9792,88.3787,87.4278
822,89.6668,89.3864,88.9792,88.3770,87.4261
823,89.6668,89.3847,88.9792,88.3753,87.4244
824,89.6668,89.3830,88.9792,88.3736,87.4227
825,89.6668,89.3813,88.9792,88.3719,87.4210
826,89.6668,89.3796,88.9792,88.3702,87.4194
827,89.6668,89.3779,88.9792,88.3685,87.4177
828,89.6668,89.3762,88.9792,88.3668,87.4160
829,89.6668,89.3745,88.9792,88.3651,87.4143
830,89.6654,89.3741,88.9779,88.3633,87.4125
831,89.6636,89.3741,88.9762,88.3615,87.4108
832,89.6618,89.3741,88.9744,88.3598,87.4090
833,89.6600,89.3741,88.9726,88.3580,87.4072
834,89.6582,89.3741,88.9709,88.3562,87.4055
835,89.6563,89.3741,88.9691,88.3544,87.4037
836,89.6545,89.3741,88.9674,88.3527,87.4020
837,89.6527,89.3741,88.9656,88.3509,87.4002
838,89.6517,89.3741,88.9638,88.3491,87.3985
839,89.6517,89.3741,88.9621,88.3473,87.3967
840,89.6517,89.3741,88.9603,88.3456,87.3949
841,89.6517,89.3741,88.9586,88.3438,87.3932
842,89.6517,89.3741,88.9568,88.3421,87.3914
843,89.6517,89.3741,88.9551,88.3403,87.3897
844,89.6517,89.3741,88.9533,88.3386,87.3879
845,89.6517,89.3741,88.9515,88.3368,87.3861
846,89.6517,89.3738,88.9501,88.3354,87.3844
847,89.6517,89.3720,88.9501,88.3354,87.3826
848,89.6517,89.3703,88.9501,88.3354,87.3809
849,89.6517,89.3685,88.9501,88.3354,87.3791
850,89.6517,89.3667,88.9501,88.3354,87.3774
851,89.6517,89.3650,88.9501,88.3354,87.3756
852,89.6517,89.3632,88.9501,88.3354,87.3738
853,89.6517,89.3615,88.9501,88.3354,87.3721
854,89.6517,89.3597,88.9501,88.3354,87.3703
855,89.6517,89.3595,88.9485,88.3338,87.3686
856,89.6517,89.3595,88.9467,88.3320,87.3668
857,89.6517,89.3595,88.9450,88.3303,87.3651
858,89.6517,89.3595,88.9432,88.3285,87.3633
859,89.6517,89.3595,88.9414,88.3268,87.3615
860,89.6517,89.3595,88.9396,88.3250,87.3598
861,89.6517,89.3595,88.9378,88.3232,87.3580
862,89.6517,89.3595,88.9361,88.3215,87.3563
863,89.6517,89.3595,88.9354,88.3197,87.3545
864,89.6517,89.3595,88.9354,88.3180,87.3528
865,89.6517,89.3595,88.9354,88.3163,87.3510
866,89.6517,89.3595,88.9354,88.3145,87.3492
867,89.6517,89.3595,88.9354,88.3128,87.3475
868,89.6517,89.3595,88.9354,88.3111,87.3457
869,89.6517,89.3595,88.9354,88.3093,87.3440
870,89.6517,89.3595,88.9354,88.3076,87.3422
871,89.6513,89.3591,88.9350,88.3058,87.3404
872,89.6496,89.3574,88.9332,88.3041,87.3387
873,89.6478,89.3556,88.9314,88.3023,87.3369
874,89.6461,89.3539,88.9296,88.3006,87.3352
875,89.6443,89.3521,88.9278,88.2988,87.3334
876,89.6426,89.3504,88.9260,88.2970,87.3317
877,89.6408,89.3486,88.9242,88.2953,87.3299
878,89.6390,89.3468,88.9224,88.2935,87.3281
879,89.6373,89.3451,88.9206,88.2918,87.3264
880,89.6372,89.3450,88.9204,88.2917,87.3246
881,89.6372,89.3450,88.9204,88.2917,87.3229
882,89.6372,89.3450,88.9204,88.2917,87.3211
883,89.6372,89.3450,88.9204,88.2917,87.3194
884,89.6372,89.3450,88.9204,88.2917,87.3176
885,89.6372,89.3450,88.9204,88.2917,87.3158
886,89.6372,89.3450,88.9204,88.2917,87.3141
887,89.6372,89.3450,88.9204,88.2917,87.3123
888,89.6372,89.3438,88.9193,88.2905,87.3106
889,89.6372,89.3421,88.9176,88.2888,87.3088
890,89.6372,89.3403,88.9158,88.2870,87.3070
891,89.6372,89.3386,88.9140,88.2852,87.3053
892,89.6372,89.3368,88.9123,88.2835,87.3035
893,89.6372,89.3350,88.9105,88.2817,87.3018
894,89.6372,89.3333,88.9088,88.2800,87.3000
895,89.6372,89.3315,88.9070,88.2782,87.2983
896,89.6372,89.3304,88.9059,88.2764,87.2965
897,89.6372,89.3304,88.9059,88.2747,87.2947
898,89.6372,89.3304,88.9059,88.2729,87.2928
899,89.6372,89.3304,88.9059,88.2711,87.2910
900,89.6372,89.3304,88.9059,88.2693,87.2892
901,89.6372,89.3304,88.9059,88.2676,87.2874
902,89.6372,89.3304,88.9059,88.2658,87.2856
903,89.6372,89.3304,88.9059,88.2640,87.2837
904,89.6372,89.3304,88.9058,88.2622,87.2819
905,89.6372,89.3304,88.9040,88.2605,87.2802
906,89.6372,89.3304,88.9022,88.2587,87.2784
907,89.6372,89.3304,88.9004,88.2569,87.2766
908,89.6372,89.3304,88.8986,88.2552,87.2749
909,89.6372,89.3304,88.8969,88.2534,87.2731
910,89.6372,89.3304,88.8951,88.2517,87.2714
911,89.6372,89.3304,88.8933,88.2499,87.2696
912,89.6372,89.3304,88.8915,88.2482,87.2679
913,89.6358,89.3290,88.8911,88.2478,87.2675
914,89.6340,89.3272,88.8911,88.2478,87.2675
915,89.6323,89.3254,88.8911,88.2478,87.2675
916,89.6305,89.3237,88.8911,88.2478,87.2675
917,89.6287,89.3219,88.8911,88.2478,87.2675
918,89.6270,89.3201,88.8911,88.2478,87.2675
919,89.6252,89.3183,88.8911,88.2478,87.2675
920,89.6235,89.3165,88.8911,88.2478,87.2675
921,89.6226,89.3157,88.8903,88.2469,87.2666
922,89.6226,89.3157,88.8885,88.2452,87.2649
923,89.6226,89.3157,88.8868,88.2434,87.2631
924,89.6226,89.3157,88.8851,88.2417,87.2614
925,89.6226,89.3157,88.8833,88.2400,87.2597
926,89.6226,89.3157,88.8816,88.2382,87.2579
927,89.6226,89.3157,88.8799,88.2365,87.2562
928,89.6226,89.3157,88.8781,88.2348,87.2545
929,89.6226,89.3157,88.8766,88.2330,87.2527
930,89.6226,89.3157,88.8766,88.2313,87.2510
931,89.6226,89.3157,88.8766,88.2295,87.2492
932,89.6226,89.3157,88.8766,88.2277,87.2474
933,89.6226,89.3157,88.8766,88.2260,87.2457
934,89.6226,89.3157,88.8766,88.2242,87.2439
935,89.6226,89.3157,88.8766,88.2225,87.2422
936,89.6226,89.3157,88.8766,88.2207,87.2404
937,89.6226,89.3157,88.8766,88.2190,87.2387
938,89.6226,89.3142,88.8751,88.2186,87.2369
939,89.6226,89.3124,88.8734,88.2186,87.2351
940,89.6226,89.3107,88.8716,88.2186,87.2334
941,89.6226,89.3089,88.8698,88.2186,87.2316
942,89.6226,89.3072,88.8681,88.2186,87.2299
943,89.6226,89.3054,88.8663,88.2186,87.2281
944,89.6226,89.3037,88.8646,88.2186,87.2263
945,89.6226,89.3019,88.8628,88.2186,87.2246
946,89.6226,89.3011,88.8620,88.2177,87.2228
947,89.6226,89.3011,88.8620,88.2159,87.2211
948,89.6226,89.3011,88.8620,88.2142,87.2193
949,89.6226,89.3011,88.8620,88.2124,87.2176
950,89.6226,89.3011,88.8620,88.2107,87.2158
951,89.6226,89.3011,88.8620,88.2089,87.2140
952,89.6226,89.3011,88.8620,88.2072,87.2123
953,89.6226,89.3011,88.8620,88.2054,87.2105
954,89.6222,89.3011,88.8616,88.2036,87.2088
955,89.6205,89.3011,88.8599,88.2019,87.2071
956,89.6188,89.3011,88.8582,88.2001,87.2053
957,89.6171,89.3011,88.8565,88.1984,87.2036
958,89.6154,89.3011,88.8548,88.1966,87.2019
959,89.6137,89.3011,88.8531,88.1948,87.2002
960,89.6120,89.3011,88.8514,88.1931,87.1985
961,89.6103,89.3011,88.8497,88.1913,87.1968
962,89.6086,89.3011,88.8480,88.1896,87.1950
963,89.6080,89.2999,88.8474,88.1878,87.1933
964,89.6080,89.2981,88.8474,88.1861,87.1915
965,89.6080,89.2963,88.8474,88.1843,87.1898
966,89.6080,89.2945,88.8474,88.1825,87.1880
967,89.6080,89.2927,88.8474,88.1808,87.1863
968,89.6080,89.2909,88.8474,88.1790,87.1845
969,89.6080,89.2891,88.8474,88.1773,87.1828
970,89.6080,89.2873,88.8474,88.1755,87.1810
971,89.6080,89.2862,88.8468,88.1744,87.1792
972,89.6080,89.2862,88.8450,88.1744,87.1775
973,89.6080,89.2862,88.8433,88.1744,87.1757
974,89.6080,89.2862,88.8415,88.1744,87.1740
975,89.6080,89.2862,88.8397,88.1744,87.1722
976,89.6080,89.2862,88.8380,88.1744,87.1704
977,89.6080,89.2862,88.8362,88.1744,87.1687
978,89.6080,89.2862,88.8345,88.1744,87.1669
979,89.6080,89.2862,88.8329,88.1743,87.1652
980,89.6080,89.2862,88.8329,88.1725,87.1634
981,89.6080,89.2862,88.8329,88.1707,87.1617
982,89.6080,89.2862,88.8329,88.1690,87.1599
983,89.6080,89.2862,88.8329,88.1672,87.1581
984,89.6080,89.2862,88.8329,88.1655,87.1564
985,89.6080,89.2862,88.8329,88.1637,87.1546
986,89.6080,89.2862,88.8329,88.1620,87.1529
987,89.6080,89.2862,88.8329,88.1602,87.1511
988,89.6080,89.2847,88.8315,88.1584,87.1508
989,89.6080,89.2830,88.8297,88.1567,87.1508
990,89.6080,89.2812,88.8279,88.1549,87.1508
991,89.6080,89.2794,88.8262,88.1532,87.1508
992,89.6080,89.2776,88.8244,88.1514,87.1508
993,89.6080,89.2758,88.8227,88.1496,87.1508
994,89.6080,89.2741,88.8209,88.1479,87.1508
995,89.6080,89.2723,88.8191,88.1461,87.1508
996,89.6071,89.2714,88.8183,88.1453,87.1499
997,89.6053,89.2714,88.8183,88.1453,87.1481
998,89.6036,89.2714,88.8183,88.1453,87.1463
999,89.6018,89.2714,88.8183,88.1453,87.1446
1000,89.6001,89.2714,88.8183,88.1453,87.1428
1001,89.5983,89.2714,88.8183,88.1453,87.1411
1002,89.5966,89.2714,88.8183,88.1453,87.1393
1003,89.5948,89.2714,88.8183,88.1453,87.1376
1004,89.5935,89.2714,88.8179,88.1449,87.1358
1005,89.5935,89.2714,88.8162,88.1431,87.1341
1006,89.5935,89.2714,88.8144,88.1414,87.1323
1007,89.5935,89.2714,88.8127,88.1397,87.1306
1008,89.5935,89.2714,88.8109,88.1379,87.1289
1009,89.5935,89.2714,88.8092,88.1362,87.1271
1010,89.5935,89.2714,88.8075,88.1345,87.1254
1011,89.5935,89.2714,88.8057,88.1327,87.1236
1012,89.5935,89.2714,88.8040,88.1310,87.1219
1013,89.5935,89.2699,88.8037,88.1292,87.1201
1014,89.5935,89.2682,88.8037,88.1274,87.1184
1015,89.5935,89.2664,88.8037,88.1257,87.1166
1016,89.5935,89.2647,88.8037,88.1239,87.1148
1017,89.5935,89.2629,88.8037,88.1221,87.1130
1018,89.5935,89.2612,88.8037,88.1203,87.1112
1019,89.5935,89.2594,88.8037,88.1185,87.1095
1020,89.5935,89.2576,88.8037,88.1168,87.1077
1021,89.5935,89.2569,88.8027,88.1160,87.1059
1022,89.5935,89.2569,88.8010,88.1160,87.1041
1023,89.5935,89.2569,88.7992,88.1160,87.1023
1024,89.5935,89.2569,88.7974,88.1160,87.1005
1025,89.5935,89.2569,88.7956,88.1160,87.0987
1026,89.5935,89.2569,88.7938,88.1160,87.0969
1027,89.5935,89.2569,88.7921,88.1160,87.0951
1028,89.5935,89.2569,88.7903,88.1160,87.0933
1029,89.5935,89.2569,88.7890,88.1155,87.0915
1030,89.5935,89.2569,88.7890,88.1137,87.0897
1031,89.5935,89.2569,88.7890,88.1120,87.0880
1032,89.5935,89.2569,88.7890,88.1102,87.0862
1033,89.5935,89.2569,88.7890,88.1085,87.0845
1034,89.5935,89.2569,88.7890,88.1067,87.0827
1035,89.5935,89.2569,88.7890,88.1050,87.0810
1036,89.5935,89.2569,88.7890,88.1032,87.0792
1037,89.5935,89.2569,88.7890,88.1014,87.0774
1038,89.5917,89.2551,88.7873,88.0997,87.0774
1039,89.5900,89.2534,88.7855,88.0979,87.0774
1040,89.5882,89.2516,88.7837,88.0962,87.0774
1041,89.5864,89.2499,88.7820,88.0944,87.0774
1042,89.5847,89.2481,88.7802,88.0927,87.0774
1043,89.5829,89.2463,88.7785,88.0909,87.0774
1044,89.5812,89.2446,88.7767,88.0891,87.0774
1045,89.5794,89.2428,88.7750,88.0874,87.0774
1046,89.5789,89.2423,88.7744,88.0869,87.0762
1047,89.5789,89.2423,88.7744,88.0869,87.0744
1048,89.5789,89.2423,88.7744,88.0869,87.0727
1049,89.5789,89.2423,88.7744,88.0869,87.0709
1050,89.5789,89.2423,88.7744,88.0869,87.0692
1051,89.5789,89.2423,88.7744,88.0869,87.0674
1052,89.5789,89.2423,88.7744,88.0869,87.0656
1053,89.5789,89.2423,88.7744,88.0869,87.0639
1054,89.5789,89.2423,88.7737,88.0861,87.0621
1055,89.5789,89.2423,88.7720,88.0844,87.0604
1056,89.5789,89.2423,88.7702,88.0827,87.0586
1057,89.5789,89.2423,88.7685,88.0809,87.0569
1058,89.5789,89.2423,88.7668,88.0792,87.0551
1059,89.5789,89.2423,88.7650,88.0774,87.0533
1060,89.5789,89.2423,88.7633,88.0757,87.0516
1061,89.5789,89.2423,88.7616,88.0740,87.0498
1062,89.5789,89.2422,88.7599,88.0722,87.0481
1063,89.5789,89.2405,88.7599,88.0705,87.0463
1064,89.5789,89.2387,88.7599,88.0687,87.0445
1065,89.5789,89.2370,88.7599,88.0670,87.0428
1066,89.5789,89.2352,88.7599,88.0652,87.0410
1067,89.5789,89.2335,88.7599,88.0634,87.0393
1068,89.5789,89.2317,88.7599,88.0617,87.0375
1069,89.5789,89.2299,88.7599,88.0599,87.0358
1070,89.5789,89.2282,88.7599,88.0582,87.0340
1071,89.5789,89.2277,88.7585,88.0577,87.0322
1072,89.5789,89.2277,88.7567,88.0577,87.0305
1073,89.5789,89.2277,88.7549,88.0577,87.0287
1074,89.5789,89.2277,88.7531,88.0577,87.0270
1075,89.5789,89.2277,88.7512,88.0577,87.0252
1076,89.5789,89.2277,88.7494,88.0577,87.0235
1077,89.5789,89.2277,88.7476,88.0577,87.0217
1078,89.5789,89.2277,88.7458,88.0577,87.0199
1079,89.5781,89.2277,88.7448,88.0569,87.0190
1080,89.5763,89.2277,88.7448,88.0552,87.0190
1081,89.5745,89.2277,88.7448,88.0534,87.0190
1082,89.5727,89.2277,88.7448,88.0516,87.0190
1083,89.5710,89.2277,88.7448,88.0499,87.0190
1084,89.5692,89.2277,88.7448,88.0481,87.0190
1085,89.5674,89.2277,88.7448,88.0464,87.0190
1086,89.5656,89.2277,88.7448,88.0446,87.0190
1087,89.5642,89.2274,88.7445,88.0429,87.0187
1088,89.5642,89.2257,88.7427,88.0411,87.0169
1089,89.5642,89.2239,88.7410,88.0393,87.0152
1090,89.5642,89.2222,88.7392,88.0376,87.0134
1091,89.5642,89.2204,88.7375,88.0358,87.0117
1092,89.5642,89.2186,88.7357,88.0341,87.0099
1093,89.5642,89.2169,88.7339,88.0323,87.0081
1094,89.5642,89.2151,88.7322,88.0306,87.0064
1095,89.5642,89.2134,88.7304,88.0288,87.0046
1096,89.5642,89.2132,88.7302,88.0286,87.0029
1097,89.5642,89.2132,88.7302,88.0286,87.0012
1098,89.5642,89.2132,88.7302,88.0286,86.9995
1099,89.5642,89.2132,88.7302,88.0286,86.9978
1100,89.5642,89.2132,88.7302,88.0286,86.9961
1101,89.5642,89.2132,88.7302,88.0286,86.9944
1102,89.5642,89.2132,88.7302,88.0286,86.9927
1103,89.5642,89.2132,88.7302,88.0286,86.9910
1104,89.5642,89.2132,88.7297,88.0280,86.9893
1105,89.5642,89.2132,88.7279,88.0262,86.9876
1106,89.5642,89.2132,88.7262,88.0244,86.9858
1107,89.5642,89.2132,88.7244,88.0226,86.9840
1108,89.5642,89.2132,88.7227,88.0208,86.9823
1109,89.5642,89.2132,88.7209,88.0189,86.9805
1110,89.5642,89.2132,88.7191,88.0171,86.9788
1111,89.5642,89.2132,88.7174,88.0153,86.9770
1112,89.5642,89.2131,88.7156,88.0135,86.9753
1113,89.5642,89.2114,88.7156,88.0117,86.9735
1114,89.5642,89.2096,88.7156,88.0100,86.9717
1115,89.5642,89.2079,88.7156,88.0082,86.9699
1116,89.5642,89.2061,88.7156,88.0064,86.9681
1117,89.5642,89.2044,88.7156,88.0047,86.9664
1118,89.5642,89.2026,88.7156,88.0029,86.9646
1119,89.5642,89.2008,88.7156,88.0012,86.9628
1120,89.5642,89.1991,88.7156,87.9994,86.9610
1121,89.5629,89.1986,88.7144,87.9989,86.9605
1122,89.5611,89.1986,88.7126,87.9989,86.9605
1123,89.5594,89.1986,88.7109,87.9989,86.9605
1124,89.5576,89.1986,88.7091,87.9989,86.9605
1125,89.5558,89.1986,88.7073,87.9989,86.9605
1126,89.5541,89.1986,88.7056,87.9989,86.9605
1127,89.5523,89.1986,88.7038,87.9989,86.9605
1128,89.5506,89.1986,88.7021,87.9989,86.9605
1129,89.5496,89.1986,88.7011,87.9982,86.9598
1130,89.5496,89.1986,88.7011,87.9964,86.9580
1131,89.5496,89.1986,88.7011,87.9946,86.9563
1132,89.5496,89.1986,88.7011,87.9929,86.9545
1133,89.5496,89.1986,88.7011,87.9911,86.9527
1134,89.5496,89.1986,88.7011,87.9894,86.9510
1135,89.5496,89.1986,88.7011,87.9876,86.9492
1136,89.5496,89.1986,88.7011,87.9859,86.9475
1137,89.5496,89.1986,88.7008,87.9841,86.9457
1138,89.5496,89.1986,88.6991,87.9823,86.9440
1139,89.5496,89.1986,88.6973,87.9806,86.9422
1140,89.5496,89.1986,88.6956,87.9788,86.9405
1141,89.5496,89.1986,88.6939,87.9771,86.9388
1142,89.5496,89.1986,88.6921,87.9753,86.9370
1143,89.5496,89.1986,88.6904,87.9736,86.9353
1144,89.5496,89.1986,88.6887,87.9718,86.9336
1145,89.5496,89.1986,88.6869,87.9700,86.9318
1146,89.5496,89.1973,88.6865,87.9696,86.9300
1147,89.5496,89.1955,88.6865,87.9696,86.9282
1148,89.5496,89.1937,88.6865,87.9696,86.9264
1149,89.5496,89.1920,88.6865,87.9696,86.9246
1150,89.5496,89.1902,88.6865,87.9696,86.9228
1151,89.5496,89.1885,88.6865,87.9696,86.9210
1152,89.5496,89.1867,88.6865,87.9696,86.9192
1153,89.5496,89.1849,88.6865,87.9696,86.9174
1154,89.5496,89.1840,88.6857,87.9688,86.9165
1155,89.5496,89.1840,88.6839,87.9670,86.9165
1156,89.5496,89.1840,88.6822,87.9653,86.9165
1157,89.5496,89.1840,88.6804,87.9635,86.9165
1158,89.5496,89.1840,88.6786,87.9618,86.9165
1159,89.5496,89.1840,88.6769,87.9600,86.9165
1160,89.5496,89.1840,88.6751,87.9582,86.9165
1161,89.5496,89.1840,88.6734,87.9565,86.9165
1162,89.5496,89.1840,88.6719,87.9551,86.9162
1163,89.5496,89.1840,88.6719,87.9551,86.9144
1164,89.5496,89.1840,88.6719,87.9551,86.9126
1165,89.5496,89.1840,88.6719,87.9551,86.9108
1166,89.5496,89.1840,88.6719,87.9551,86.9090
1167,89.5496,89.1840,88.6719,87.9551,86.9073
1168,89.5496,89.1840,88.6719,87.9551,86.9055
1169,89.5496,89.1840,88.6719,87.9551,86.9037
1170,89.5496,89.1840,88.6719,87.9551,86.9019
1171,89.5480,89.1824,88.6719,87.9535,86.9002
1172,89.5462,89.1806,88.6719,87.9517,86.8984
1173,89.5445,89.1789,88.6719,87.9500,86.8966
1174,89.5427,89.1771,88.6719,87.9482,86.8949
1175,89.5410,89.1753,88.6719,87.9464,86.8931
1176,89.5392,89.1735,88.6719,87.9447,86.8914
1177,89.5374,89.1717,88.6719,87.9429,86.8896
1178,89.5357,89.1700,88.6719,87.9412,86.8879
1179,89.5350,89.1693,88.6709,87.9394,86.8861
1180,89.5350,89.1693,88.6691,87.9376,86.8843
1181,89.5350,89.1693,88.6673,87.9359,86.8826
1182,89.5350,89.1693,88.6656,87.9341,86.8808
1183,89.5350,89.1693,88.6638,87.9324,86.8791
1184,89.5350,89.1693,88.6621,87.9306,86.8773
1185,89.5350,89.1693,88.6603,87.9289,86.8756
1186,89.5350,89.1693,88.6586,87.9271,86.8738
1187,89.5350,89.1693,88.6574,87.9259,86.8726
1188,89.5350,89.1693,88.6574,87.9259,86.8726
1189,89.5350,89.1693,88.6574,87.9259,86.8726
1190,89.5350,89.1693,88.6574,87.9259,86.8726
1191,89.5350,89.1693,88.6574,87.9259,86.8726
1192,89.5350,89.1693,88.6574,87.9259,86.8726
1193,89.5350,89.1693,88.6574,87.9259,86.8726
1194,89.5350,89.1693,88.6574,87.9259,86.8726
1195,89.5350,89.1692,88.6573,87.9258,86.8725
1196,89.5350,89.1675,88.6555,87.9241,86.8708
1197,89.5350,89.1657,88.6538,87.9224,86.8691
1198,89.5350,89.1640,88.6520,87.9206,86.8673
1199,89.5350,89.1623,88.6503,87.9189,86.8656
1200,89.5350,89.1605,88.6485,87.9172,86.8639
1201,89.5350,89.1588,88.6468,87.9154,86.8621
1202,89.5350,89.1571,88.6450,87.9137,86.8604
1203,89.5350,89.1553,88.6432,87.9120,86.8586
1204,89.5350,89.1547,88.6426,87.9114,86.8569
1205,89.5350,89.1547,88.6426,87.9114,86.8551
1206,89.5350,89.1547,88.6426,87.9114,86.8534
1207,89.5350,89.1547,88.6426,87.9114,86.8516
1208,89.5350,89.1547,88.6426,87.9114,86.8499
1209,89.5350,89.1547,88.6426,87.9114,86.8481
1210,89.5350,89.1547,88.6426,87.9114,86.8463
1211,89.5350,89.1547,88.6426,87.9114,86.8446
1212,89.5344,89.1547,88.6420,87.9107,86.8428
1213,89.5326,89.1547,88.6402,87.9089,86.8411
1214,89.5308,89.1547,88.6385,87.9072,86.8393
1215,89.5291,89.1547,88.6367,87.9054,86.8376
1216,89.5273,89.1547,88.6350,87.9037,86.8358
1217,89.5256,89.1547,88.6332,87.9019,86.8340
1218,89.5238,89.1547,88.6314,87.9002,86.8323
1219,89.5221,89.1547,88.6297,87.8984,86.8305
1220,89.5205,89.1546,88.6281,87.8966,86.8289
1221,89.5205,89.1528,88.6281,87.8949,86.8289
1222,89.5205,89.1511,88.6281,87.8931,86.8289
1223,89.5205,89.1493,88.6281,87.8914,86.8289
1224,89.5205,89.1475,88.6281,87.8896,86.8289
1225,89.5205,89.1458,88.6281,87.8879,86.8289
1226,89.5205,89.1440,88.6281,87.8861,86.8289
1227,89.5205,89.1423,88.6281,87.8843,86.8289
1228,89.5205,89.1405,88.6281,87.8826,86.8289
1229,89.5205,89.1402,88.6267,87.8822,86.8275
1230,89.5205,89.1402,88.6250,87.8822,86.8258
1231,89.5205,89.1402,88.6233,87.8822,86.8241
1232,89.5205,89.1402,88.6216,87.8822,86.8224
1233,89.5205,89.1402,88.6199,87.8822,86.8207
1234,89.5205,89.1402,88.6182,87.8822,86.8190
1235,89.5205,89.1402,88.6165,87.8822,86.8172
1236,89.5205,89.1402,88.6148,87.8822,86.8155
1237,89.5205,89.1402,88.6135,87.8818,86.8138
1238,89.5205,89.1402,88.6135,87.8801,86.8120
1239,89.5205,89.1402,88.6135,87.8783,86.8103
1240,89.5205,89.1402,88.6135,87.8765,86.8085
1241,89.5205,89.1402,88.6135,87.8747,86.8068
1242,89.5205,89.1402,88.6135,87.8729,86.8050
1243,89.5205,89.1402,88.6135,87.8712,86.8033
1244,89.5205,89.1402,88.6135,87.8694,86.8015
1245,89.5205,89.1402,88.6135,87.8676,86.7997
1246,89.5205,89.1402,88.6119,87.8675,86.7996
1247,89.5205,89.1402,88.6101,87.8675,86.7996
1248,89.5205,89.1402,88.6084,87.8675,86.7996
1249,89.5205,89.1402,88.6066,87.8675,86.7996
1250,89.5205,89.1402,88.6048,87.8675,86.7996
1251,89.5205,89.1402,88.6031,87.8675,86.7996
1252,89.5205,89.1402,88.6013,87.8675,86.7996
1253,89.5205,89.1402,88.5996,87.8675,86.7996
1254,89.5205,89.1390,88.5989,87.8664,86.7985
1255,89.5205,89.1373,88.5989,87.8646,86.7967
1256,89.5205,89.1355,88.5989,87.8628,86.7950
1257,89.5205,89.1338,88.5989,87.8611,86.7932
1258,89.5205,89.1320,88.5989,87.8593,86.7915
1259,89.5205,89.1302,88.5989,87.8576,86.7897
1260,89.5205,89.1285,88.5989,87.8558,86.7879
1261,89.5205,89.1267,88.5989,87.8541,86.7862
1262,89.5198,89.1256,88.5989,87.8523,86.7844
1263,89.5181,89.1256,88.5989,87.8505,86.7827
1264,89.5163,89.1256,88.5989,87.8488,86.7809
1265,89.5146,89.1256,88.5989,87.8470,86.7791
1266,89.5128,89.1256,88.5989,87.8453,86.7774
1267,89.5110,89.1256,88.5989,87.8435,86.7756
1268,89.5093,89.1256,88.5989,87.8417,86.7739
1269,89.5075,89.1256,88.5989,87.8400,86.7721
1270,89.5059,89.1256,88.5988,87.8384,86.7704
1271,89.5059,89.1256,88.5971,87.8384,86.7686
1272,89.5059,89.1256,88.5953,87.8384,86.7669
1273,89.5059,89.1256,88.5936,87.8384,86.7652
1274,89.5059,89.1256,88.5919,87.8384,86.7634
1275,89.5059,89.1256,88.5901,87.8384,86.7617
1276,89.5059,89.1256,88.5884,87.8384,86.7599
1277,89.5059,89.1256,88.5867,87.8384,86.7582
1278,89.5059,89.1256,88.5849,87.8384,86.7565
1279,89.5059,89.1244,88.5844,87.8371,86.7559
1280,89.5059,89.1226,88.5844,87.8353,86.7559
1281,89.5059,89.1209,88.5844,87.8335,86.7559
1282,89.5059,89.1191,88.5844,87.8316,86.7559
1283,89.5059,89.1174,88.5844,87.8298,86.7559
1284,89.5059,89.1156,88.5844,87.8280,86.7559
1285,89.5059,89.1138,88.5844,87.8262,86.7559
1286,89.5059,89.1121,88.5844,87.8244,86.7559
1287,89.5059,89.1110,88.5837,87.8233,86.7552
1288,89.5059,89.1110,88.5819,87.8233,86.7534
1289,89.5059,89.1110,88.5802,87.8233,86.7516
1290,89.5059,89.1110,88.5784,87.8233,86.7497
1291,89.5059,89.1110,88.5766,87.8233,86.7479
1292,89.5059,89.1110,88.5749,87.8233,86.7461
1293,89.5059,89.1110,88.5731,87.8233,86.7443
1294,89.5059,89.1110,88.5714,87.8233,86.7424
1295,89.5059,89.1110,88.5698,87.8231,86.7406
1296,89.5059,89.1110,88.5698,87.8213,86.7389
1297,89.5059,89.1110,88.5698,87.8196,86.7371
1298,89.5059,89.1110,88.5698,87.8178,86.7354
1299,89.5059,89.1110,88.5698,87.8160,86.7336
1300,89.5059,89.1110,88.5698,87.8143,86.7318
1301,89.5059,89.1110,88.5698,87.8125,86.7301
1302,89.5059,89.1110,88.5698,87.8108,86.7283
1303,89.5059,89.1110,88.5698,87.8090,86.7266
1304,89.5044,89.1095,88.5683,87.8073,86.7263
1305,89.5027,89.1077,88.5665,87.8055,86.7263
1306,89.5009,89.1059,88.5647,87.8037,86.7263
1307,89.4992,89.1041,88.5628,87.8020,86.7263
1308,89.4974,89.1022,88.5610,87.8002,86.7263
1309,89.4957,89.1004,88.5592,87.7985,86.7263
1310,89.4939,89.0986,88.5574,87.7967,86.7263
1311,89.4921,89.0968,88.5556,87.7950,86.7263
1312,89.4913,89.0959,88.5547,87.7941,86.7253
1313,89.4913,89.0959,88.5547,87.7941,86.7236
1314,89.4913,89.0959,88.5547,87.7941,86.7218
1315,89.4913,89.0959,88.5547,87.7941,86.7200
1316,89.4913,89.0959,88.5547,87.7941,86.7183
1317,89.4913,89.0959,88.5547,87.7941,86.7165
1318,89.4913,89.0959,88.5547,87.7941,86.7148
1319,89.4913,89.0959,88.5547,87.7941,86.7130
1320,89.4913,89.0959,88.5547,87.7937,86.7113
1321,89.4913,89.0959,88.5547,87.7919,86.7095
1322,89.4913,89.0959,88.5547,87.7902,86.7077
1323,89.4913,89.0959,88.5547,87.7884,86.7060
1324,89.4913,89.0959,88.5547,87.7867,86.7042
1325,89.4913,89.0959,88.5547,87.7849,86.7025
1326,89.4913,89.0959,88.5547,87.7832,86.7007
1327,89.4913,89.0959,88.5547,87.7814,86.6990
1328,89.4913,89.0959,88.5547,87.7796,86.6972
1329,89.4913,89.0959,88.5531,87.7796,86.6971
1330,89.4913,89.0959,88.5513,87.7796,86.6971
1331,89.4913,89.0959,88.5496,87.7796,86.6971
1332,89.4913,89.0959,88.5478,87.7796,86.6971
1333,89.4913,89.0959,88.5461,87.7796,86.6971
1334,89.4913,89.0959,88.5444,87.7796,86.6971
1335,89.4913,89.0959,88.5426,87.7796,86.6971
1336,89.4913,89.0959,88.5409,87.7796,86.6971
1337,89.4913,89.0949,88.5402,87.7786,86.6961
1338,89.4913,89.0932,88.5402,87.7768,86.6944
1339,89.4913,89.0914,88.5402,87.7750,86.6926
1340,89.4913,89.0897,88.5402,87.7733,86.6908
1341,89.4913,89.0879,88.5402,87.7715,86.6891
1342,89.4913,89.0861,88.5402,87.7698,86.6873
1343,89.4913,89.0844,88.5402,87.7680,86.6856
1344,89.4913,89.0826,88.5402,87.7662,86.6838
1345,89.4913,89.0814,88.5396,87.7650,86.6820
1346,89.4913,89.0814,88.5379,87.7650,86.6803
1347,89.4913,89.0814,88.5361,87.7650,86.6785
1348,89.4913,89.0814,88.5344,87.7650,86.6767
1349,89.4913,89.0814,88.5326,87.7650,86.6749
1350,89.4913,89.0814,88.5309,87.7650,86.6732
1351,89.4913,89.0814,88.5291,87.7650,86.6714
1352,89.4913,89.0814,88.5273,87.7650,86.6696
1353,89.4913,89.0814,88.5256,87.7650,86.6678
1354,89.4896,89.0814,88.5256,87.7632,86.6678
1355,89.4878,89.0814,88.5256,87.7615,86.6678
1356,89.4860,89.0814,88.5256,87.7597,86.6678
1357,89.4843,89.0814,88.5256,87.7580,86.6678
1358,89.4825,89.0814,88.5256,87.7562,86.6678
1359,89.4808,89.0814,88.5256,87.7544,86.6678
1360,89.4790,89.0814,88.5256,87.7527,86.6678
1361,89.4773,89.0814,88.5256,87.7509,86.6678
1362,89.4768,89.0801,88.5243,87.7504,86.6666
1363,89.4768,89.0784,88.5226,87.7504,86.6648
1364,89.4768,89.0766,88.5208,87.7504,86.6630
1365,89.4768,89.0748,88.5191,87.7504,86.6613
1366,89.4768,89.0731,88.5173,87.7504,86.6595
1367,89.4768,89.0713,88.5155,87.7504,86.6578
1368,89.4768,89.0696,88.5138,87.7504,86.6560
1369,89.4768,89.0678,88.5120,87.7504,86.6543
1370,89.4768,89.0668,88.5110,87.7497,86.6525
1371,89.4768,89.0668,88.5110,87.7480,86.6508
1372,89.4768,89.0668,88.5110,87.7463,86.6491
1373,89.4768,89.0668,88.5110,87.7446,86.6474
1374,89.4768,89.0668,88.5110,87.7429,86.6457
1375,89.4768,89.0668,88.5110,87.7412,86.6440
1376,89.4768,89.0668,88.5110,87.7395,86.6423
1377,89.4768,89.0668,88.5110,87.7378,86.6406
1378,89.4768,89.0668,88.5110,87.7361,86.6389
1379,89.4768,89.0668,88.5110,87.7344,86.6387
1380,89.4768,89.0668,88.5110,87.7326,86.6387
1381,89.4768,89.0668,88.5110,87.7308,86.6387
1382,89.4768,89.0668,88.5110,87.7290,86.6387
1383,89.4768,89.0668,88.5110,87.7272,86.6387
1384,89.4768,89.0668,88.5110,87.7255,86.6387
1385,89.4768,89.0668,88.5110,87.7237,86.6387
1386,89.4768,89.0668,88.5110,87.7219,86.6387
1387,89.4768,89.0658,88.5100,87.7211,86.6377
1388,89.4768,89.0641,88.5082,87.7211,86.6359
1389,89.4768,89.0623,88.5065,87.7211,86.6342
1390,89.4768,89.0605,88.5047,87.7211,86.6324
1391,89.4768,89.0588,88.5029,87.7211,86.6307
1392,89.4768,89.0570,88.5011,87.7211,86.6289
1393,89.4768,89.0553,88.4994,87.7211,86.6272
1394,89.4768,89.0535,88.4976,87.7211,86.6254
1395,89.4763,89.0522,88.4963,87.7206,86.6236
1396,89.4744,89.0522,88.4963,87.7189,86.6219
1397,89.4726,89.0522,88.4963,87.7171,86.6201
1398,89.4708,89.0522,88.4963,87.7154,86.6184
1399,89.4690,89.0522,88.4963,87.7136,86.6166
1400,89.4672,89.0522,88.4963,87.7119,86.6149
1401,89.4653,89.0522,88.4963,87.7101,86.6131
1402,89.4635,89.0522,88.4963,87.7083,86.6113
1403,89.4617,89.0522,88.4963,87.7066,86.6096
1404,89.4617,89.0522,88.4945,87.7066,86.6096
1405,89.4617,89.0522,88.4928,87.7066,86.6096
1406,89.4617,89.0522,88.4910,87.7066,86.6096
1407,89.4617,89.0522,88.4893,87.7066,86.6096
1408,89.4617,89.0522,88.4875,87.7066,86.6096
1409,89.4617,89.0522,88.4858,87.7066,86.6096
1410,89.4617,89.0522,88.4840,87.7066,86.6096
1411,89.4617,89.0522,88.4822,87.7066,86.6096
1412,89.4617,89.0522,88.4817,87.7053,86.6083
1413,89.4617,89.0522,88.4817,87.7036,86.6066
1414,89.4617,89.0522,88.4817,87.7019,86.6049
1415,89.4617,89.0522,88.4817,87.7001,86.6031
1416,89.4617,89.0522,88.4817,87.6984,86.6014
1417,89.4617,89.0522,88.4817,87.6967,86.5997
1418,89.4617,89.0522,88.4817,87.6949,86.5979
1419,89.4617,89.0522,88.4817,87.6932,86.5962
1420,89.4617,89.0517,88.4812,87.6920,86.5944
1421,89.4617,89.0499,88.4794,87.6920,86.5927
1422,89.4617,89.0481,88.4776,87.6920,86.5909
1423,89.4617,89.0463,88.4759,87.6920,86.5892
1424,89.4617,89.0446,88.4741,87.6920,86.5874
1425,89.4617,89.0428,88.4724,87.6920,86.5856
1426,89.4617,89.0410,88.4706,87.6920,86.5839
1427,89.4617,89.0392,88.4689,87.6920,86.5821
1428,89.4617,89.0375,88.4671,87.6919,86.5804
1429,89.4617,89.0375,88.4671,87.6902,86.5804
1430,89.4617,89.0375,88.4671,87.6884,86.5804
1431,89.4617,89.0375,88.4671,87.6867,86.5804
1432,89.4617,89.0375,88.4671,87.6849,86.5804
1433,89.4617,89.0375,88.4671,87.6832,86.5804
1434,89.4617,89.0375,88.4671,87.6814,86.5804
1435,89.4617,89.0375,88.4671,87.6796,86.5804
1436,89.4617,89.0375,88.4671,87.6779,86.5804
1437,89.4617,89.0375,88.4671,87.6774,86.5791
1438,89.4617,89.0375,88.4671,87.6774,86.5773
1439,89.4617,89.0375,88.4671,87.6774,86.5755
1440,89.4617,89.0375,88.4671,87.6774,86.5738
1441,89.4617,89.0375,88.4671,87.6774,86.5720
1442,89.4617,89.0375,88.4671,87.6774,86.5702
1443,89.4617,89.0375,88.4671,87.6774,86.5684
1444,89.4617,89.0375,88.4671,87.6774,86.5667
1445,89.4609,89.0367,88.4664,87.6766,86.5657
1446,89.4591,89.0349,88.4646,87.6749,86.5657
1447,89.4574,89.0332,88.4628,87.6731,86.5657
1448,89.4556,89.0314,88.4611,87.6714,86.5657
1449,89.4538,89.0297,88.4593,87.6696,86.5657
1450,89.4521,89.0279,88.4576,87.6678,86.5657
1451,89.4503,89.0262,88.4558,87.6661,86.5657
1452,89.4486,89.0244,88.4540,87.6643,86.5657
1453,89.4471,89.0229,88.4526,87.6629,86.5654
1454,89.4471,89.0229,88.4526,87.6629,86.5636
1455,89.4471,89.0229,88.4526,87.6629,86.5618
1456,89.4471,89.0229,88.4526,87.6629,86.5600
1457,89.4471,89.0229,88.4526,87.6629,86.5582
1458,89.4471,89.0229,88.4526,87.6629,86.5564
1459,89.4471,89.0229,88.4526,87.6629,86.5546
1460,89.4471,89.0229,88.4526,87.6629,86.5528
1461,89.4471,89.0229,88.4526,87.6629,86.5510
1462,89.4471,89.0229,88.4511,87.6613,86.5492
1463,89.4471,89.0229,88.4493,87.6595,86.5475
1464,89.4471,89.0229,88.4476,87.6577,86.5458
1465,89.4471,89.0229,88.4458,87.6559,86.5440
1466,89.4471,89.0229,88.4441,87.6541,86.5423
1467,89.4471,89.0229,88.4424,87.6523,86.5406
1468,89.4471,89.0229,88.4406,87.6505,86.5388
1469,89.4471,89.0229,88.4389,87.6487,86.5371
1470,89.4471,89.0229,88.4380,87.6469,86.5362
1471,89.4471,89.0229,88.4380,87.6451,86.5362
1472,89.4471,89.0229,88.4380,87.6434,86.5362
1473,89.4471,89.0229,88.4380,87.6416,86.5362
1474,89.4471,89.0229,88.4380,87.6399,86.5362
1475,89.4471,89.0229,88.4380,87.6381,86.5362
1476,89.4471,89.0229,88.4380,87.6364,86.5362
1477,89.4471,89.0229,88.4380,87.6346,86.5362
1478,89.4471,89.0226,88.4380,87.6332,86.5358
1479,89.4471,89.0208,88.4380,87.6332,86.5341
1480,89.4471,89.0191,88.4380,87.6332,86.5323
1481,89.4471,89.0173,88.4380,87.6332,86.5305
1482,89.4471,89.0155,88.4380,87.6332,86.5287
1483,89.4471,89.0138,88.4380,87.6332,86.5269
1484,89.4471,89.0120,88.4380,87.6332,86.5252
1485,89.4471,89.0103,88.4380,87.6332,86.5234
1486,89.4471,89.0085,88.4380,87.6332,86.5216
1487,89.4471,89.0084,88.4364,87.6316,86.5198
1488,89.4471,89.0084,88.4346,87.6298,86.5181
1489,89.4471,89.0084,88.4329,87.6281,86.5163
1490,89.4471,89.0084,88.4311,87.6263,86.5146
1491,89.4471,89.0084,88.4294,87.6246,86.5128
1492,89.4471,89.0084,88.4276,87.6228,86.5111
1493,89.4471,89.0084,88.4259,87.6210,86.5093
1494,89.4471,89.0084,88.4241,87.6193,86.5075
1495,89.4460,89.0084,88.4234,87.6186,86.5069
1496,89.4442,89.0084,88.4234,87.6186,86.5069
1497,89.4425,89.0084,88.4234,87.6186,86.5069
1498,89.4407,89.0084,88.4234,87.6186,86.5069
1499,89.4390,89.0084,88.4234,87.6186,86.5069
1500,89.4372,89.0084,88.4234,87.6186,86.5069
1501,89.4354,89.0084,88.4234,87.6186,86.5069
1502,89.4337,89.0084,88.4234,87.6186,86.5069
1503,89.4325,89.0084,88.4229,87.6181,86.5063
1504,89.4325,89.0084,88.4211,87.6164,86.5046
1505,89.4325,89.0084,88.4194,87.6147,86.5029
1506,89.4325,89.0084,88.4177,87.6130,86.5012
1507,89.4325,89.0084,88.4160,87.6113,86.4995
1508,89.4325,89.0084,88.4143,87.6096,86.4978
1509,89.4325,89.0084,88.4125,87.6079,86.4961
1510,89.4325,89.0084,88.4108,87.6062,86.4944
1511,89.4325,89.0084,88.4091,87.6045,86.4927
1512,89.4325,89.0070,88.4087,87.6041,86.4923
1513,89.4325,89.0053,88.4087,87.6041,86.4923
1514,89.4325,89.0035,88.4087,87.6041,86.4923
1515,89.4325,89.0018,88.4087,87.6041,86.4923
1516,89.4325,89.0000,88.4087,87.6041,86.4923
1517,89.4325,88.9982,88.4087,87.6041,86.4923
1518,89.4325,88.9965,88.4087,87.6041,86.4923
1519,89.4325,88.9947,88.4087,87.6041,86.4923
1520,89.4325,88.9938,88.4087,87.6032,86.4915
1521,89.4325,88.9938,88.4087,87.6014,86.4897
1522,89.4325,88.9938,88.4087,87.5997,86.4880
1523,89.4325,88.9938,88.4087,87.5979,86.4862
1524,89.4325,88.9938,88.4087,87.5961,86.4845
1525,89.4325,88.9938,88.4087,87.5943,86.4827
1526,89.4325,88.9938,88.4087,87.5926,86.4809
1527,89.4325,88.9938,88.4087,87.5908,86.4792
1528,89.4325,88.9938,88.4084,87.5893,86.4774
1529,89.4325,88.9938,88.4066,87.5893,86.4757
1530,89.4325,88.9938,88.4049,87.5893,86.4739
1531,89.4325,88.9938,88.4031,87.5893,86.4722
1532,89.4325,88.9938,88.4013,87.5893,86.4704
1533,89.4325,88.9938,88.3996,87.5893,86.4686
1534,89.4325,88.9938,88.3978,87.5893,86.4669
1535,89.4325,88.9938,88.3961,87.5893,86.4651
1536,89.4325,88.9938,88.3943,87.5893,86.4634
1537,89.4325,88.9922,88.3941,87.5877,86.4632
1538,89.4325,88.9905,88.3941,87.5860,86.4632
1539,89.4325,88.9887,88.3941,87.5842,86.4632
1540,89.4325,88.9869,88.3941,87.5825,86.4632
1541,89.4325,88.9852,88.3941,87.5807,86.4632
1542,89.4325,88.9834,88.3941,87.5790,86.4632
1543,89.4325,88.9817,88.3941,87.5772,86.4632
1544,89.4325,88.9799,88.3941,87.5754,86.4632
1545,89.4315,88.9792,88.3930,87.5748,86.4621
1546,89.4297,88.9792,88.3913,87.5748,86.4604
1547,89.4279,88.9792,88.3895,87.5748,86.4587
1548,89.4262,88.9792,88.3877,87.5748,86.4569
1549,89.4244,88.9792,88.3859,87.5748,86.4552
1550,89.4227,88.9792,88.3842,87.5748,86.4534
1551,89.4209,88.9792,88.3824,87.5748,86.4517
1552,89.4191,88.9792,88.3806,87.5748,86.4500
1553,89.4178,88.9792,88.3792,87.5744,86.4486
1554,89.4178,88.9792,88.3792,87.5726,86.4486
1555,89.4178,88.9792,88.3792,87.5708,86.4486
1556,89.4178,88.9792,88.3792,87.5691,86.4486
1557,89.4178,88.9792,88.3792,87.5673,86.4486
1558,89.4178,88.9792,88.3792,87.5656,86.4486
1559,89.4178,88.9792,88.3792,87.5638,86.4486
1560,89.4178,88.9792,88.3792,87.5621,86.4486
1561,89.4178,88.9792,88.3792,87.5603,86.4486
1562,89.4178,88.9792,88.3792,87.5602,86.4470
1563,89.4178,88.9792,88.3792,87.5602,86.4452
1564,89.4178,88.9792,88.3792,87.5602,86.4435
1565,89.4178,88.9792,88.3792,87.5602,86.4417
1566,89.4178,88.9792,88.3792,87.5602,86.4399
1567,89.4178,88.9792,88.3792,87.5602,86.4382
1568,89.4178,88.9792,88.3792,87.5602,86.4364
1569,89.4178,88.9792,88.3792,87.5602,86.4347
1570,89.4178,88.9781,88.3781,87.5590,86.4329
1571,89.4178,88.9763,88.3763,87.5573,86.4311
1572,89.4178,88.9746,88.3746,87.5555,86.4293
1573,89.4178,88.9728,88.3728,87.5538,86.4276
1574,89.4178,88.9710,88.3710,87.5520,86.4258
1575,89.4178,88.9693,88.3693,87.5503,86.4240
1576,89.4178,88.9675,88.3675,87.5485,86.4222
1577,89.4178,88.9658,88.3658,87.5467,86.4204
1578,89.4178,88.9647,88.3647,87.5456,86.4193
1579,89.4178,88.9647,88.3647,87.5456,86.4193
1580,89.4178,88.9647,88.3647,87.5456,86.4193
1581,89.4178,88.9647,88.3647,87.5456,86.4193
1582,89.4178,88.9647,88.3647,87.5456,86.4193
1583,89.4178,88.9647,88.3647,87.5456,86.4193
1584,89.4178,88.9647,88.3647,87.5456,86.4193
1585,89.4178,88.9647,88.3647,87.5456,86.4193
1586,89.4178,88.9647,88.3647,87.5455,86.4192
1587,89.4178,88.9647,88.3647,87.5437,86.4174
1588,89.4178,88.9647,88.3647,87.5420,86.4157
1589,89.4178,88.9647,88.3647,87.5402,86.4139
1590,89.4178,88.9647,88.3647,87.5385,86.4121
1591,89.4178,88.9647,88.3647,87.5367,86.4104
1592,89.4178,88.9647,88.3647,87.5349,86.4086
1593,89.4178,88.9647,88.3647,87.5332,86.4069
1594,89.4178,88.9647,88.3647,87.5314,86.4051
1595,89.4164,88.9647,88.3632,87.5311,86.4048
1596,89.4146,88.9647,88.3615,87.5311,86.4048
1597,89.4129,88.9647,88.3597,87.5311,86.4048
1598,89.4111,88.9647,88.3579,87.5311,86.4048
1599,89.4094,88.9647,88.3561,87.5311,86.4048
1600,89.4076,88.9647,88.3544,87.5311,86.4048
1601,89.4058,88.9647,88.3526,87.5311,86.4048
1602,89.4041,88.9647,88.3508,87.5311,86.4048
1603,89.4032,88.9638,88.3499,87.5302,86.4039
1604,89.4032,88.9620,88.3499,87.5284,86.4021
1605,89.4032,88.9603,88.3499,87.5267,86.4004
1606,89.4032,88.9586,88.3499,87.5250,86.3987
1607,89.4032,88.9568,88.3499,87.5232,86.3969
1608,89.4032,88.9551,88.3499,87.5215,86.3952
1609,89.4032,88.9534,88.3499,87.5198,86.3934
1610,89.4032,88.9516,88.3499,87.5180,86.3917
1611,89.4032,88.9501,88.3497,87.5165,86.3902
1612,89.4032,88.9501,88.3479,87.5165,86.3902
1613,89.4032,88.9501,88.3462,87.5165,86.3902
1614,89.4032,88.9501,88.3444,87.5165,86.3902
1615,89.4032,88.9501,88.3427,87.5165,86.3902
1616,89.4032,88.9501,88.3409,87.5165,86.3902
1617,89.4032,88.9501,88.3392,87.5165,86.3902
1618,89.4032,88.9501,88.3374,87.5165,86.3902
1619,89.4032,88.9501,88.3356,87.5165,86.3902
1620,89.4032,88.9501,88.3354,87.5150,86.3887
1621,89.4032,88.9501,88.3354,87.5133,86.3868
1622,89.4032,88.9501,88.3354,87.5115,86.3850
1623,89.4032,88.9501,88.3354,87.5098,86.3832
1624,89.4032,88.9501,88.3354,87.5080,86.3814
1625,89.4032,88.9501,88.3354,87.5062,86.3796
1626,89.4032,88.9501,88.3354,87.5045,86.3777
1627,89.4032,88.9501,88.3354,87.5027,86.3759
1628,89.4032,88.9491,88.3354,87.5019,86.3741
1629,89.4032,88.9473,88.3354,87.5019,86.3724
1630,89.4032,88.9456,88.3354,87.5019,86.3706
1631,89.4032,88.9438,88.3354,87.5019,86.3689
1632,89.4032,88.9420,88.3354,87.5019,86.3671
1633,89.4032,88.9402,88.3354,87.5019,86.3653
1634,89.4032,88.9385,88.3354,87.5019,86.3636
1635,89.4032,88.9367,88.3354,87.5019,86.3618
1636,89.4032,88.9354,88.3349,87.5015,86.3605
1637,89.4032,88.9354,88.3331,87.4997,86.3605
1638,89.4032,88.9354,88.3314,87.4979,86.3605
1639,89.4032,88.9354,88.3296,87.4961,86.3605
1640,89.4032,88.9354,88.3279,87.4944,86.3605
1641,89.4032,88.9354,88.3261,87.4926,86.3605
1642,89.4032,88.9354,88.3243,87.4908,86.3605
1643,89.4032,88.9354,88.3226,87.4890,86.3605
1644,89.4032,88.9354,88.3208,87.4872,86.3605
1645,89.4016,88.9354,88.3208,87.4872,86.3589
1646,89.3999,88.9354,88.3208,87.4872,86.3572
1647,89.3982,88.9354,88.3208,87.4872,86.3555
1648,89.3965,88.9354,88.3208,87.4872,86.3538
1649,89.3948,88.9354,88.3208,87.4872,86.3521
1650,89.3931,88.9354,88.3208,87.4872,86.3504
1651,89.3914,88.9354,88.3208,87.4872,86.3487
1652,89.3897,88.9354,88.3208,87.4872,86.3470
1653,89.3887,88.9354,88.3208,87.4865,86.3460
1654,89.3887,88.9354,88.3208,87.4847,86.3460
1655,89.3887,88.9354,88.3208,87.4830,86.3460
1656,89.3887,88.9354,88.3208,87.4812,86.3460
1657,89.3887,88.9354,88.3208,87.4795,86.3460
1658,89.3887,88.9354,88.3208,87.4777,86.3460
1659,89.3887,88.9354,88.3208,87.4760,86.3460
1660,89.3887,88.9354,88.3208,87.4742,86.3460
1661,89.3887,88.9352,88.3206,87.4726,86.3458
1662,89.3887,88.9334,88.3188,87.4726,86.3440
1663,89.3887,88.9316,88.3171,87.4726,86.3423
1664,89.3887,88.9298,88.3153,87.4726,86.3405
1665,89.3887,88.9280,88.3136,87.4726,86.3387
1666,89.3887,88.9262,88.3118,87.4726,86.3370
1667,89.3887,88.9244,88.3101,87.4726,86.3352
1668,89.3887,88.9226,88.3083,87.4726,86.3335
1669,89.3887,88.9208,88.3065,87.4726,86.3317
1670,89.3887,88.9204,88.3062,87.4726,86.3314
1671,89.3887,88.9204,88.3062,87.4726,86.3314
1672,89.3887,88.9204,88.3062,87.4726,86.3314
1673,89.3887,88.9204,88.3062,87.4726,86.3314
1674,89.3887,88.9204,88.3062,87.4726,86.3314
1675,89.3887,88.9204,88.3062,87.4726,86.3314
1676,89.3887,88.9204,88.3062,87.4726,86.3314
1677,89.3887,88.9204,88.3062,87.4726,86.3314
1678,89.3887,88.9204,88.3053,87.4717,86.3305
1679,89.3887,88.9204,88.3035,87.4699,86.3287
1680,89.3887,88.9204,88.3018,87.4681,86.3269
1681,89.3887,88.9204,88.3000,87.4663,86.3252
1682,89.3887,88.9204,88.2983,87.4645,86.3234
1683,89.3887,88.9204,88.2965,87.4627,86.3217
1684,89.3887,88.9204,88.2947,87.4609,86.3199
1685,89.3887,88.9204,88.2930,87.4591,86.3182
1686,89.3887,88.9204,88.2917,87.4577,86.3168
1687,89.3887,88.9204,88.2917,87.4577,86.3168
1688,89.3887,88.9204,88.2917,87.4577,86.3168
1689,89.3887,88.9204,88.2917,87.4577,86.3168
1690,89.3887,88.9204,88.2917,87.4577,86.3168
1691,89.3887,88.9204,88.2917,87.4577,86.3168
1692,89.3887,88.9204,88.2917,87.4577,86.3168
1693,89.3887,88.9204,88.2917,87.4577,86.3168
1694,89.3887,88.9204,88.2917,87.4577,86.3168
1695,89.3887,88.9189,88.2917,87.4562,86.3153
1696,89.3887,88.9172,88.2917,87.4544,86.3136
1697,89.3887,88.9154,88.2917,87.4526,86.3118
1698,89.3887,88.9137,88.2917,87.4508,86.3100
1699,89.3887,88.9119,88.2917,87.4491,86.3083
1700,89.3887,88.9101,88.2917,87.4473,86.3065
1701,89.3887,88.9084,88.2917,87.4455,86.3048
1702,89.3887,88.9066,88.2917,87.4437,86.3030
1703,89.3877,88.9059,88.2906,87.4430,86.3013
1704,89.3859,88.9059,88.2889,87.4430,86.2995
1705,89.3841,88.9059,88.2871,87.4430,86.2977
1706,89.3824,88.9059,88.2854,87.4430,86.2960
1707,89.3806,88.9059,88.2836,87.4430,86.2942
1708,89.3789,88.9059,88.2819,87.4430,86.2925
1709,89.3771,88.9059,88.2801,87.4430,86.2907
1710,89.3753,88.9059,88.2783,87.4430,86.2890
1711,89.3741,88.9059,88.2771,87.4425,86.2877
1712,89.3741,88.9059,88.2771,87.4407,86.2877
1713,89.3741,88.9059,88.2771,87.4390,86.2877
1714,89.3741,88.9059,88.2771,87.4372,86.2877
1715,89.3741,88.9059,88.2771,87.4354,86.2877
1716,89.3741,88.9059,88.2771,87.4337,86.2877
1717,89.3741,88.9059,88.2771,87.4319,86.2877
1718,89.3741,88.9059,88.2771,87.4302,86.2877
1719,89.3741,88.9059,88.2771,87.4284,86.2877
1720,89.3741,88.9059,88.2771,87.4284,86.2859
1721,89.3741,88.9059,88.2771,87.4284,86.2841
1722,89.3741,88.9059,88.2771,87.4284,86.2824
1723,89.3741,88.9059,88.2771,87.4284,86.2806
1724,89.3741,88.9059,88.2771,87.4284,86.2788
1725,89.3741,88.9059,88.2771,87.4284,86.2770
1726,89.3741,88.9059,88.2771,87.4284,86.2753
1727,89.3741,88.9059,88.2771,87.4284,86.2735
1728,89.3741,88.9046,88.2758,87.4272,86.2730
1729,89.3741,88.9028,88.2740,87.4254,86.2730
1730,89.3741,88.9011,88.2723,87.4236,86.2730
1731,89.3741,88.8993,88.2705,87.4219,86.2730
1732,89.3741,88.8975,88.2687,87.4201,86.2730
1733,89.3741,88.8957,88.2669,87.4184,86.2730
1734,89.3741,88.8939,88.2651,87.4166,86.2730
1735,89.3741,88.8922,88.2634,87.4149,86.2730
1736,89.3741,88.8911,88.2623,87.4138,86.2722
1737,89.3741,88.8911,88.2623,87.4138,86.2705
1738,89.3741,88.8911,88.2623,87.4138,86.2687
1739,89.3741,88.8911,88.2623,87.4138,86.2670
1740,89.3741,88.8911,88.2623,87.4138,86.2653
1741,89.3741,88.8911,88.2623,87.4138,86.2635
1742,89.3741,88.8911,88.2623,87.4138,86.2618
1743,89.3741,88.8911,88.2623,87.4138,86.2601
1744,89.3741,88.8911,88.2623,87.4138,86.2584
1745,89.3741,88.8911,88.2605,87.4120,86.2584
1746,89.3741,88.8911,88.2588,87.4103,86.2584
1747,89.3741,88.8911,88.2570,87.4085,86.2584
1748,89.3741,88.8911,88.2552,87.4067,86.2584
1749,89.3741,88.8911,88.2535,87.4050,86.2584
1750,89.3741,88.8911,88.2517,87.4032,86.2584
1751,89.3741,88.8911,88.2500,87.4015,86.2584
1752,89.3741,88.8911,88.2482,87.3997,86.2584
1753,89.3728,88.8911,88.2478,87.3993,86.2571
1754,89.3710,88.8911,88.2478,87.3993,86.2553
1755,89.3693,88.8911,88.2478,87.3993,86.2536
1756,89.3675,88.8911,88.2478,87.3993,86.2518
1757,89.3657,88.8911,88.2478,87.3993,86.2500
1758,89.3640,88.8911,88.2478,87.3993,86.2483
1759,89.3622,88.8911,88.2478,87.3993,86.2465
1760,89.3605,88.8911,88.2478,87.3993,86.2448
1761,89.3595,88.8903,88.2478,87.3985,86.2438
1762,89.3595,88.8886,88.2478,87.3967,86.2438
1763,89.3595,88.8868,88.2478,87.3949,86.2438
1764,89.3595,88.8850,88.2478,87.3932,86.2438
1765,89.3595,88.8833,88.2478,87.3914,86.2438
1766,89.3595,88.8815,88.2478,87.3897,86.2438
1767,89.3595,88.8798,88.2478,87.3879,86.2438
1768,89.3595,88.8780,88.2478,87.3861,86.2438
1769,89.3595,88.8766,88.2475,87.3847,86.2435
1770,89.3595,88.8766,88.2457,87.3847,86.2418
1771,89.3595,88.8766,88.2439,87.3847,86.2400
1772,89.3595,88.8766,88.2422,87.3847,86.2382
1773,89.3595,88.8766,88.2404,87.3847,86.2365
1774,89.3595,88.8766,88.2387,87.3847,86.2347
1775,89.3595,88.8766,88.2369,87.3847,86.2330
1776,89.3595,88.8766,88.2352,87.3847,86.2312
1777,89.3595,88.8766,88.2334,87.3847,86.2295
1778,89.3595,88.8766,88.2332,87.3847,86.2293
1779,89.3595,88.8766,88.2332,87.3847,86.2293
1780,89.3595,88.8766,88.2332,87.3847,86.2293
1781,89.3595,88.8766,88.2332,87.3847,86.2293
1782,89.3595,88.8766,88.2332,87.3847,86.2293
1783,89.3595,88.8766,88.2332,87.3847,86.2293
1784,89.3595,88.8766,88.2332,87.3847,86.2293
1785,89.3595,88.8766,88.2332,87.3847,86.2293
1786,89.3595,88.8766,88.2332,87.3842,86.2287
1787,89.3595,88.8766,88.2332,87.3824,86.2270
1788,89.3595,88.8766,88.2332,87.3806,86.2252
1789,89.3595,88.8766,88.2332,87.3789,86.2234
1790,89.3595,88.8766,88.2332,87.3771,86.2217
1791,89.3595,88.8766,88.2332,87.3754,86.2199
1792,89.3595,88.8766,88.2332,87.3736,86.2182
1793,89.3595,88.8766,88.2332,87.3719,86.2164
1794,89.3595,88.8765,88.2332,87.3701,86.2147
1795,89.3595,88.8748,88.2314,87.3701,86.2147
1796,89.3595,88.8730,88.2297,87.3701,86.2147
1797,89.3595,88.8713,88.2279,87.3701,86.2147
1798,89.3595,88.8695,88.2261,87.3701,86.2147
1799,89.3595,88.8677,88.2244,87.3701,86.2147
1800,89.3595,88.8660,88.2226,87.3701,86.2147
1801,89.3595,88.8642,88.2209,87.3701,86.2147
1802,89.3595,88.8625,88.2191,87.3701,86.2147
1803,89.3582,88.8620,88.2186,87.3688,86.2134
1804,89.3565,88.8620,88.2186,87.3671,86.2116
1805,89.3547,88.8620,88.2186,87.3653,86.2099
1806,89.3530,88.8620,88.2186,87.3636,86.2081
1807,89.3512,88.8620,88.2186,87.3618,86.2064
1808,89.3494,88.8620,88.2186,87.3601,86.2046
1809,89.3477,88.8620,88.2186,87.3583,86.2029
1810,89.3459,88.8620,88.2186,87.3565,86.2011
1811,89.3450,88.8620,88.2186,87.3556,86.2001
1812,89.3450,88.8620,88.2186,87.3556,86.2001
1813,89.3450,88.8620,88.2186,87.3556,86.2001
1814,89.3450,88.8620,88.2186,87.3556,86.2001
1815,89.3450,88.8620,88.2186,87.3556,86.2001
1816,89.3450,88.8620,88.2186,87.3556,86.2001
1817,89.3450,88.8620,88.2186,87.3556,86.2001
1818,89.3450,88.8620,88.2186,87.3556,86.2001
1819,89.3450,88.8620,88.2184,87.3553,86.1998
1820,89.3450,88.8620,88.2166,87.3535,86.1980
1821,89.3450,88.8620,88.2149,87.3518,86.1962
1822,89.3450,88.8620,88.2132,87.3500,86.1944
1823,89.3450,88.8620,88.2114,87.3483,86.1926
1824,89.3450,88.8620,88.2097,87.3465,86.1908
1825,89.3450,88.8620,88.2079,87.3447,86.1890
1826,89.3450,88.8620,88.2062,87.3430,86.1872
1827,89.3450,88.8620,88.2045,87.3412,86.1854
1828,89.3450,88.8606,88.2041,87.3408,86.1850
1829,89.3450,88.8589,88.2041,87.3408,86.1850
1830,89.3450,88.8571,88.2041,87.3408,86.1850
1831,89.3450,88.8554,88.2041,87.3408,86.1850
1832,89.3450,88.8536,88.2041,87.3408,86.1850
1833,89.3450,88.8519,88.2041,87.3408,86.1850
1834,89.3450,88.8501,88.2041,87.3408,86.1850
1835,89.3450,88.8483,88.2041,87.3408,86.1850
1836,89.3450,88.8474,88.2041,87.3400,86.1842
1837,89.3450,88.8474,88.2041,87.3382,86.1824
1838,89.3450,88.8474,88.2041,87.3365,86.1807
1839,89.3450,88.8474,88.2041,87.3347,86.1789
1840,89.3450,88.8474,88.2041,87.3329,86.1771
1841,89.3450,88.8474,88.2041,87.3312,86.1754
1842,89.3450,88.8474,88.2041,87.3294,86.1736
1843,89.3450,88.8474,88.2041,87.3277,86.1719
1844,89.3450,88.8474,88.2037,87.3263,86.1705
1845,89.3450,88.8474,88.2019,87.3263,86.1705
1846,89.3450,88.8474,88.2001,87.3263,86.1705
1847,89.3450,88.8474,88.1982,87.3263,86.1705
1848,89.3450,88.8474,88.1964,87.3263,86.1705
1849,89.3450,88.8474,88.1946,87.3263,86.1705
1850,89.3450,88.8474,88.1928,87.3263,86.1705
1851,89.3450,88.8474,88.1910,87.3263,86.1705
1852,89.3450,88.8474,88.1891,87.3263,86.1705
1853,89.3450,88.8474,88.1890,87.3263,86.1689
1854,89.3450,88.8474,88.1890,87.3263,86.1671
1855,89.3450,88.8474,88.1890,87.3263,86.1653
1856,89.3450,88.8474,88.1890,87.3263,86.1636
1857,89.3450,88.8474,88.1890,87.3263,86.1618
1858,89.3450,88.8474,88.1890,87.3263,86.1601
1859,89.3450,88.8474,88.1890,87.3263,86.1583
1860,89.3450,88.8474,88.1890,87.3263,86.1566
1861,89.3439,88.8463,88.1890,87.3252,86.1559
1862,89.3421,88.8446,88.1890,87.3234,86.1559
1863,89.3403,88.8428,88.1890,87.3216,86.1559
1864,89.3386,88.8411,88.1890,87.3199,86.1559
1865,89.3368,88.8393,88.1890,87.3181,86.1559
1866,89.3351,88.8375,88.1890,87.3164,86.1559
1867,89.3333,88.8358,88.1890,87.3146,86.1559
1868,89.3315,88.8340,88.1890,87.3129,86.1559
1869,89.3304,88.8329,88.1884,87.3117,86.1553
1870,89.3304,88.8329,88.1866,87.3117,86.1535
1871,89.3304,88.8329,88.1849,87.3117,86.1517
1872,89.3304,88.8329,88.1831,87.3117,86.1500
1873,89.3304,88.8329,88.1814,87.3117,86.1482
1874,89.3304,88.8329,88.1796,87.3117,86.1464
1875,89.3304,88.8329,88.1778,87.3117,86.1446
1876,89.3304,88.8329,88.1761,87.3117,86.1428
1877,89.3304,88.8329,88.1744,87.3116,86.1412
1878,89.3304,88.8329,88.1744,87.3099,86.1412
1879,89.3304,88.8329,88.1744,87.3081,86.1412
1880,89.3304,88.8329,88.1744,87.3064,86.1412
1881,89.3304,88.8329,88.1744,87.3047,86.1412
1882,89.3304,88.8329,88.1744,87.3029,86.1412
1883,89.3304,88.8329,88.1744,87.3012,86.1412
1884,89.3304,88.8329,88.1744,87.2994,86.1412
1885,89.3304,88.8329,88.1744,87.2977,86.1412
1886,89.3304,88.8329,88.1744,87.2971,86.1400
1887,89.3304,88.8329,88.1744,87.2971,86.1382
1888,89.3304,88.8329,88.1744,87.2971,86.1365
1889,89.3304,88.8329,88.1744,87.2971,86.1347
1890,89.3304,88.8329,88.1744,87.2971,86.1330
1891,89.3304,88.8329,88.1744,87.2971,86.1312
1892,89.3304,88.8329,88.1744,87.2971,86.1294
1893,89.3304,88.8329,88.1744,87.2971,86.1277
1894,89.3304,88.8322,88.1738,87.2964,86.1266
1895,89.3304,88.8304,88.1720,87.2946,86.1266
1896,89.3304,88.8287,88.1702,87.2928,86.1266
1897,89.3304,88.8269,88.1685,87.2910,86.1266
1898,89.3304,88.8252,88.1667,87.2892,86.1266
1899,89.3304,88.8234,88.1650,87.2873,86.1266
1900,89.3304,88.8217,88.1632,87.2855,86.1266
1901,89.3304,88.8199,88.1614,87.2837,86.1266
1902,89.3304,88.8183,88.1599,87.2820,86.1264
1903,89.3304,88.8183,88.1599,87.2820,86.1247
1904,89.3304,88.8183,88.1599,87.2820,86.1229
1905,89.3304,88.8183,88.1599,87.2820,86.1212
1906,89.3304,88.8183,88.1599,87.2820,86.1194
1907,89.3304,88.8183,88.1599,87.2820,86.1176
1908,89.3304,88.8183,88.1599,87.2820,86.1159
1909,89.3304,88.8183,88.1599,87.2820,86.1141
1910,89.3304,88.8183,88.1599,87.2820,86.1124
1911,89.3290,88.8183,88.1599,87.2820,86.1120
1912,89.3272,88.8183,88.1599,87.2820,86.1120
1913,89.3254,88.8183,88.1599,87.2820,86.1120
1914,89.3236,88.8183,88.1599,87.2820,86.1120
1915,89.3218,88.8183,88.1599,87.2820,86.1120
1916,89.3201,88.8183,88.1599,87.2820,86.1120
1917,89.3183,88.8183,88.1599,87.2820,86.1120
1918,89.3165,88.8183,88.1599,87.2820,86.1120
1919,89.3157,88.8183,88.1590,87.2812,86.1111
1920,89.3157,88.8183,88.1573,87.2795,86.1095
1921,89.3157,88.8183,88.1556,87.2778,86.1078
1922,89.3157,88.8183,88.1539,87.2761,86.1061
1923,89.3157,88.8183,88.1522,87.2744,86.1044
1924,89.3157,88.8183,88.1505,87.2727,86.1027
1925,89.3157,88.8183,88.1488,87.2710,86.1010
1926,89.3157,88.8183,88.1471,87.2693,86.0993
1927,89.3157,88.8183,88.1454,87.2676,86.0976
1928,89.3157,88.8167,88.1453,87.2675,86.0975
1929,89.3157,88.8149,88.1453,87.2675,86.0975
1930,89.3157,88.8131,88.1453,87.2675,86.0975
1931,89.3157,88.8114,88.1453,87.2675,86.0975
1932,89.3157,88.8096,88.1453,87.2675,86.0975
1933,89.3157,88.8079,88.1453,87.2675,86.0975
1934,89.3157,88.8061,88.1453,87.2675,86.0975
1935,89.3157,88.8044,88.1453,87.2675,86.0975
1936,89.3157,88.8037,88.1453,87.2663,86.0963
1937,89.3157,88.8037,88.1453,87.2646,86.0946
1938,89.3157,88.8037,88.1453,87.2628,86.0928
1939,89.3157,88.8037,88.1453,87.2611,86.0910
1940,89.3157,88.8037,88.1453,87.2593,86.0893
1941,89.3157,88.8037,88.1453,87.2575,86.0875
1942,89.3157,88.8037,88.1453,87.2558,86.0858
1943,89.3157,88.8037,88.1453,87.2540,86.0840
1944,89.3157,88.8037,88.1447,87.2529,86.0829
1945,89.3157,88.8037,88.1429,87.2529,86.0829
1946,89.3157,88.8037,88.1411,87.2529,86.0829
1947,89.3157,88.8037,88.1394,87.2529,86.0829
1948,89.3157,88.8037,88.1376,87.2529,86.0829
1949,89.3157,88.8037,88.1359,87.2529,86.0829
1950,89.3157,88.8037,88.1341,87.2529,86.0829
1951,89.3157,88.8037,88.1323,87.2529,86.0829
1952,89.3157,88.8037,88.1307,87.2528,86.0828
1953,89.3157,88.8037,88.1307,87.2510,86.0810
1954,89.3157,88.8037,88.1307,87.2493,86.0792
1955,89.3157,88.8037,88.1307,87.2475,86.0775
1956,89.3157,88.8037,88.1307,87.2457,86.0757
1957,89.3157,88.8037,88.1307,87.2440,86.0740
1958,89.3157,88.8037,88.1307,87.2422,86.0722
1959,89.3157,88.8037,88.1307,87.2405,86.0705
1960,89.3157,88.8037,88.1307,87.2387,86.0687
1961,89.3157,88.8023,88.1307,87.2383,86.0683
1962,89.3157,88.8006,88.1307,87.2383,86.0683
1963,89.3157,88.7988,88.1307,87.2383,86.0683
1964,89.3157,88.7971,88.1307,87.2383,86.0683
1965,89.3157,88.7953,88.1307,87.2383,86.0683
1966,89.3157,88.7936,88.1307,87.2383,86.0683
1967,89.3157,88.7918,88.1307,87.2383,86.0683
1968,89.3157,88.7900,88.1307,87.2383,86.0683
1969,89.3149,88.7890,88.1300,87.2383,86.0676
1970,89.3132,88.7890,88.1282,87.2383,86.0659
1971,89.3114,88.7890,88.1264,87.2383,86.0641
1972,89.3097,88.7890,88.1247,87.2383,86.0623
1973,89.3079,88.7890,88.1229,87.2383,86.0606
1974,89.3061,88.7890,88.1211,87.2383,86.0588
1975,89.3044,88.7890,88.1193,87.2383,86.0570
1976,89.3026,88.7890,88.1176,87.2383,86.0553
1977,89.3011,88.7890,88.1160,87.2381,86.0537
1978,89.3011,88.7890,88.1160,87.2364,86.0537
1979,89.3011,88.7890,88.1160,87.2346,86.0537
1980,89.3011,88.7890,88.1160,87.2329,86.0537
1981,89.3011,88.7890,88.1160,87.2311,86.0537
1982,89.3011,88.7890,88.1160,87.2293,86.0537
1983,89.3011,88.7890,88.1160,87.2276,86.0537
1984,89.3011,88.7890,88.1160,87.2258,86.0537
1985,89.3011,88.7890,88.1160,87.2241,86.0537
1986,89.3011,88.7890,88.1160,87.2238,86.0522
1987,89.3011,88.7890,88.1160,87.2238,86.0505
1988,89.3011,88.7890,88.1160,87.2238,86.0487
1989,89.3011,88.7890,88.1160,87.2238,86.0469
1990,89.3011,88.7890,88.1160,87.2238,86.0452
1991,89.3011,88.7890,88.1160,87.2238,86.0434
1992,89.3011,88.7890,88.1160,87.2238,86.0417
1993,89.3011,88.7890,88.1160,87.2238,86.0399
1994,89.3011,88.7880,88.1150,87.2228,86.0391
1995,89.3011,88.7863,88.1133,87.2211,86.0391
1996,89.3011,88.7845,88.1115,87.2193,86.0391
1997,89.3011,88.7828,88.1098,87.2175,86.0391
1998,89.3011,88.7810,88.1080,87.2158,86.0391
1999,89.3011,88.7793,88.1062,87.2140,86.0391
2000,89.3011,88.7775,88.1045,87.2123,86.0391
2001,89.3011,88.7757,88.1027,87.2105,86.0391
2002,89.3011,88.7744,88.1014,87.2092,86.0391
2003,89.3011,88.7744,88.1014,87.2092,86.0391
2004,89.3011,88.7744,88.1014,87.2092,86.0391
2005,89.3011,88.7744,88.1014,87.2092,86.0391
2006,89.3011,88.7744,88.1014,87.2092,86.0391
2007,89.3011,88.7744,88.1014,87.2092,86.0391
2008,89.3011,88.7744,88.1014,87.2092,86.0391
2009,89.3011,88.7744,88.1014,87.2092,86.0391
2010,89.3011,88.7744,88.1014,87.2092,86.0391
2011,89.3011,88.7744,88.1014,87.2092,86.0374
2012,89.3011,88.7744,88.1014,87.2092,86.0357
2013,89.3011,88.7744,88.1014,87.2092,86.0339
2014,89.3011,88.7744,88.1014,87.2092,86.0322
2015,89.3011,88.7744,88.1014,87.2092,86.0304
2016,89.3011,88.7744,88.1014,87.2092,86.0287
2017,89.3011,88.7744,88.1014,87.2092,86.0270
2018,89.3011,88.7744,88.1014,87.2092,86.0252
2019,89.3011,88.7744,88.1004,87.2082,86.0245
2020,89.3011,88.7744,88.0986,87.2064,86.0245
2021,89.3011,88.7744,88.0969,87.2046,86.0245
2022,89.3011,88.7744,88.0951,87.2028,86.0245
2023,89.3011,88.7744,88.0934,87.2011,86.0245
2024,89.3011,88.7744,88.0916,87.1993,86.0245
2025,89.3011,88.7744,88.0898,87.1975,86.0245
2026,89.3011,88.7744,88.0881,87.1957,86.0245
2027,89.3005,88.7744,88.0869,87.1945,86.0240
2028,89.2987,88.7744,88.0869,87.1945,86.0222
2029,89.2969,88.7744,88.0869,87.1945,86.0203
2030,89.2951,88.7744,88.0869,87.1945,86.0185
2031,89.2933,88.7744,88.0869,87.1945,86.0167
2032,89.2915,88.7744,88.0869,87.1945,86.0149
2033,89.2897,88.7744,88.0869,87.1945,86.0131
2034,89.2879,88.7744,88.0869,87.1945,86.0113
2035,89.2862,88.7744,88.0869,87.1945,86.0095
2036,89.2862,88.7727,88.0869,87.1927,86.0095
2037,89.2862,88.7709,88.0869,87.1909,86.0095
2038,89.2862,88.7691,88.0869,87.1892,86.0095
2039,89.2862,88.7674,88.0869,87.1874,86.0095
2040,89.2862,88.7656,88.0869,87.1857,86.0095
2041,89.2862,88.7639,88.0869,87.1839,86.0095
2042,89.2862,88.7621,88.0869,87.1821,86.0095
2043,89.2862,88.7603,88.0869,87.1804,86.0095
2044,89.2862,88.7599,88.0856,87.1799,86.0082
2045,89.2862,88.7599,88.0838,87.1799,86.0064
2046,89.2862,88.7599,88.0821,87.1799,86.0047
2047,89.2862,88.7599,88.0803,87.1799,86.0029
2048,89.2862,88.7599,88.0785,87.1799,86.0012
2049,89.2862,88.7599,88.0768,87.1799,85.9994
2050,89.2862,88.7599,88.0750,87.1799,85.9976
2051,89.2862,88.7599,88.0733,87.1799,85.9959
2052,89.2862,88.7599,88.0723,87.1799,85.9949
2053,89.2862,88.7599,88.0723,87.1799,85.9949
2054,89.2862,88.7599,88.0723,87.1799,85.9949
2055,89.2862,88.7599,88.0723,87.1799,85.9949
2056,89.2862,88.7599,88.0723,87.1799,85.9949
2057,89.2862,88.7599,88.0723,87.1799,85.9949
2058,89.2862,88.7599,88.0723,87.1799,85.9949
2059,89.2862,88.7599,88.0723,87.1799,85.9949
2060,89.2862,88.7599,88.0723,87.1799,85.9949
2061,89.2862,88.7599,88.0723,87.1784,85.9934
2062,89.2862,88.7599,88.0723,87.1766,85.9916
2063,89.2862,88.7599,88.0723,87.1749,85.9899
2064,89.2862,88.7599,88.0723,87.1731,85.9881
2065,89.2862,88.7599,88.0723,87.1714,85.9863
2066,89.2862,88.7599,88.0723,87.1696,85.9846
2067,89.2862,88.7599,88.0723,87.1679,85.9828
2068,89.2862,88.7599,88.0723,87.1661,85.9811
2069,89.2862,88.7588,88.0713,87.1653,85.9803
2070,89.2862,88.7570,88.0695,87.1653,85.9803
2071,89.2862,88.7552,88.0678,87.1653,85.9803
2072,89.2862,88.7534,88.0660,87.1653,85.9803
2073,89.2862,88.7515,88.0643,87.1653,85.9803
2074,89.2862,88.7497,88.0625,87.1653,85.9803
2075,89.2862,88.7479,88.0607,87.1653,85.9803
2076,89.2862,88.7461,88.0590,87.1653,85.9803
2077,89.2862,88.7448,88.0577,87.1648,85.9798
2078,89.2862,88.7448,88.0577,87.1631,85.9780
2079,89.2862,88.7448,88.0577,87.1613,85.9763
2080,89.2862,88.7448,88.0577,87.1596,85.9745
2081,89.2862,88.7448,88.0577,87.1578,85.9728
2082,89.2862,88.7448,88.0577,87.1561,85.9710
2083,89.2862,88.7448,88.0577,87.1543,85.9692
2084,89.2862,88.7448,88.0577,87.1525,85.9675
2085,89.2862,88.7448,88.0577,87.1508,85.9657
2086,89.2844,88.7448,88.0577,87.1508,85.9657
2087,89.2826,88.7448,88.0577,87.1508,85.9657
2088,89.2808,88.7448,88.0577,87.1508,85.9657
2089,89.2791,88.7448,88.0577,87.1508,85.9657
2090,89.2773,88.7448,88.0577,87.1508,85.9657
2091,89.2755,88.7448,88.0577,87.1508,85.9657
2092,89.2737,88.7448,88.0577,87.1508,85.9657
2093,89.2720,88.7448,88.0577,87.1508,85.9657
2094,89.2714,88.7448,88.0565,87.1508,85.9657
2095,89.2714,88.7448,88.0548,87.1508,85.9657
2096,89.2714,88.7448,88.0530,87.1508,85.9657
2097,89.2714,88.7448,88.0513,87.1508,85.9657
2098,89.2714,88.7448,88.0495,87.1508,85.9657
2099,89.2714,88.7448,88.0478,87.1508,85.9657
2100,89.2714,88.7448,88.0461,87.1508,85.9657
2101,89.2714,88.7448,88.0443,87.1508,85.9657
2102,89.2714,88.7448,88.0432,87.1502,85.9651
2103,89.2714,88.7448,88.0432,87.1484,85.9634
2104,89.2714,88.7448,88.0432,87.1467,85.9616
2105,89.2714,88.7448,88.0432,87.1449,85.9599
2106,89.2714,88.7448,88.0432,87.1432,85.9581
2107,89.2714,88.7448,88.0432,87.1414,85.9563
2108,89.2714,88.7448,88.0432,87.1397,85.9546
2109,89.2714,88.7448,88.0432,87.1379,85.9528
2110,89.2714,88.7447,88.0432,87.1362,85.9511
2111,89.2714,88.7430,88.0432,87.1362,85.9511
2112,89.2714,88.7412,88.0432,87.1362,85.9511
2113,89.2714,88.7394,88.0432,87.1362,85.9511
2114,89.2714,88.7377,88.0432,87.1362,85.9511
2115,89.2714,88.7359,88.0432,87.1362,85.9511
2116,89.2714,88.7342,88.0432,87.1362,85.9511
2117,89.2714,88.7324,88.0432,87.1362,85.9511
2118,89.2714,88.7307,88.0432,87.1362,85.9511
2119,89.2714,88.7302,88.0432,87.1349,85.9498
2120,89.2714,88.7302,88.0432,87.1331,85.9480
2121,89.2714,88.7302,88.0432,87.1314,85.9463
2122,89.2714,88.7302,88.0432,87.1296,85.9445
2123,89.2714,88.7302,88.0432,87.1279,85.9427
2124,89.2714,88.7302,88.0432,87.1261,85.9410
2125,89.2714,88.7302,88.0432,87.1243,85.9392
2126,89.2714,88.7302,88.0432,87.1226,85.9375
2127,89.2714,88.7302,88.0423,87.1216,85.9365
2128,89.2714,88.7302,88.0406,87.1216,85.9365
2129,89.2714,88.7302,88.0388,87.1216,85.9365
2130,89.2714,88.7302,88.0371,87.1216,85.9365
2131,89.2714,88.7302,88.0353,87.1216,85.9365
2132,89.2714,88.7302,88.0336,87.1216,85.9365
2133,89.2714,88.7302,88.0318,87.1216,85.9365
2134,89.2714,88.7302,88.0300,87.1216,85.9365
2135,89.2714,88.7302,88.0286,87.1216,85.9362
2136,89.2714,88.7302,88.0286,87.1216,85.9345
2137,89.2714,88.7302,88.0286,87.1216,85.9327
2138,89.2714,88.7302,88.0286,87.1216,85.9309
2139,89.2714,88.7302,88.0286,87.1216,85.9292
2140,89.2714,88.7302,88.0286,87.1216,85.9274
2141,89.2714,88.7302,88.0286,87.1216,85.9256
2142,89.2714,88.7302,88.0286,87.1216,85.9239
2143,89.2714,88.7302,88.0286,87.1216,85.9221
2144,89.2699,88.7287,88.0286,87.1201,85.9219
2145,89.2681,88.7269,88.0286,87.1183,85.9219
2146,89.2664,88.7251,88.0286,87.1165,85.9219
2147,89.2646,88.7234,88.0286,87.1147,85.9219
2148,89.2628,88.7216,88.0286,87.1129,85.9219
2149,89.2611,88.7199,88.0286,87.1112,85.9219
2150,89.2593,88.7181,88.0286,87.1094,85.9219
2151,89.2576,88.7163,88.0286,87.1076,85.9219
2152,89.2569,88.7156,88.0275,87.1069,85.9219
2153,89.2569,88.7156,88.0257,87.1069,85.9219
2154,89.2569,88.7156,88.0239,87.1069,85.9219
2155,89.2569,88.7156,88.0221,87.1069,85.9219
2156,89.2569,88.7156,88.0203,87.1069,85.9219
2157,89.2569,88.7156,88.0185,87.1069,85.9219
2158,89.2569,88.7156,88.0167,87.1069,85.9219
2159,89.2569,88.7156,88.0149,87.1069,85.9219
2160,89.2569,88.7156,88.0135,87.1069,85.9215
2161,89.2569,88.7156,88.0135,87.1069,85.9198
2162,89.2569,88.7156,88.0135,87.1069,85.9180
2163,89.2569,88.7156,88.0135,87.1069,85.9163
2164,89.2569,88.7156,88.0135,87.1069,85.9145
2165,89.2569,88.7156,88.0135,87.1069,85.9127
2166,89.2569,88.7156,88.0135,87.1069,85.9110
2167,89.2569,88.7156,88.0135,87.1069,85.9092
2168,89.2569,88.7156,88.0135,87.1069,85.9075
2169,89.2569,88.7156,88.0135,87.1052,85.9073
2170,89.2569,88.7156,88.0135,87.1034,85.9073
2171,89.2569,88.7156,88.0135,87.1016,85.9073
2172,89.2569,88.7156,88.0135,87.0998,85.9073
2173,89.2569,88.7156,88.0135,87.0980,85.9073
2174,89.2569,88.7156,88.0135,87.0962,85.9073
2175,89.2569,88.7156,88.0135,87.0944,85.9073
2176,89.2569,88.7156,88.0135,87.0926,85.9073
2177,89.2569,88.7156,88.0124,87.0920,85.9062
2178,89.2569,88.7156,88.0106,87.0920,85.9044
2179,89.2569,88.7156,88.0089,87.0920,85.9027
2180,89.2569,88.7156,88.0071,87.0920,85.9009
2181,89.2569,88.7156,88.0053,87.0920,85.8992
2182,89.2569,88.7156,88.0036,87.0920,85.8974
2183,89.2569,88.7156,88.0018,87.0920,85.8956
2184,89.2569,88.7156,88.0001,87.0920,85.8939
2185,89.2569,88.7150,87.9989,87.0914,85.8927
2186,89.2569,88.7133,87.9989,87.0896,85.8927
2187,89.2569,88.7115,87.9989,87.0878,85.8927
2188,89.2569,88.7097,87.9989,87.0861,85.8927
2189,89.2569,88.7080,87.9989,87.0843,85.8927
2190,89.2569,88.7062,87.9989,87.0826,85.8927
2191,89.2569,88.7045,87.9989,87.0808,85.8927
2192,89.2569,88.7027,87.9989,87.0791,85.8927
2193,89.2569,88.7011,87.9989,87.0774,85.8926
2194,89.2569,88.7011,87.9989,87.0774,85.8909
2195,89.2569,88.7011,87.9989,87.0774,85.8892
2196,89.2569,88.7011,87.9989,87.0774,85.8875
2197,89.2569,88.7011,87.9989,87.0774,85.8858
2198,89.2569,88.7011,87.9989,87.0774,85.8841
2199,89.2569,88.7011,87.9989,87.0774,85.8824
2200,89.2569,88.7011,87.9989,87.0774,85.8807
2201,89.2569,88.7011,87.9989,87.0774,85.8790
2202,89.2560,88.7011,87.9981,87.0774,85.8782
2203,89.2543,88.7011,87.9963,87.0774,85.8782
2204,89.2525,88.7011,87.9946,87.0774,85.8782
2205,89.2507,88.7011,87.9928,87.0774,85.8782
2206,89.2490,88.7011,87.9910,87.0774,85.8782
2207,89.2472,88.7011,87.9893,87.0774,85.8782
2208,89.2455,88.7011,87.9875,87.0774,85.8782
2209,89.2437,88.7011,87.9858,87.0774,85.8782
2210,89.2423,88.7011,87.9844,87.0771,85.8782
2211,89.2423,88.7011,87.9844,87.0753,85.8782
2212,89.2423,88.7011,87.9844,87.0736,85.8782
2213,89.2423,88.7011,87.9844,87.0718,85.8782
2214,89.2423,88.7011,87.9844,87.0700,85.8782
2215,89.2423,88.7011,87.9844,87.0683,85.8782
2216,89.2423,88.7011,87.9844,87.0665,85.8782
2217,89.2423,88.7011,87.9844,87.0648,85.8782
2218,89.2423,88.7011,87.9844,87.0630,85.8782
2219,89.2423,88.6995,87.9844,87.0629,85.8765
2220,89.2423,88.6977,87.9844,87.0629,85.8748
2221,89.2423,88.6960,87.9844,87.0629,85.8730
2222,89.2423,88.6942,87.9844,87.0629,85.8713
2223,89.2423,88.6924,87.9844,87.0629,85.8695
2224,89.2423,88.6907,87.9844,87.0629,85.8677
2225,89.2423,88.6889,87.9844,87.0629,85.8660
2226,89.2423,88.6872,87.9844,87.0629,85.8642
2227,89.2423,88.6865,87.9844,87.0629,85.8636
2228,89.2423,88.6865,87.9844,87.0629,85.8636
2229,89.2423,88.6865,87.9844,87.0629,85.8636
2230,89.2423,88.6865,87.9844,87.0629,85.8636
2231,89.2423,88.6865,87.9844,87.0629,85.8636
2232,89.2423,88.6865,87.9844,87.0629,85.8636
2233,89.2423,88.6865,87.9844,87.0629,85.8636
2234,89.2423,88.6865,87.9844,87.0629,85.8636
2235,89.2423,88.6865,87.9838,87.0623,85.8630
2236,89.2423,88.6865,87.9820,87.0605,85.8612
2237,89.2423,88.6865,87.9803,87.0587,85.8595
2238,89.2423,88.6865,87.9785,87.0570,85.8577
2239,89.2423,88.6865,87.9767,87.0552,85.8560
2240,89.2423,88.6865,87.9750,87.0535,85.8543
2241,89.2423,88.6865,87.9732,87.0517,85.8525
2242,89.2423,88.6865,87.9715,87.0500,85.8508
2243,89.2423,88.6865,87.9697,87.0482,85.8490
2244,89.2423,88.6865,87.9696,87.0481,85.8490
2245,89.2423,88.6865,87.9696,87.0481,85.8490
2246,89.2423,88.6865,87.9696,87.0481,85.8490
2247,89.2423,88.6865,87.9696,87.0481,85.8490
2248,89.2423,88.6865,87.9696,87.0481,85.8490
2249,89.2423,88.6865,87.9696,87.0481,85.8490
2250,89.2423,88.6865,87.9696,87.0481,85.8490
2251,89.2423,88.6865,87.9696,87.0481,85.8490
2252,89.2423,88.6865,87.9696,87.0469,85.8490
2253,89.2423,88.6865,87.9696,87.0452,85.8490
2254,89.2423,88.6865,87.9696,87.0434,85.8490
2255,89.2423,88.6865,87.9696,87.0417,85.8490
2256,89.2423,88.6865,87.9696,87.0399,85.8490
2257,89.2423,88.6865,87.9696,87.0382,85.8490
2258,89.2423,88.6865,87.9696,87.0364,85.8490
2259,89.2423,88.6865,87.9696,87.0346,85.8490
2260,89.2423,88.6858,87.9690,87.0335,85.8483
2261,89.2423,88.6841,87.9672,87.0335,85.8465
2262,89.2423,88.6823,87.9654,87.0335,85.8448
2263,89.2423,88.6806,87.9637,87.0335,85.8430
2264,89.2423,88.6788,87.9619,87.0335,85.8412
2265,89.2423,88.6771,87.9602,87.0335,85.8395
2266,89.2423,88.6753,87.9584,87.0335,85.8377
2267,89.2423,88.6735,87.9567,87.0335,85.8360
2268,89.2421,88.6719,87.9551,87.0335,85.8344
2269,89.2404,88.6719,87.9551,87.0335,85.8344
2270,89.2386,88.6719,87.9551,87.0335,85.8344
2271,89.2369,88.6719,87.9551,87.0335,85.8344
2272,89.2351,88.6719,87.9551,87.0335,85.8344
2273,89.2333,88.6719,87.9551,87.0335,85.8344
2274,89.2316,88.6719,87.9551,87.0335,85.8344
2275,89.2298,88.6719,87.9551,87.0335,85.8344
2276,89.2281,88.6719,87.9551,87.0335,85.8344
2277,89.2277,88.6719,87.9551,87.0321,85.8329
2278,89.2277,88.6719,87.9551,87.0304,85.8311
2279,89.2277,88.6719,87.9551,87.0286,85.8293
2280,89.2277,88.6719,87.9551,87.0269,85.8275
2281,89.2277,88.6719,87.9551,87.0251,85.8257
2282,89.2277,88.6719,87.9551,87.0233,85.8238
2283,89.2277,88.6719,87.9551,87.0216,85.8220
2284,89.2277,88.6719,87.9551,87.0198,85.8202
2285,89.2277,88.6719,87.9551,87.0190,85.8193
2286,89.2277,88.6719,87.9551,87.0190,85.8193
2287,89.2277,88.6719,87.9551,87.0190,85.8193
2288,89.2277,88.6719,87.9551,87.0190,85.8193
2289,89.2277,88.6719,87.9551,87.0190,85.8193
2290,89.2277,88.6719,87.9551,87.0190,85.8193
2291,89.2277,88.6719,87.9551,87.0190,85.8193
2292,89.2277,88.6719,87.9551,87.0190,85.8193
2293,89.2277,88.6717,87.9548,87.0190,85.8193
2294,89.2277,88.6700,87.9531,87.0190,85.8193
2295,89.2277,88.6682,87.9513,87.0190,85.8193
2296,89.2277,88.6664,87.9496,87.0190,85.8193
2297,89.2277,88.6647,87.9478,87.0190,85.8193
2298,89.2277,88.6629,87.9460,87.0190,85.8193
2299,89.2277,88.6612,87.9443,87.0190,85.8193
2300,89.2277,88.6594,87.9425,87.0190,85.8193
2301,89.2277,88.6576,87.9408,87.0190,85.8193
2302,89.2277,88.6574,87.9405,87.0175,85.8179
2303,89.2277,88.6574,87.9405,87.0157,85.8161
2304,89.2277,88.6574,87.9405,87.0140,85.8143
2305,89.2277,88.6574,87.9405,87.0122,85.8126
2306,89.2277,88.6574,87.9405,87.0105,85.8108
2307,89.2277,88.6574,87.9405,87.0087,85.8090
2308,89.2277,88.6574,87.9405,87.0069,85.8073
2309,89.2277,88.6574,87.9405,87.0052,85.8055
2310,89.2277,88.6574,87.9405,87.0044,85.8047
2311,89.2277,88.6574,87.9405,87.0044,85.8047
2312,89.2277,88.6574,87.9405,87.0044,85.8047
2313,89.2277,88.6574,87.9405,87.0044,85.8047
2314,89.2277,88.6574,87.9405,87.0044,85.8047
2315,89.2277,88.6574,87.9405,87.0044,85.8047
2316,89.2277,88.6574,87.9405,87.0044,85.8047
2317,89.2277,88.6574,87.9405,87.0044,85.8047
2318,89.2277,88.6574,87.9400,87.0044,85.8043
2319,89.2277,88.6574,87.9383,87.0044,85.8025
2320,89.2277,88.6574,87.9365,87.0044,85.8007
2321,89.2277,88.6574,87.9347,87.0044,85.7990
2322,89.2277,88.6574,87.9330,87.0044,85.7972
2323,89.2277,88.6574,87.9312,87.0044,85.7955
2324,89.2277,88.6574,87.9295,87.0044,85.7937
2325,89.2277,88.6574,87.9277,87.0044,85.7919
2326,89.2277,88.6574,87.9260,87.0044,85.7902
2327,89.2261,88.6574,87.9259,87.0027,85.7902
2328,89.2244,88.6574,87.9259,87.0010,85.7902
2329,89.2227,88.6574,87.9259,86.9993,85.7902
2330,89.2210,88.6574,87.9259,86.9976,85.7902
2331,89.2193,88.6574,87.9259,86.9960,85.7902
2332,89.2176,88.6574,87.9259,86.9943,85.7902
2333,89.2159,88.6574,87.9259,86.9926,85.7902
2334,89.2142,88.6574,87.9259,86.9909,85.7902
2335,89.2132,88.6567,87.9259,86.9898,85.7895
2336,89.2132,88.6549,87.9259,86.9898,85.7877
2337,89.2132,88.6531,87.9259,86.9898,85.7859
2338,89.2132,88.6513,87.9259,86.9898,85.7842
2339,89.2132,88.6495,87.9259,86.9898,85.7824
2340,89.2132,88.6478,87.9259,86.9898,85.7806
2341,89.2132,88.6460,87.9259,86.9898,85.7789
2342,89.2132,88.6442,87.9259,86.9898,85.7771
2343,89.2132,88.6426,87.9259,86.9898,85.7756
2344,89.2132,88.6426,87.9259,86.9898,85.7756
2345,89.2132,88.6426,87.9259,86.9898,85.7756
2346,89.2132,88.6426,87.9259,86.9898,85.7756
2347,89.2132,88.6426,87.9259,86.9898,85.7756
2348,89.2132,88.6426,87.9259,86.9898,85.7756
2349,89.2132,88.6426,87.9259,86.9898,85.7756
2350,89.2132,88.6426,87.9259,86.9898,85.7756
2351,89.2132,88.6426,87.9259,86.9898,85.7756
2352,89.2132,88.6426,87.9245,86.9884,85.7756
2353,89.2132,88.6426,87.9227,86.9866,85.7756
2354,89.2132,88.6426,87.9210,86.9849,85.7756
2355,89.2132,88.6426,87.9192,86.9831,85.7756
2356,89.2132,88.6426,87.9174,86.9814,85.7756
2357,89.2132,88.6426,87.9157,86.9796,85.7756
2358,89.2132,88.6426,87.9139,86.9778,85.7756
2359,89.2132,88.6426,87.9122,86.9761,85.7756
2360,89.2132,88.6426,87.9114,86.9753,85.7746
2361,89.2132,88.6426,87.9114,86.9753,85.7728
2362,89.2132,88.6426,87.9114,86.9753,85.7711
2363,89.2132,88.6426,87.9114,86.9753,85.7693
2364,89.2132,88.6426,87.9114,86.9753,85.7676
2365,89.2132,88.6426,87.9114,86.9753,85.7658
2366,89.2132,88.6426,87.9114,86.9753,85.7640
2367,89.2132,88.6426,87.9114,86.9753,85.7623
2368,89.2132,88.6426,87.9114,86.9753,85.7610
2369,89.2132,88.6426,87.9114,86.9753,85.7610
2370,89.2132,88.6426,87.9114,86.9753,85.7610
2371,89.2132,88.6426,87.9114,86.9753,85.7610
2372,89.2132,88.6426,87.9114,86.9753,85.7610
2373,89.2132,88.6426,87.9114,86.9753,85.7610
2374,89.2132,88.6426,87.9114,86.9753,85.7610
2375,89.2132,88.6426,87.9114,86.9753,85.7610
2376,89.2132,88.6426,87.9114,86.9753,85.7610
2377,89.2132,88.6411,87.9098,86.9737,85.7610
2378,89.2132,88.6394,87.9081,86.9720,85.7610
2379,89.2132,88.6376,87.9063,86.9702,85.7610
2380,89.2132,88.6358,87.9046,86.9684,85.7610
2381,89.2132,88.6341,87.9028,86.9666,85.7610
2382,89.2132,88.6323,87.9010,86.9648,85.7610
2383,89.2132,88.6306,87.8993,86.9631,85.7610
2384,89.2132,88.6288,87.8975,86.9613,85.7610
2385,89.2132,88.6281,87.8968,86.9605,85.7599
2386,89.2132,88.6281,87.8968,86.9605,85.7582
2387,89.2132,88.6281,87.8968,86.9605,85.7564
2388,89.2132,88.6281,87.8968,86.9605,85.7547
2389,89.2132,88.6281,87.8968,86.9605,85.7529
2390,89.2132,88.6281,87.8968,86.9605,85.7511
2391,89.2132,88.6281,87.8968,86.9605,85.7494
2392,89.2132,88.6281,87.8968,86.9605,85.7476
2393,89.2126,88.6281,87.8968,86.9600,85.7464
2394,89.2109,88.6281,87.8968,86.9583,85.7464
2395,89.2091,88.6281,87.8968,86.9565,85.7464
2396,89.2074,88.6281,87.8968,86.9547,85.7464
2397,89.2056,88.6281,87.8968,86.9530,85.7464
2398,89.2039,88.6281,87.8968,86.9512,85.7464
2399,89.2021,88.6281,87.8968,86.9495,85.7464
2400,89.2003,88.6281,87.8968,86.9477,85.7464
2401,89.1986,88.6281,87.8968,86.9460,85.7464
2402,89.1986,88.6281,87.8968,86.9460,85.7446
2403,89.1986,88.6281,87.8968,86.9460,85.7428
2404,89.1986,88.6281,87.8968,86.9460,85.7411
2405,89.1986,88.6281,87.8968,86.9460,85.7393
2406,89.1986,88.6281,87.8968,86.9460,85.7376
2407,89.1986,88.6281,87.8968,86.9460,85.7358
2408,89.1986,88.6281,87.8968,86.9460,85.7340
2409,89.1986,88.6281,87.8968,86.9460,85.7323
2410,89.1986,88.6281,87.8955,86.9460,85.7318
2411,89.1986,88.6281,87.8938,86.9460,85.7318
2412,89.1986,88.6281,87.8920,86.9460,85.7318
2413,89.1986,88.6281,87.8902,86.9460,85.7318
2414,89.1986,88.6281,87.8885,86.9460,85.7318
2415,89.1986,88.6281,87.8867,86.9460,85.7318
2416,89.1986,88.6281,87.8850,86.9460,85.7318
2417,89.1986,88.6281,87.8832,86.9460,85.7318
2418,89.1986,88.6273,87.8822,86.9452,85.7318
2419,89.1986,88.6255,87.8822,86.9434,85.7318
2420,89.1986,88.6238,87.8822,86.9417,85.7318
2421,89.1986,88.6220,87.8822,86.9399,85.7318
2422,89.1986,88.6203,87.8822,86.9382,85.7318
2423,89.1986,88.6185,87.8822,86.9364,85.7318
2424,89.1986,88.6168,87.8822,86.9347,85.7318
2425,89.1986,88.6150,87.8822,86.9329,85.7318
2426,89.1986,88.6135,87.8822,86.9314,85.7315
2427,89.1986,88.6135,87.8822,86.9314,85.7298
2428,89.1986,88.6135,87.8822,86.9314,85.7280
2429,89.1986,88.6135,87.8822,86.9314,85.7263
2430,89.1986,88.6135,87.8822,86.9314,85.7246
2431,89.1986,88.6135,87.8822,86.9314,85.7228
2432,89.1986,88.6135,87.8822,86.9314,85.7211
2433,89.1986,88.6135,87.8822,86.9314,85.7193
2434,89.1986,88.6135,87.8822,86.9314,85.7176
2435,89.1986,88.6135,87.8809,86.9314,85.7172
2436,89.1986,88.6135,87.8791,86.9314,85.7172
2437,89.1986,88.6135,87.8773,86.9314,85.7172
2438,89.1986,88.6135,87.8755,86.9314,85.7172
2439,89.1986,88.6135,87.8738,86.9314,85.7172
2440,89.1986,88.6135,87.8720,86.9314,85.7172
2441,89.1986,88.6135,87.8702,86.9314,85.7172
2442,89.1986,88.6135,87.8684,86.9314,85.7172
2443,89.1986,88.6135,87.8675,86.9306,85.7172
2444,89.1986,88.6135,87.8675,86.9288,85.7172
2445,89.1986,88.6135,87.8675,86.9270,85.7172
2446,89.1986,88.6135,87.8675,86.9252,85.7172
2447,89.1986,88.6135,87.8675,86.9234,85.7172
2448,89.1986,88.6135,87.8675,86.9216,85.7172
2449,89.1986,88.6135,87.8675,86.9198,85.7172
2450,89.1986,88.6135,87.8675,86.9180,85.7172
2451,89.1983,88.6135,87.8675,86.9165,85.7169
2452,89.1965,88.6135,87.8675,86.9165,85.7151
2453,89.1948,88.6135,87.8675,86.9165,85.7133
2454,89.1930,88.6135,87.8675,86.9165,85.7116
2455,89.1912,88.6135,87.8675,86.9165,85.7098
2456,89.1895,88.6135,87.8675,86.9165,85.7080
2457,89.1877,88.6135,87.8675,86.9165,85.7063
2458,89.1860,88.6135,87.8675,86.9165,85.7045
2459,89.1842,88.6135,87.8675,86.9165,85.7028
2460,89.1840,88.6119,87.8675,86.9165,85.7026
2461,89.1840,88.6102,87.8675,86.9165,85.7026
2462,89.1840,88.6084,87.8675,86.9165,85.7026
2463,89.1840,88.6066,87.8675,86.9165,85.7026
2464,89.1840,88.6049,87.8675,86.9165,85.7026
2465,89.1840,88.6031,87.8675,86.9165,85.7026
2466,89.1840,88.6014,87.8675,86.9165,85.7026
2467,89.1840,88.5996,87.8675,86.9165,85.7026
2468,89.1840,88.5989,87.8664,86.9154,85.7015
2469,89.1840,88.5989,87.8647,86.9137,85.6998
2470,89.1840,88.5989,87.8630,86.9120,85.6981
2471,89.1840,88.5989,87.8614,86.9103,85.6964
2472,89.1840,88.5989,87.8597,86.9086,85.6947
2473,89.1840,88.5989,87.8580,86.9069,85.6930
2474,89.1840,88.5989,87.8563,86.9051,85.6913
2475,89.1840,88.5989,87.8546,86.9034,85.6897
2476,89.1840,88.5989,87.8529,86.9018,85.6880
2477,89.1840,88.5989,87.8529,86.9018,85.6880
2478,89.1840,88.5989,87.8529,86.9018,85.6880
2479,89.1840,88.5989,87.8529,86.9018,85.6880
2480,89.1840,88.5989,87.8529,86.9018,85.6880
2481,89.1840,88.5989,87.8529,86.9018,85.6880
2482,89.1840,88.5989,87.8529,86.9018,85.6880
2483,89.1840,88.5989,87.8529,86.9018,85.6880
2484,89.1840,88.5989,87.8529,86.9018,85.6880
2485,89.1840,88.5989,87.8529,86.9018,85.6880
2486,89.1840,88.5989,87.8529,86.9018,85.6880
2487,89.1840,88.5989,87.8529,86.9018,85.6880
2488,89.1840,88.5989,87.8529,86.9018,85.6880
2489,89.1840,88.5989,87.8529,86.9018,85.6880
2490,89.1840,88.5989,87.8529,86.9018,85.6880
2491,89.1840,88.5989,87.8529,86.9018,85.6880
2492,89.1840,88.5989,87.8529,86.9018,85.6880
2493,89.1840,88.5989,87.8529,86.9009,85.6872
2494,89.1840,88.5989,87.8529,86.8992,85.6854
2495,89.1840,88.5989,87.8529,86.8974,85.6837
2496,89.1840,88.5989,87.8529,86.8957,85.6819
2497,89.1840,88.5989,87.8529,86.8939,85.6801
2498,89.1840,88.5989,87.8529,86.8922,85.6784
2499,89.1840,88.5989,87.8529,86.8904,85.6766
2500,89.1840,88.5989,87.8529,86.8886,85.6749
2501,89.1840,88.5986,87.8526,86.8872,85.6734
2502,89.1840,88.5969,87.8509,86.8872,85.6734
2503,89.1840,88.5952,87.8491,86.8872,85.6734
2504,89.1840,88.5934,87.8474,86.8872,85.6734
2505,89.1840,88.5917,87.8457,86.8872,85.6734
2506,89.1840,88.5900,87.8439,86.8872,85.6734
2507,89.1840,88.5882,87.8422,86.8872,85.6734
2508,89.1840,88.5865,87.8405,86.8872,85.6734
2509,89.1840,88.5847,87.8387,86.8872,85.6734
2510,89.1840,88.5844,87.8384,86.8872,85.6734
2511,89.1840,88.5844,87.8384,86.8872,85.6734
2512,89.1840,88.5844,87.8384,86.8872,85.6734
2513,89.1840,88.5844,87.8384,86.8872,85.6734
2514,89.1840,88.5844,87.8384,86.8872,85.6734
2515,89.1840,88.5844,87.8384,86.8872,85.6734
2516,89.1840,88.5844,87.8384,86.8872,85.6734
2517,89.1840,88.5844,87.8384,86.8872,85.6734
2518,89.1831,88.5844,87.8384,86.8872,85.6725
2519,89.1814,88.5844,87.8384,86.8872,85.6708
2520,89.1796,88.5844,87.8384,86.8872,85.6690
2521,89.1778,88.5844,87.8384,86.8872,85.6672
2522,89.1760,88.5844,87.8384,86.8872,85.6655
2523,89.1742,88.5844,87.8384,86.8872,85.6637
2524,89.1725,88.5844,87.8384,86.8872,85.6620
2525,89.1707,88.5844,87.8384,86.8872,85.6602
2526,89.1693,88.5844,87.8380,86.8868,85.6588
2527,89.1693,88.5844,87.8361,86.8851,85.6588
2528,89.1693,88.5844,87.8343,86.8833,85.6588
2529,89.1693,88.5844,87.8325,86.8815,85.6588
2530,89.1693,88.5844,87.8307,86.8798,85.6588
2531,89.1693,88.5844,87.8289,86.8780,85.6588
2532,89.1693,88.5844,87.8270,86.8763,85.6588
2533,89.1693,88.5844,87.8252,86.8745,85.6588
2534,89.1693,88.5844,87.8234,86.8728,85.6588
2535,89.1693,88.5844,87.8233,86.8726,85.6588
2536,89.1693,88.5844,87.8233,86.8726,85.6588
2537,89.1693,88.5844,87.8233,86.8726,85.6588
2538,89.1693,88.5844,87.8233,86.8726,85.6588
2539,89.1693,88.5844,87.8233,86.8726,85.6588
2540,89.1693,88.5844,87.8233,86.8726,85.6588
2541,89.1693,88.5844,87.8233,86.8726,85.6588
2542,89.1693,88.5844,87.8233,86.8726,85.6588
2543,89.1693,88.5832,87.8233,86.8726,85.6577
2544,89.1693,88.5815,87.8233,86.8726,85.6558
2545,89.1693,88.5797,87.8233,86.8726,85.6540
2546,89.1693,88.5780,87.8233,86.8726,85.6522
2547,89.1693,88.5762,87.8233,86.8726,85.6504
2548,89.1693,88.5745,87.8233,86.8726,85.6486
2549,89.1693,88.5727,87.8233,86.8726,85.6468
2550,89.1693,88.5709,87.8233,86.8726,85.6450
2551,89.1693,88.5698,87.8233,86.8720,85.6438
2552,89.1693,88.5698,87.8233,86.8702,85.6438
2553,89.1693,88.5698,87.8233,86.8685,85.6438
2554,89.1693,88.5698,87.8233,86.8667,85.6438
2555,89.1693,88.5698,87.8233,86.8650,85.6438
2556,89.1693,88.5698,87.8233,86.8632,85.6438
2557,89.1693,88.5698,87.8233,86.8615,85.6438
2558,89.1693,88.5698,87.8233,86.8597,85.6438
2559,89.1693,88.5698,87.8232,86.8581,85.6437
2560,89.1693,88.5698,87.8214,86.8581,85.6419
2561,89.1693,88.5698,87.8197,86.8581,85.6402
2562,89.1693,88.5698,87.8179,86.8581,85.6385
2563,89.1693,88.5698,87.8162,86.8581,85.6367
2564,89.1693,88.5698,87.8145,86.8581,85.6350
2565,89.1693,88.5698,87.8127,86.8581,85.6332
2566,89.1693,88.5698,87.8110,86.8581,85.6315
2567,89.1693,88.5698,87.8093,86.8581,85.6298
2568,89.1693,88.5698,87.8087,86.8581,85.6292
2569,89.1693,88.5698,87.8087,86.8581,85.6292
2570,89.1693,88.5698,87.8087,86.8581,85.6292
2571,89.1693,88.5698,87.8087,86.8581,85.6292
2572,89.1693,88.5698,87.8087,86.8581,85.6292
2573,89.1693,88.5698,87.8087,86.8581,85.6292
2574,89.1693,88.5698,87.8087,86.8581,85.6292
2575,89.1693,88.5698,87.8087,86.8581,85.6292
2576,89.1693,88.5698,87.8087,86.8574,85.6292
2577,89.1693,88.5698,87.8087,86.8556,85.6292
2578,89.1693,88.5698,87.8087,86.8538,85.6292
2579,89.1693,88.5698,87.8087,86.8521,85.6292
2580,89.1693,88.5698,87.8087,86.8503,85.6292
2581,89.1693,88.5698,87.8087,86.8486,85.6292
2582,89.1693,88.5698,87.8087,86.8468,85.6292
2583,89.1693,88.5698,87.8087,86.8451,85.6292
2584,89.1691,88.5696,87.8087,86.8435,85.6290
2585,89.1673,88.5678,87.8087,86.8435,85.6273
2586,89.1656,88.5660,87.8087,86.8435,85.6255
2587,89.1638,88.5642,87.8087,86.8435,85.6237
2588,89.1621,88.5623,87.8087,86.8435,85.6220
2589,89.1603,88.5605,87.8087,86.8435,85.6202
2590,89.1586,88.5587,87.8087,86.8435,85.6184
2591,89.1568,88.5569,87.8087,86.8435,85.6167
2592,89.1550,88.5550,87.8087,86.8435,85.6149
2593,89.1547,88.5547,87.8073,86.8435,85.6146
2594,89.1547,88.5547,87.8055,86.8435,85.6146
2595,89.1547,88.5547,87.8037,86.8435,85.6146
2596,89.1547,88.5547,87.8020,86.8435,85.6146
2597,89.1547,88.5547,87.8002,86.8435,85.6146
2598,89.1547,88.5547,87.7985,86.8435,85.6146
2599,89.1547,88.5547,87.7967,86.8435,85.6146
2600,89.1547,88.5547,87.7950,86.8435,85.6146
2601,89.1547,88.5547,87.7941,86.8426,85.6146
2602,89.1547,88.5547,87.7941,86.8409,85.6146
2603,89.1547,88.5547,87.7941,86.8392,85.6146
2604,89.1547,88.5547,87.7941,86.8375,85.6146
2605,89.1547,88.5547,87.7941,86.8358,85.6146
2606,89.1547,88.5547,87.7941,86.8341,85.6146
2607,89.1547,88.5547,87.7941,86.8324,85.6146
2608,89.1547,88.5547,87.7941,86.8307,85.6146
2609,89.1547,88.5547,87.7941,86.8290,85.6146
2610,89.1547,88.5547,87.7941,86.8289,85.6129
2611,89.1547,88.5547,87.7941,86.8289,85.6112
2612,89.1547,88.5547,87.7941,86.8289,85.6094
2613,89.1547,88.5547,87.7941,86.8289,85.6077
2614,89.1547,88.5547,87.7941,86.8289,85.6059
2615,89.1547,88.5547,87.7941,86.8289,85.6041
2616,89.1547,88.5547,87.7941,86.8289,85.6024
2617,89.1547,88.5547,87.7941,86.8289,85.6006
2618,89.1547,88.5547,87.7941,86.8289,85.6000
2619,89.1547,88.5547,87.7941,86.8289,85.6000
2620,89.1547,88.5547,87.7941,86.8289,85.6000
2621,89.1547,88.5547,87.7941,86.8289,85.6000
2622,89.1547,88.5547,87.7941,86.8289,85.6000
2623,89.1547,88.5547,87.7941,86.8289,85.6000
2624,89.1547,88.5547,87.7941,86.8289,85.6000
2625,89.1547,88.5547,87.7941,86.8289,85.6000
2626,89.1547,88.5541,87.7935,86.8283,85.6000
2627,89.1547,88.5523,87.7917,86.8265,85.6000
2628,89.1547,88.5505,87.7900,86.8247,85.6000
2629,89.1547,88.5488,87.7882,86.8229,85.6000
2630,89.1547,88.5470,87.7864,86.8211,85.6000
2631,89.1547,88.5453,87.7847,86.8194,85.6000
2632,89.1547,88.5435,87.7829,86.8176,85.6000
2633,89.1547,88.5418,87.7812,86.8158,85.6000
2634,89.1547,88.5402,87.7796,86.8142,85.5999
2635,89.1547,88.5402,87.7796,86.8142,85.5981
2636,89.1547,88.5402,87.7796,86.8142,85.5963
2637,89.1547,88.5402,87.7796,86.8142,85.5946
2638,89.1547,88.5402,87.7796,86.8142,85.5928
2639,89.1547,88.5402,87.7796,86.8142,85.5911
2640,89.1547,88.5402,87.7796,86.8142,85.5893
2641,89.1547,88.5402,87.7796,86.8142,85.5875
2642,89.1547,88.5402,87.7796,86.8142,85.5858
2643,89.1547,88.5402,87.7796,86.8142,85.5854
2644,89.1547,88.5402,87.7796,86.8142,85.5854
2645,89.1547,88.5402,87.7796,86.8142,85.5854
2646,89.1547,88.5402,87.7796,86.8142,85.5854
2647,89.1547,88.5402,87.7796,86.8142,85.5854
2648,89.1547,88.5402,87.7796,86.8142,85.5854
2649,89.1547,88.5402,87.7796,86.8142,85.5854
2650,89.1547,88.5402,87.7796,86.8142,85.5854
2651,89.1540,88.5402,87.7796,86.8134,85.5854
2652,89.1522,88.5402,87.7796,86.8117,85.5854
2653,89.1505,88.5402,87.7796,86.8099,85.5854
2654,89.1487,88.5402,87.7796,86.8082,85.5854
2655,89.1470,88.5402,87.7796,86.8064,85.5854
2656,89.1452,88.5402,87.7796,86.8047,85.5854
2657,89.1434,88.5402,87.7796,86.8029,85.5854
2658,89.1417,88.5402,87.7796,86.8011,85.5854
2659,89.1402,88.5402,87.7793,86.7996,85.5852
2660,89.1402,88.5402,87.7776,86.7996,85.5834
2661,89.1402,88.5402,87.7758,86.7996,85.5817
2662,89.1402,88.5402,87.7741,86.7996,85.5799
2663,89.1402,88.5402,87.7723,86.7996,85.5781
2664,89.1402,88.5402,87.7706,86.7996,85.5764
2665,89.1402,88.5402,87.7688,86.7996,85.5746
2666,89.1402,88.5402,87.7670,86.7996,85.5729
2667,89.1402,88.5402,87.7653,86.7996,85.5711
2668,89.1402,88.5387,87.7650,86.7996,85.5708
2669,89.1402,88.5369,87.7650,86.7996,85.5708
2670,89.1402,88.5352,87.7650,86.7996,85.5708
2671,89.1402,88.5334,87.7650,86.7996,85.5708
2672,89.1402,88.5316,87.7650,86.7996,85.5708
2673,89.1402,88.5299,87.7650,86.7996,85.5708
2674,89.1402,88.5281,87.7650,86.7996,85.5708
2675,89.1402,88.5264,87.7650,86.7996,85.5708
2676,89.1402,88.5256,87.7650,86.7996,85.5708
2677,89.1402,88.5256,87.7650,86.7996,85.5708
2678,89.1402,88.5256,87.7650,86.7996,85.5708
2679,89.1402,88.5256,87.7650,86.7996,85.5708
2680,89.1402,88.5256,87.7650,86.7996,85.5708
2681,89.1402,88.5256,87.7650,86.7996,85.5708
2682,89.1402,88.5256,87.7650,86.7996,85.5708
2683,89.1402,88.5256,87.7650,86.7996,85.5708
2684,89.1402,88.5256,87.7650,86.7991,85.5704
2685,89.1402,88.5256,87.7650,86.7974,85.5686
2686,89.1402,88.5256,87.7650,86.7956,85.5668
2687,89.1402,88.5256,87.7650,86.7939,85.5651
2688,89.1402,88.5256,87.7650,86.7921,85.5633
2689,89.1402,88.5256,87.7650,86.7904,85.5615
2690,89.1402,88.5256,87.7650,86.7886,85.5598
2691,89.1402,88.5256,87.7650,86.7868,85.5580
2692,89.1402,88.5256,87.7650,86.7851,85.5563
2693,89.1402,88.5256,87.7633,86.7850,85.5562
2694,89.1402,88.5256,87.7616,86.7850,85.5562
2695,89.1402,88.5256,87.7598,86.7850,85.5562
2696,89.1402,88.5256,87.7581,86.7850,85.5562
2697,89.1402,88.5256,87.7563,86.7850,85.5562
2698,89.1402,88.5256,87.7546,86.7850,85.5562
2699,89.1402,88.5256,87.7529,86.7850,85.5562
2700,89.1402,88.5256,87.7511,86.7850,85.5562
2701,89.1402,88.5256,87.7504,86.7850,85.5562
2702,89.1402,88.5256,87.7504,86.7850,85.5562
2703,89.1402,88.5256,87.7504,86.7850,85.5562
2704,89.1402,88.5256,87.7504,86.7850,85.5562
2705,89.1402,88.5256,87.7504,86.7850,85.5562
2706,89.1402,88.5256,87.7504,86.7850,85.5562
2707,89.1402,88.5256,87.7504,86.7850,85.5562
2708,89.1402,88.5256,87.7504,86.7850,85.5562
2709,89.1402,88.5256,87.7504,86.7845,85.5557
2710,89.1402,88.5256,87.7504,86.7827,85.5539
2711,89.1402,88.5256,87.7504,86.7810,85.5522
2712,89.1402,88.5256,87.7504,86.7792,85.5504
2713,89.1402,88.5256,87.7504,86.7775,85.5486
2714,89.1402,88.5256,87.7504,86.7757,85.5469
2715,89.1402,88.5256,87.7504,86.7740,85.5451
2716,89.1402,88.5256,87.7504,86.7722,85.5434
2717,89.1401,88.5255,87.7504,86.7705,85.5416
2718,89.1384,88.5238,87.7504,86.7705,85.5416
2719,89.1366,88.5220,87.7504,86.7705,85.5416
2720,89.1348,88.5203,87.7504,86.7705,85.5416
2721,89.1331,88.5185,87.7504,86.7705,85.5416
2722,89.1313,88.5168,87.7504,86.7705,85.5416
2723,89.1296,88.5150,87.7504,86.7705,85.5416
2724,89.1278,88.5132,87.7504,86.7705,85.5416
2725,89.1261,88.5115,87.7504,86.7705,85.5416
2726,89.1256,88.5110,87.7491,86.7705,85.5416
2727,89.1256,88.5110,87.7474,86.7705,85.5416
2728,89.1256,88.5110,87.7456,86.7705,85.5416
2729,89.1256,88.5110,87.7439,86.7705,85.5416
2730,89.1256,88.5110,87.7421,86.7705,85.5416
2731,89.1256,88.5110,87.7404,86.7705,85.5416
2732,89.1256,88.5110,87.7386,86.7705,85.5416
2733,89.1256,88.5110,87.7368,86.7705,85.5416
2734,89.1256,88.5110,87.7359,86.7697,85.5409
2735,89.1256,88.5110,87.7359,86.7679,85.5391
2736,89.1256,88.5110,87.7359,86.7662,85.5373
2737,89.1256,88.5110,87.7359,86.7644,85.5356
2738,89.1256,88.5110,87.7359,86.7627,85.5338
2739,89.1256,88.5110,87.7359,86.7609,85.5320
2740,89.1256,88.5110,87.7359,86.7591,85.5303
2741,89.1256,88.5110,87.7359,86.7574,85.5285
2742,89.1256,88.5110,87.7359,86.7559,85.5270
2743,89.1256,88.5110,87.7359,86.7559,85.5270
2744,89.1256,88.5110,87.7359,86.7559,85.5270
2745,89.1256,88.5110,87.7359,86.7559,85.5270
2746,89.1256,88.5110,87.7359,86.7559,85.5270
2747,89.1256,88.5110,87.7359,86.7559,85.5270
2748,89.1256,88.5110,87.7359,86.7559,85.5270
2749,89.1256,88.5110,87.7359,86.7559,85.5270
2750,89.1256,88.5110,87.7359,86.7559,85.5270
2751,89.1256,88.5110,87.7359,86.7559,85.5270
2752,89.1256,88.5110,87.7359,86.7559,85.5270
2753,89.1256,88.5110,87.7359,86.7559,85.5270
2754,89.1256,88.5110,87.7359,86.7559,85.5270
2755,89.1256,88.5110,87.7359,86.7559,85.5270
2756,89.1256,88.5110,87.7359,86.7559,85.5270
2757,89.1256,88.5110,87.7359,86.7559,85.5270
2758,89.1256,88.5110,87.7359,86.7559,85.5270
2759,89.1256,88.5105,87.7353,86.7559,85.5265
2760,89.1256,88.5087,87.7336,86.7559,85.5248
2761,89.1256,88.5069,87.7318,86.7559,85.5230
2762,89.1256,88.5052,87.7300,86.7559,85.5213
2763,89.1256,88.5034,87.7282,86.7559,85.5195
2764,89.1256,88.5016,87.7265,86.7559,85.5177
2765,89.1256,88.4998,87.7247,86.7559,85.5160
2766,89.1256,88.4980,87.7229,86.7559,85.5142
2767,89.1256,88.4963,87.7211,86.7559,85.5125
2768,89.1256,88.4963,87.7211,86.7541,85.5125
2769,89.1256,88.4963,87.7211,86.7523,85.5125
2770,89.1256,88.4963,87.7211,86.7504,85.5125
2771,89.1256,88.4963,87.7211,86.7486,85.5125
2772,89.1256,88.4963,87.7211,86.7468,85.5125
2773,89.1256,88.4963,87.7211,86.7450,85.5125
2774,89.1256,88.4963,87.7211,86.7432,85.5125
2775,89.1256,88.4963,87.7211,86.7413,85.5125
2776,89.1256,88.4963,87.7211,86.7408,85.5125
2777,89.1256,88.4963,87.7211,86.7408,85.5125
2778,89.1256,88.4963,87.7211,86.7408,85.5125
2779,89.1256,88.4963,87.7211,86.7408,85.5125
2780,89.1256,88.4963,87.7211,86.7408,85.5125
2781,89.1256,88.4963,87.7211,86.7408,85.5125
2782,89.1256,88.4963,87.7211,86.7408,85.5125
2783,89.1256,88.4963,87.7211,86.7408,85.5125
2784,89.1256,88.4963,87.7211,86.7408,85.5119
2785,89.1256,88.4963,87.7211,86.7408,85.5101
2786,89.1256,88.4963,87.7211,86.7408,85.5084
2787,89.1256,88.4963,87.7211,86.7408,85.5066
2788,89.1256,88.4963,87.7211,86.7408,85.5048
2789,89.1256,88.4963,87.7211,86.7408,85.5031
2790,89.1256,88.4963,87.7211,86.7408,85.5013
2791,89.1256,88.4963,87.7211,86.7408,85.4995
2792,89.1255,88.4963,87.7210,86.7407,85.4979
2793,89.1238,88.4963,87.7193,86.7390,85.4979
2794,89.1220,88.4963,87.7175,86.7372,85.4979
2795,89.1202,88.4963,87.7158,86.7355,85.4979
2796,89.1185,88.4963,87.7140,86.7337,85.4979
2797,89.1167,88.4963,87.7123,86.7320,85.4979
2798,89.1150,88.4963,87.7105,86.7302,85.4979
2799,89.1132,88.4963,87.7087,86.7284,85.4979
2800,89.1114,88.4963,87.7070,86.7267,85.4979
2801,89.1110,88.4963,87.7066,86.7263,85.4979
2802,89.1110,88.4963,87.7066,86.7263,85.4979
2803,89.1110,88.4963,87.7066,86.7263,85.4979
2804,89.1110,88.4963,87.7066,86.7263,85.4979
2805,89.1110,88.4963,87.7066,86.7263,85.4979
2806,89.1110,88.4963,87.7066,86.7263,85.4979
2807,89.1110,88.4963,87.7066,86.7263,85.4979
2808,89.1110,88.4963,87.7066,86.7263,85.4979
2809,89.1110,88.4954,87.7066,86.7263,85.4970
2810,89.1110,88.4937,87.7066,86.7263,85.4953
2811,89.1110,88.4919,87.7066,86.7263,85.4935
2812,89.1110,88.4902,87.7066,86.7263,85.4917
2813,89.1110,88.4884,87.7066,86.7263,85.4900
2814,89.1110,88.4867,87.7066,86.7263,85.4882
2815,89.1110,88.4849,87.7066,86.7263,85.4865
2816,89.1110,88.4831,87.7066,86.7263,85.4847
2817,89.1110,88.4817,87.7066,86.7259,85.4833
2818,89.1110,88.4817,87.7066,86.7242,85.4833
2819,89.1110,88.4817,87.7066,86.7224,85.4833
2820,89.1110,88.4817,87.7066,86.7207,85.4833
2821,89.1110,88.4817,87.7066,86.7189,85.4833
2822,89.1110,88.4817,87.7066,86.7171,85.4833
2823,89.1110,88.4817,87.7066,86.7154,85.4833
2824,89.1110,88.4817,87.7066,86.7136,85.4833
2825,89.1110,88.4817,87.7066,86.7119,85.4833
2826,89.1110,88.4817,87.7050,86.7117,85.4833
2827,89.1110,88.4817,87.7032,86.7117,85.4833
2828,89.1110,88.4817,87.7015,86.7117,85.4833
2829,89.1110,88.4817,87.6997,86.7117,85.4833
2830,89.1110,88.4817,87.6979,86.7117,85.4833
2831,89.1110,88.4817,87.6962,86.7117,85.4833
2832,89.1110,88.4817,87.6944,86.7117,85.4833
2833,89.1110,88.4817,87.6927,86.7117,85.4833
2834,89.1110,88.4817,87.6920,86.7117,85.4822
2835,89.1110,88.4817,87.6920,86.7117,85.4805
2836,89.1110,88.4817,87.6920,86.7117,85.4787
2837,89.1110,88.4817,87.6920,86.7117,85.4770
2838,89.1110,88.4817,87.6920,86.7117,85.4752
2839,89.1110,88.4817,87.6920,86.7117,85.4735
2840,89.1110,88.4817,87.6920,86.7117,85.4718
2841,89.1110,88.4817,87.6920,86.7117,85.4700
2842,89.1110,88.4817,87.6920,86.7117,85.4687
2843,89.1110,88.4817,87.6920,86.7117,85.4687
2844,89.1110,88.4817,87.6920,86.7117,85.4687
2845,89.1110,88.4817,87.6920,86.7117,85.4687
2846,89.1110,88.4817,87.6920,86.7117,85.4687
2847,89.1110,88.4817,87.6920,86.7117,85.4687
2848,89.1110,88.4817,87.6920,86.7117,85.4687
2849,89.1110,88.4817,87.6920,86.7117,85.4687
2850,89.1110,88.4817,87.6920,86.7117,85.4687
2851,89.1110,88.4801,87.6920,86.7100,85.4687
2852,89.1110,88.4783,87.6920,86.7083,85.4687
2853,89.1110,88.4765,87.6920,86.7065,85.4687
2854,89.1110,88.4748,87.6920,86.7048,85.4687
2855,89.1110,88.4730,87.6920,86.7030,85.4687
2856,89.1110,88.4713,87.6920,86.7013,85.4687
2857,89.1110,88.4695,87.6920,86.6995,85.4687
2858,89.1110,88.4678,87.6920,86.6977,85.4687
2859,89.1110,88.4671,87.6908,86.6971,85.4675
2860,89.1110,88.4671,87.6891,86.6971,85.4657
2861,89.1110,88.4671,87.6873,86.6971,85.4639
2862,89.1110,88.4671,87.6856,86.6971,85.4621
2863,89.1110,88.4671,87.6838,86.6971,85.4602
2864,89.1110,88.4671,87.6821,86.6971,85.4584
2865,89.1110,88.4671,87.6803,86.6971,85.4566
2866,89.1110,88.4671,87.6785,86.6971,85.4548
2867,89.1104,88.4671,87.6774,86.6971,85.4537
2868,89.1085,88.4671,87.6774,86.6971,85.4537
2869,89.1067,88.4671,87.6774,86.6971,85.4537
2870,89.1049,88.4671,87.6774,86.6971,85.4537
2871,89.1031,88.4671,87.6774,86.6971,85.4537
2872,89.1013,88.4671,87.6774,86.6971,85.4537
2873,89.0994,88.4671,87.6774,86.6971,85.4537
2874,89.0976,88.4671,87.6774,86.6971,85.4537
2875,89.0959,88.4671,87.6774,86.6970,85.4537
2876,89.0959,88.4671,87.6774,86.6953,85.4537
2877,89.0959,88.4671,87.6774,86.6936,85.4537
2878,89.0959,88.4671,87.6774,86.6919,85.4537
2879,89.0959,88.4671,87.6774,86.6902,85.4537
2880,89.0959,88.4671,87.6774,86.6885,85.4537
2881,89.0959,88.4671,87.6774,86.6868,85.4537
2882,89.0959,88.4671,87.6774,86.6851,85.4537
2883,89.0959,88.4671,87.6774,86.6834,85.4537
2884,89.0959,88.4671,87.6774,86.6826,85.4537
2885,89.0959,88.4671,87.6774,86.6826,85.4537
2886,89.0959,88.4671,87.6774,86.6826,85.4537
2887,89.0959,88.4671,87.6774,86.6826,85.4537
2888,89.0959,88.4671,87.6774,86.6826,85.4537
2889,89.0959,88.4671,87.6774,86.6826,85.4537
2890,89.0959,88.4671,87.6774,86.6826,85.4537
2891,89.0959,88.4671,87.6774,86.6826,85.4537
2892,89.0959,88.4671,87.6774,86.6826,85.4533
2893,89.0959,88.4671,87.6774,86.6826,85.4515
2894,89.0959,88.4671,87.6774,86.6826,85.4498
2895,89.0959,88.4671,87.6774,86.6826,85.4480
2896,89.0959,88.4671,87.6774,86.6826,85.4462
2897,89.0959,88.4671,87.6774,86.6826,85.4445
2898,89.0959,88.4671,87.6774,86.6826,85.4427
2899,89.0959,88.4671,87.6774,86.6826,85.4410
2900,89.0959,88.4671,87.6774,86.6826,85.4392
2901,89.0959,88.4655,87.6758,86.6826,85.4391
2902,89.0959,88.4638,87.6740,86.6826,85.4391
2903,89.0959,88.4620,87.6723,86.6826,85.4391
2904,89.0959,88.4603,87.6705,86.6826,85.4391
2905,89.0959,88.4585,87.6688,86.6826,85.4391
2906,89.0959,88.4567,87.6670,86.6826,85.4391
2907,89.0959,88.4550,87.6653,86.6826,85.4391
2908,89.0959,88.4532,87.6635,86.6826,85.4391
2909,89.0959,88.4526,87.6629,86.6814,85.4391
2910,89.0959,88.4526,87.6629,86.6797,85.4391
2911,89.0959,88.4526,87.6629,86.6779,85.4391
2912,89.0959,88.4526,87.6629,86.6761,85.4391
2913,89.0959,88.4526,87.6629,86.6743,85.4391
2914,89.0959,88.4526,87.6629,86.6725,85.4391
2915,89.0959,88.4526,87.6629,86.6708,85.4391
2916,89.0959,88.4526,87.6629,86.6690,85.4391
2917,89.0959,88.4526,87.6629,86.6678,85.4384
2918,89.0959,88.4526,87.6629,86.6678,85.4367
2919,89.0959,88.4526,87.6629,86.6678,85.4350
2920,89.0959,88.4526,87.6629,86.6678,85.4332
2921,89.0959,88.4526,87.6629,86.6678,85.4315
2922,89.0959,88.4526,87.6629,86.6678,85.4298
2923,89.0959,88.4526,87.6629,86.6678,85.4280
2924,89.0959,88.4526,87.6629,86.6678,85.4263
2925,89.0959,88.4526,87.6629,86.6678,85.4245
2926,89.0959,88.4526,87.6629,86.6678,85.4245
2927,89.0959,88.4526,87.6629,86.6678,85.4245
2928,89.0959,88.4526,87.6629,86.6678,85.4245
2929,89.0959,88.4526,87.6629,86.6678,85.4245
2930,89.0959,88.4526,87.6629,86.6678,85.4245
2931,89.0959,88.4526,87.6629,86.6678,85.4245
2932,89.0959,88.4526,87.6629,86.6678,85.4245
2933,89.0959,88.4526,87.6629,86.6678,85.4245
2934,89.0948,88.4526,87.6616,86.6678,85.4245
2935,89.0930,88.4526,87.6598,86.6678,85.4245
2936,89.0912,88.4526,87.6580,86.6678,85.4245
2937,89.0895,88.4526,87.6562,86.6678,85.4245
2938,89.0877,88.4526,87.6543,86.6678,85.4245
2939,89.0860,88.4526,87.6525,86.6678,85.4245
2940,89.0842,88.4526,87.6507,86.6678,85.4245
2941,89.0824,88.4526,87.6489,86.6678,85.4245
2942,89.0814,88.4526,87.6478,86.6671,85.4238
2943,89.0814,88.4526,87.6478,86.6654,85.4220
2944,89.0814,88.4526,87.6478,86.6636,85.4203
2945,89.0814,88.4526,87.6478,86.6619,85.4185
2946,89.0814,88.4526,87.6478,86.6601,85.4167
2947,89.0814,88.4526,87.6478,86.6583,85.4150
2948,89.0814,88.4526,87.6478,86.6566,85.4132
2949,89.0814,88.4526,87.6478,86.6548,85.4115
2950,89.0814,88.4524,87.6478,86.6533,85.4099
2951,89.0814,88.4506,87.6478,86.6533,85.4099
2952,89.0814,88.4489,87.6478,86.6533,85.4099
2953,89.0814,88.4471,87.6478,86.6533,85.4099
2954,89.0814,88.4454,87.6478,86.6533,85.4099
2955,89.0814,88.4436,87.6478,86.6533,85.4099
2956,89.0814,88.4419,87.6478,86.6533,85.4099
2957,89.0814,88.4401,87.6478,86.6533,85.4099
2958,89.0814,88.4383,87.6478,86.6533,85.4099
2959,89.0814,88.4380,87.6478,86.6533,85.4099
2960,89.0814,88.4380,87.6478,86.6533,85.4099
2961,89.0814,88.4380,87.6478,86.6533,85.4099
2962,89.0814,88.4380,87.6478,86.6533,85.4099
2963,89.0814,88.4380,87.6478,86.6533,85.4099
2964,89.0814,88.4380,87.6478,86.6533,85.4099
2965,89.0814,88.4380,87.6478,86.6533,85.4099
2966,89.0814,88.4380,87.6478,86.6533,85.4099
2967,89.0814,88.4380,87.6469,86.6523,85.4099
2968,89.0814,88.4380,87.6451,86.6506,85.4099
2969,89.0814,88.4380,87.6434,86.6489,85.4099
2970,89.0814,88.4380,87.6416,86.6471,85.4099
2971,89.0814,88.4380,87.6399,86.6454,85.4099
2972,89.0814,88.4380,87.6382,86.6436,85.4099
2973,89.0814,88.4380,87.6364,86.6419,85.4099
2974,89.0814,88.4380,87.6347,86.6402,85.4099
2975,89.0814,88.4380,87.6332,86.6387,85.4096
2976,89.0814,88.4380,87.6332,86.6387,85.4079
2977,89.0814,88.4380,87.6332,86.6387,85.4061
2978,89.0814,88.4380,87.6332,86.6387,85.4043
2979,89.0814,88.4380,87.6332,86.6387,85.4026
2980,89.0814,88.4380,87.6332,86.6387,85.4008
2981,89.0814,88.4380,87.6332,86.6387,85.3991
2982,89.0814,88.4380,87.6332,86.6387,85.3973
2983,89.0814,88.4380,87.6332,86.6387,85.3955
2984,89.0814,88.4380,87.6332,86.6387,85.3953
2985,89.0814,88.4380,87.6332,86.6387,85.3953
2986,89.0814,88.4380,87.6332,86.6387,85.3953
2987,89.0814,88.4380,87.6332,86.6387,85.3953
2988,89.0814,88.4380,87.6332,86.6387,85.3953
2989,89.0814,88.4380,87.6332,86.6387,85.3953
2990,89.0814,88.4380,87.6332,86.6387,85.3953
2991,89.0814,88.4380,87.6332,86.6387,85.3953
2992,89.0814,88.4380,87.6332,86.6387,85.3953
2993,89.0814,88.4380,87.6332,86.6387,85.3953
2994,89.0814,88.4380,87.6332,86.6387,85.3953
2995,89.0814,88.4380,87.6332,86.6387,85.3953
2996,89.0814,88.4380,87.6332,86.6387,85.3953
2997,89.0814,88.4380,87.6332,86.6387,85.3953
2998,89.0814,88.4380,87.6332,86.6387,85.3953
2999,89.0814,88.4380,87.6332,86.6387,85.3953
3000,89.0814,88.4375,87.6332,86.6382,85.3948
3001,89.0814,88.4358,87.6332,86.6364,85.3930
3002,89.0814,88.4340,87.6332,86.6347,85.3913
3003,89.0814,88.4322,87.6332,86.6329,85.3895
3004,89.0814,88.4305,87.6332,86.6312,85.3877
3005,89.0814,88.4287,87.6332,86.6294,85.3860
3006,89.0814,88.4270,87.6332,86.6276,85.3842
3007,89.0814,88.4252,87.6332,86.6259,85.3825
3008,89.0814,88.4235,87.6332,86.6241,85.3807
3009,89.0797,88.4234,87.6315,86.6241,85.3807
3010,89.0780,88.4234,87.6298,86.6241,85.3807
3011,89.0763,88.4234,87.6281,86.6241,85.3807
3012,89.0746,88.4234,87.6264,86.6241,85.3807
3013,89.0729,88.4234,87.6247,86.6241,85.3807
3014,89.0712,88.4234,87.6230,86.6241,85.3807
3015,89.0695,88.4234,87.6213,86.6241,85.3807
3016,89.0678,88.4234,87.6196,86.6241,85.3807
3017,89.0668,88.4234,87.6186,86.6241,85.3807
3018,89.0668,88.4234,87.6186,86.6241,85.3807
3019,89.0668,88.4234,87.6186,86.6241,85.3807
3020,89.0668,88.4234,87.6186,86.6241,85.3807
3021,89.0668,88.4234,87.6186,86.6241,85.3807
3022,89.0668,88.4234,87.6186,86.6241,85.3807
3023,89.0668,88.4234,87.6186,86.6241,85.3807
3024,89.0668,88.4234,87.6186,86.6241,85.3807
3025,89.0668,88.4234,87.6186,86.6241,85.3805
3026,89.0668,88.4234,87.6186,86.6241,85.3787
3027,89.0668,88.4234,87.6186,86.6241,85.3769
3028,89.0668,88.4234,87.6186,86.6241,85.3752
3029,89.0668,88.4234,87.6186,86.6241,85.3734
3030,89.0668,88.4234,87.6186,86.6241,85.3717
3031,89.0668,88.4234,87.6186,86.6241,85.3699
3032,89.0668,88.4234,87.6186,86.6241,85.3681
3033,89.0668,88.4234,87.6186,86.6241,85.3664
3034,89.0668,88.4234,87.6186,86.6226,85.3661
3035,89.0668,88.4234,87.6186,86.6209,85.3661
3036,89.0668,88.4234,87.6186,86.6191,85.3661
3037,89.0668,88.4234,87.6186,86.6174,85.3661
3038,89.0668,88.4234,87.6186,86.6156,85.3661
3039,89.0668,88.4234,87.6186,86.6139,85.3661
3040,89.0668,88.4234,87.6186,86.6121,85.3661
3041,89.0668,88.4234,87.6186,86.6103,85.3661
3042,89.0668,88.4234,87.6177,86.6096,85.3661
3043,89.0668,88.4234,87.6159,86.6096,85.3661
3044,89.0668,88.4234,87.6142,86.6096,85.3661
3045,89.0668,88.4234,87.6124,86.6096,85.3661
3046,89.0668,88.4234,87.6106,86.6096,85.3661
3047,89.0668,88.4234,87.6089,86.6096,85.3661
3048,89.0668,88.4234,87.6071,86.6096,85.3661
3049,89.0668,88.4234,87.6054,86.6096,85.3661
3050,89.0668,88.4230,87.6041,86.6096,85.3661
3051,89.0668,88.4212,87.6041,86.6096,85.3661
3052,89.0668,88.4195,87.6041,86.6096,85.3661
3053,89.0668,88.4177,87.6041,86.6096,85.3661
3054,89.0668,88.4159,87.6041,86.6096,85.3661
3055,89.0668,88.4142,87.6041,86.6096,85.3661
3056,89.0668,88.4124,87.6041,86.6096,85.3661
3057,89.0668,88.4107,87.6041,86.6096,85.3661
3058,89.0668,88.4089,87.6041,86.6096,85.3661
3059,89.0668,88.4087,87.6041,86.6080,85.3645
3060,89.0668,88.4087,87.6041,86.6062,85.3628
3061,89.0668,88.4087,87.6041,86.6045,85.3610
3062,89.0668,88.4087,87.6041,86.6027,85.3593
3063,89.0668,88.4087,87.6041,86.6010,85.3575
3064,89.0668,88.4087,87.6041,86.5992,85.3557
3065,89.0668,88.4087,87.6041,86.5975,85.3540
3066,89.0668,88.4087,87.6041,86.5957,85.3522
3067,89.0668,88.4087,87.6041,86.5950,85.3515
3068,89.0668,88.4087,87.6041,86.5950,85.3515
3069,89.0668,88.4087,87.6041,86.5950,85.3515
3070,89.0668,88.4087,87.6041,86.5950,85.3515
3071,89.0668,88.4087,87.6041,86.5950,85.3515
3072,89.0668,88.4087,87.6041,86.5950,85.3515
3073,89.0668,88.4087,87.6041,86.5950,85.3515
3074,89.0668,88.4087,87.6041,86.5950,85.3515
3075,89.0668,88.4087,87.6041,86.5950,85.3515
3076,89.0668,88.4087,87.6041,86.5950,85.3515
3077,89.0668,88.4087,87.6041,86.5950,85.3515
3078,89.0668,88.4087,87.6041,86.5950,85.3515
3079,89.0668,88.4087,87.6041,86.5950,85.3515
3080,89.0668,88.4087,87.6041,86.5950,85.3515
3081,89.0668,88.4087,87.6041,86.5950,85.3515
3082,89.0668,88.4087,87.6041,86.5950,85.3515
3083,89.0668,88.4087,87.6040,86.5950,85.3515
3084,89.0650,88.4087,87.6023,86.5950,85.3497
3085,89.0633,88.4087,87.6005,86.5950,85.3479
3086,89.0615,88.4087,87.5987,86.5950,85.3462
3087,89.0597,88.4087,87.5969,86.5950,85.3444
3088,89.0580,88.4087,87.5951,86.5950,85.3427
3089,89.0562,88.4087,87.5934,86.5950,85.3409
3090,89.0545,88.4087,87.5916,86.5950,85.3391
3091,89.0527,88.4087,87.5898,86.5950,85.3374
3092,89.0522,88.4087,87.5893,86.5937,85.3369
3093,89.0522,88.4087,87.5893,86.5919,85.3369
3094,89.0522,88.4087,87.5893,86.5902,85.3369
3095,89.0522,88.4087,87.5893,86.5884,85.3369
3096,89.0522,88.4087,87.5893,86.5867,85.3369
3097,89.0522,88.4087,87.5893,86.5849,85.3369
3098,89.0522,88.4087,87.5893,86.5832,85.3369
3099,89.0522,88.4087,87.5893,86.5814,85.3369
3100,89.0522,88.4079,87.5893,86.5804,85.3369
3101,89.0522,88.4062,87.5893,86.5804,85.3369
3102,89.0522,88.4044,87.5893,86.5804,85.3369
3103,89.0522,88.4026,87.5893,86.5804,85.3369
3104,89.0522,88.4009,87.5893,86.5804,85.3369
3105,89.0522,88.3991,87.5893,86.5804,85.3369
3106,89.0522,88.3974,87.5893,86.5804,85.3369
3107,89.0522,88.3956,87.5893,86.5804,85.3369
3108,89.0522,88.3941,87.5893,86.5804,85.3369
3109,89.0522,88.3941,87.5893,86.5804,85.3369
3110,89.0522,88.3941,87.5893,86.5804,85.3369
3111,89.0522,88.3941,87.5893,86.5804,85.3369
3112,89.0522,88.3941,87.5893,86.5804,85.3369
3113,89.0522,88.3941,87.5893,86.5804,85.3369
3114,89.0522,88.3941,87.5893,86.5804,85.3369
3115,89.0522,88.3941,87.5893,86.5804,85.3369
3116,89.0522,88.3941,87.5893,86.5804,85.3369
3117,89.0522,88.3941,87.5880,86.5804,85.3355
3118,89.0522,88.3941,87.5862,86.5804,85.3338
3119,89.0522,88.3941,87.5845,86.5804,85.3320
3120,89.0522,88.3941,87.5827,86.5804,85.3303
3121,89.0522,88.3941,87.5809,86.5804,85.3285
3122,89.0522,88.3941,87.5792,86.5804,85.3267
3123,89.0522,88.3941,87.5774,86.5804,85.3250
3124,89.0522,88.3941,87.5757,86.5804,85.3232
3125,89.0522,88.3941,87.5748,86.5796,85.3223
3126,89.0522,88.3941,87.5748,86.5778,85.3223
3127,89.0522,88.3941,87.5748,86.5760,85.3223
3128,89.0522,88.3941,87.5748,86.5742,85.3223
3129,89.0522,88.3941,87.5748,86.5724,85.3223
3130,89.0522,88.3941,87.5748,86.5707,85.3223
3131,89.0522,88.3941,87.5748,86.5689,85.3223
3132,89.0522,88.3941,87.5748,86.5671,85.3223
3133,89.0522,88.3941,87.5748,86.5657,85.3223
3134,89.0522,88.3941,87.5748,86.5657,85.3223
3135,89.0522,88.3941,87.5748,86.5657,85.3223
3136,89.0522,88.3941,87.5748,86.5657,85.3223
3137,89.0522,88.3941,87.5748,86.5657,85.3223
3138,89.0522,88.3941,87.5748,86.5657,85.3223
3139,89.0522,88.3941,87.5748,86.5657,85.3223
3140,89.0522,88.3941,87.5748,86.5657,85.3223
3141,89.0522,88.3941,87.5748,86.5657,85.3223
3142,89.0522,88.3941,87.5748,86.5657,85.3207
3143,89.0522,88.3941,87.5748,86.5657,85.3189
3144,89.0522,88.3941,87.5748,86.5657,85.3172
3145,89.0522,88.3941,87.5748,86.5657,85.3154
3146,89.0522,88.3941,87.5748,86.5657,85.3137
3147,89.0522,88.3941,87.5748,86.5657,85.3119
3148,89.0522,88.3941,87.5748,86.5657,85.3101
3149,89.0522,88.3941,87.5748,86.5657,85.3084
3150,89.0522,88.3931,87.5748,86.5657,85.3077
3151,89.0522,88.3913,87.5748,86.5657,85.3077
3152,89.0522,88.3896,87.5748,86.5657,85.3077
3153,89.0522,88.3878,87.5748,86.5657,85.3077
3154,89.0522,88.3861,87.5748,86.5657,85.3077
3155,89.0522,88.3844,87.5748,86.5657,85.3077
3156,89.0522,88.3826,87.5748,86.5657,85.3077
3157,89.0522,88.3809,87.5748,86.5657,85.3077
3158,89.0522,88.3792,87.5747,86.5656,85.3077
3159,89.0522,88.3792,87.5729,86.5638,85.3077
3160,89.0522,88.3792,87.5712,86.5620,85.3077
3161,89.0522,88.3792,87.5694,86.5602,85.3077
3162,89.0522,88.3792,87.5677,86.5584,85.3077
3163,89.0522,88.3792,87.5659,86.5566,85.3077
3164,89.0522,88.3792,87.5641,86.5548,85.3077
3165,89.0522,88.3792,87.5624,86.5530,85.3077
3166,89.0522,88.3792,87.5606,86.5512,85.3077
3167,89.0509,88.3792,87.5602,86.5508,85.3077
3168,89.0491,88.3792,87.5602,86.5508,85.3077
3169,89.0473,88.3792,87.5602,86.5508,85.3077
3170,89.0456,88.3792,87.5602,86.5508,85.3077
3171,89.0438,88.3792,87.5602,86.5508,85.3077
3172,89.0420,88.3792,87.5602,86.5508,85.3077
3173,89.0402,88.3792,87.5602,86.5508,85.3077
3174,89.0384,88.3792,87.5602,86.5508,85.3077
3175,89.0375,88.3792,87.5602,86.5508,85.3069
3176,89.0375,88.3792,87.5602,86.5508,85.3051
3177,89.0375,88.3792,87.5602,86.5508,85.3034
3178,89.0375,88.3792,87.5602,86.5508,85.3016
3179,89.0375,88.3792,87.5602,86.5508,85.2998
3180,89.0375,88.3792,87.5602,86.5508,85.2981
3181,89.0375,88.3792,87.5602,86.5508,85.2963
3182,89.0375,88.3792,87.5602,86.5508,85.2946
3183,89.0375,88.3792,87.5602,86.5508,85.2931
3184,89.0375,88.3792,87.5602,86.5508,85.2931
3185,89.0375,88.3792,87.5602,86.5508,85.2931
3186,89.0375,88.3792,87.5602,86.5508,85.2931
3187,89.0375,88.3792,87.5602,86.5508,85.2931
3188,89.0375,88.3792,87.5602,86.5508,85.2931
3189,89.0375,88.3792,87.5602,86.5508,85.2931
3190,89.0375,88.3792,87.5602,86.5508,85.2931
3191,89.0375,88.3792,87.5602,86.5508,85.2931
3192,89.0375,88.3792,87.5602,86.5492,85.2931
3193,89.0375,88.3792,87.5602,86.5475,85.2931
3194,89.0375,88.3792,87.5602,86.5457,85.2931
3195,89.0375,88.3792,87.5602,86.5440,85.2931
3196,89.0375,88.3792,87.5602,86.5423,85.2931
3197,89.0375,88.3792,87.5602,86.5405,85.2931
3198,89.0375,88.3792,87.5602,86.5388,85.2931
3199,89.0375,88.3792,87.5602,86.5371,85.2931
3200,89.0375,88.3783,87.5593,86.5362,85.2931
3201,89.0375,88.3766,87.5575,86.5362,85.2931
3202,89.0375,88.3748,87.5558,86.5362,85.2931
3203,89.0375,88.3731,87.5540,86.5362,85.2931
3204,89.0375,88.3713,87.5523,86.5362,85.2931
3205,89.0375,88.3695,87.5505,86.5362,85.2931
3206,89.0375,88.3678,87.5488,86.5362,85.2931
3207,89.0375,88.3660,87.5470,86.5362,85.2931
3208,89.0375,88.3647,87.5456,86.5362,85.2927
3209,89.0375,88.3647,87.5456,86.5362,85.2909
3210,89.0375,88.3647,87.5456,86.5362,85.2891
3211,89.0375,88.3647,87.5456,86.5362,85.2873
3212,89.0375,88.3647,87.5456,86.5362,85.2855
3213,89.0375,88.3647,87.5456,86.5362,85.2837
3214,89.0375,88.3647,87.5456,86.5362,85.2819
3215,89.0375,88.3647,87.5456,86.5362,85.2800
3216,89.0375,88.3647,87.5456,86.5362,85.2782
3217,89.0375,88.3647,87.5456,86.5362,85.2781
3218,89.0375,88.3647,87.5456,86.5362,85.2781
3219,89.0375,88.3647,87.5456,86.5362,85.2781
3220,89.0375,88.3647,87.5456,86.5362,85.2781
3221,89.0375,88.3647,87.5456,86.5362,85.2781
3222,89.0375,88.3647,87.5456,86.5362,85.2781
3223,89.0375,88.3647,87.5456,86.5362,85.2781
3224,89.0375,88.3647,87.5456,86.5362,85.2781
3225,89.0375,88.3647,87.5456,86.5350,85.2781
3226,89.0375,88.3647,87.5456,86.5333,85.2781
3227,89.0375,88.3647,87.5456,86.5315,85.2781
3228,89.0375,88.3647,87.5456,86.5297,85.2781
3229,89.0375,88.3647,87.5456,86.5279,85.2781
3230,89.0375,88.3647,87.5456,86.5262,85.2781
3231,89.0375,88.3647,87.5456,86.5244,85.2781
3232,89.0375,88.3647,87.5456,86.5226,85.2781
3233,89.0375,88.3647,87.5456,86.5215,85.2775
3234,89.0375,88.3647,87.5456,86.5215,85.2757
3235,89.0375,88.3647,87.5456,86.5215,85.2739
3236,89.0375,88.3647,87.5456,86.5215,85.2722
3237,89.0375,88.3647,87.5456,86.5215,85.2704
3238,89.0375,88.3647,87.5456,86.5215,85.2687
3239,89.0375,88.3647,87.5456,86.5215,85.2669
3240,89.0375,88.3647,87.5456,86.5215,85.2651
3241,89.0374,88.3647,87.5455,86.5215,85.2635
3242,89.0356,88.3647,87.5438,86.5215,85.2635
3243,89.0339,88.3647,87.5420,86.5215,85.2635
3244,89.0322,88.3647,87.5403,86.5215,85.2635
3245,89.0304,88.3647,87.5386,86.5215,85.2635
3246,89.0287,88.3647,87.5368,86.5215,85.2635
3247,89.0269,88.3647,87.5351,86.5215,85.2635
3248,89.0252,88.3647,87.5333,86.5215,85.2635
3249,89.0235,88.3647,87.5316,86.5215,85.2635
3250,89.0229,88.3634,87.5311,86.5215,85.2635
3251,89.0229,88.3617,87.5311,86.5215,85.2635
3252,89.0229,88.3599,87.5311,86.5215,85.2635
3253,89.0229,88.3581,87.5311,86.5215,85.2635
3254,89.0229,88.3563,87.5311,86.5215,85.2635
3255,89.0229,88.3545,87.5311,86.5215,85.2635
3256,89.0229,88.3528,87.5311,86.5215,85.2635
3257,89.0229,88.3510,87.5311,86.5215,85.2635
3258,89.0229,88.3499,87.5311,86.5208,85.2635
3259,89.0229,88.3499,87.5311,86.5190,85.2635
3260,89.0229,88.3499,87.5311,86.5172,85.2635
3261,89.0229,88.3499,87.5311,86.5155,85.2635
3262,89.0229,88.3499,87.5311,86.5137,85.2635
3263,89.0229,88.3499,87.5311,86.5120,85.2635
3264,89.0229,88.3499,87.5311,86.5102,85.2635
3265,89.0229,88.3499,87.5311,86.5084,85.2635
3266,89.0229,88.3499,87.5311,86.5069,85.2633
3267,89.0229,88.3499,87.5311,86.5069,85.2615
3268,89.0229,88.3499,87.5311,86.5069,85.2598
3269,89.0229,88.3499,87.5311,86.5069,85.2580
3270,89.0229,88.3499,87.5311,86.5069,85.2563
3271,89.0229,88.3499,87.5311,86.5069,85.2545
3272,89.0229,88.3499,87.5311,86.5069,85.2527
3273,89.0229,88.3499,87.5311,86.5069,85.2510
3274,89.0229,88.3499,87.5311,86.5069,85.2492
3275,89.0229,88.3499,87.5311,86.5069,85.2489
3276,89.0229,88.3499,87.5311,86.5069,85.2489
3277,89.0229,88.3499,87.5311,86.5069,85.2489
3278,89.0229,88.3499,87.5311,86.5069,85.2489
3279,89.0229,88.3499,87.5311,86.5069,85.2489
3280,89.0229,88.3499,87.5311,86.5069,85.2489
3281,89.0229,88.3499,87.5311,86.5069,85.2489
3282,89.0229,88.3499,87.5311,86.5069,85.2489
3283,89.0229,88.3499,87.5301,86.5069,85.2489
3284,89.0229,88.3499,87.5284,86.5069,85.2489
3285,89.0229,88.3499,87.5268,86.5069,85.2489
3286,89.0229,88.3499,87.5251,86.5069,85.2489
3287,89.0229,88.3499,87.5234,86.5069,85.2489
3288,89.0229,88.3499,87.5217,86.5069,85.2489
3289,89.0229,88.3499,87.5200,86.5069,85.2489
3290,89.0229,88.3499,87.5183,86.5069,85.2489
3291,89.0229,88.3499,87.5166,86.5069,85.2489
3292,89.0229,88.3499,87.5165,86.5052,85.2489
3293,89.0229,88.3499,87.5165,86.5034,85.2489
3294,89.0229,88.3499,87.5165,86.5017,85.2489
3295,89.0229,88.3499,87.5165,86.4999,85.2489
3296,89.0229,88.3499,87.5165,86.4982,85.2489
3297,89.0229,88.3499,87.5165,86.4964,85.2489
3298,89.0229,88.3499,87.5165,86.4947,85.2489
3299,89.0229,88.3499,87.5165,86.4929,85.2489
3300,89.0229,88.3499,87.5165,86.4923,85.2477
3301,89.0229,88.3499,87.5165,86.4923,85.2460
3302,89.0229,88.3499,87.5165,86.4923,85.2442
3303,89.0229,88.3499,87.5165,86.4923,85.2424
3304,89.0229,88.3499,87.5165,86.4923,85.2407
3305,89.0229,88.3499,87.5165,86.4923,85.2389
3306,89.0229,88.3499,87.5165,86.4923,85.2372
3307,89.0229,88.3499,87.5165,86.4923,85.2354
3308,89.0229,88.3492,87.5165,86.4923,85.2343
3309,89.0229,88.3475,87.5165,86.4923,85.2343
3310,89.0229,88.3457,87.5165,86.4923,85.2343
3311,89.0229,88.3440,87.5165,86.4923,85.2343
3312,89.0229,88.3422,87.5165,86.4923,85.2343
3313,89.0229,88.3405,87.5165,86.4923,85.2343
3314,89.0229,88.3387,87.5165,86.4923,85.2343
3315,89.0229,88.3369,87.5165,86.4923,85.2343
3316,89.0229,88.3354,87.5163,86.4923,85.2343
3317,89.0229,88.3354,87.5146,86.4923,85.2343
3318,89.0229,88.3354,87.5128,86.4923,85.2343
3319,89.0229,88.3354,87.5111,86.4923,85.2343
3320,89.0229,88.3354,87.5093,86.4923,85.2343
3321,89.0229,88.3354,87.5075,86.4923,85.2343
3322,89.0229,88.3354,87.5058,86.4923,85.2343
3323,89.0229,88.3354,87.5040,86.4923,85.2343
3324,89.0229,88.3354,87.5023,86.4923,85.2343
3325,89.0215,88.3354,87.5019,86.4923,85.2343
3326,89.0198,88.3354,87.5019,86.4923,85.2343
3327,89.0180,88.3354,87.5019,86.4923,85.2343
3328,89.0163,88.3354,87.5019,86.4923,85.2343
3329,89.0146,88.3354,87.5019,86.4923,85.2343
3330,89.0128,88.3354,87.5019,86.4923,85.2343
3331,89.0111,88.3354,87.5019,86.4923,85.2343
3332,89.0094,88.3354,87.5019,86.4923,85.2343
3333,89.0084,88.3354,87.5019,86.4916,85.2336
3334,89.0084,88.3354,87.5019,86.4898,85.2318
3335,89.0084,88.3354,87.5019,86.4881,85.2301
3336,89.0084,88.3354,87.5019,86.4863,85.2283
3337,89.0084,88.3354,87.5019,86.4845,85.2265
3338,89.0084,88.3354,87.5019,86.4828,85.2248
3339,89.0084,88.3354,87.5019,86.4810,85.2230
3340,89.0084,88.3354,87.5019,86.4793,85.2212
3341,89.0084,88.3354,87.5019,86.4778,85.2197
3342,89.0084,88.3354,87.5019,86.4778,85.2197
3343,89.0084,88.3354,87.5019,86.4778,85.2197
3344,89.0084,88.3354,87.5019,86.4778,85.2197
3345,89.0084,88.3354,87.5019,86.4778,85.2197
3346,89.0084,88.3354,87.5019,86.4778,85.2197
3347,89.0084,88.3354,87.5019,86.4778,85.2197
3348,89.0084,88.3354,87.5019,86.4778,85.2197
3349,89.0084,88.3354,87.5019,86.4778,85.2197
3350,89.0084,88.3354,87.5019,86.4778,85.2197
3351,89.0084,88.3354,87.5019,86.4778,85.2197
3352,89.0084,88.3354,87.5019,86.4778,85.2197
3353,89.0084,88.3354,87.5019,86.4778,85.2197
3354,89.0084,88.3354,87.5019,86.4778,85.2197
3355,89.0084,88.3354,87.5019,86.4778,85.2197
3356,89.0084,88.3354,87.5019,86.4778,85.2197
3357,89.0084,88.3354,87.5019,86.4778,85.2197
3358,89.0084,88.3344,87.5009,86.4778,85.2197
3359,89.0084,88.3326,87.4991,86.4778,85.2197
3360,89.0084,88.3308,87.4974,86.4778,85.2197
3361,89.0084,88.3291,87.4956,86.4778,85.2197
3362,89.0084,88.3273,87.4938,86.4778,85.2197
3363,89.0084,88.3256,87.4920,86.4778,85.2197
3364,89.0084,88.3238,87.4903,86.4778,85.2197
3365,89.0084,88.3221,87.4885,86.4778,85.2197
3366,89.0084,88.3208,87.4872,86.4773,85.2192
3367,89.0084,88.3208,87.4872,86.4755,85.2175
3368,89.0084,88.3208,87.4872,86.4738,85.2157
3369,89.0084,88.3208,87.4872,86.4720,85.2140
3370,89.0084,88.3208,87.4872,86.4702,85.2122
3371,89.0084,88.3208,87.4872,86.4685,85.2104
3372,89.0084,88.3208,87.4872,86.4667,85.2087
3373,89.0084,88.3208,87.4872,86.4650,85.2069
3374,89.0084,88.3208,87.4872,86.4632,85.2052
3375,89.0084,88.3208,87.4872,86.4632,85.2051
3376,89.0084,88.3208,87.4872,86.4632,85.2051
3377,89.0084,88.3208,87.4872,86.4632,85.2051
3378,89.0084,88.3208,87.4872,86.4632,85.2051
3379,89.0084,88.3208,87.4872,86.4632,85.2051
3380,89.0084,88.3208,87.4872,86.4632,85.2051
3381,89.0084,88.3208,87.4872,86.4632,85.2051
3382,89.0084,88.3208,87.4872,86.4632,85.2051
3383,89.0084,88.3208,87.4872,86.4632,85.2051
3384,89.0084,88.3208,87.4872,86.4632,85.2051
3385,89.0084,88.3208,87.4872,86.4632,85.2051
3386,89.0084,88.3208,87.4872,86.4632,85.2051
3387,89.0084,88.3208,87.4872,86.4632,85.2051
3388,89.0084,88.3208,87.4872,86.4632,85.2051
3389,89.0084,88.3208,87.4872,86.4632,85.2051
3390,89.0084,88.3208,87.4872,86.4632,85.2051
3391,89.0084,88.3208,87.4872,86.4632,85.2051
3392,89.0084,88.3208,87.4872,86.4632,85.2051
3393,89.0084,88.3208,87.4872,86.4632,85.2051
3394,89.0084,88.3208,87.4872,86.4632,85.2051
3395,89.0084,88.3208,87.4872,86.4632,85.2051
3396,89.0084,88.3208,87.4872,86.4632,85.2051
3397,89.0084,88.3208,87.4872,86.4632,85.2051
3398,89.0084,88.3208,87.4872,86.4632,85.2051
3399,89.0084,88.3208,87.4871,86.4631,85.2051
3400,89.0084,88.3208,87.4854,86.4614,85.2033
3401,89.0084,88.3208,87.4836,86.4596,85.2016
3402,89.0084,88.3208,87.4819,86.4579,85.1998
3403,89.0084,88.3208,87.4801,86.4561,85.1980
3404,89.0084,88.3208,87.4783,86.4543,85.1963
3405,89.0084,88.3208,87.4766,86.4526,85.1945
3406,89.0084,88.3208,87.4748,86.4508,85.1927
3407,89.0084,88.3208,87.4731,86.4491,85.1910
3408,89.0071,88.3208,87.4726,86.4486,85.1905
3409,89.0053,88.3208,87.4726,86.4486,85.1905
3410,89.0035,88.3208,87.4726,86.4486,85.1905
3411,89.0018,88.3208,87.4726,86.4486,85.1905
3412,89.0000,88.3208,87.4726,86.4486,85.1905
3413,88.9983,88.3208,87.4726,86.4486,85.1905
3414,88.9965,88.3208,87.4726,86.4486,85.1905
3415,88.9947,88.3208,87.4726,86.4486,85.1905
3416,88.9938,88.3200,87.4726,86.4486,85.1905
3417,88.9938,88.3182,87.4726,86.4486,85.1905
3418,88.9938,88.3165,87.4726,86.4486,85.1905
3419,88.9938,88.3147,87.4726,86.4486,85.1905
3420,88.9938,88.3129,87.4726,86.4486,85.1905
3421,88.9938,88.3112,87.4726,86.4486,85.1905
3422,88.9938,88.3094,87.4726,86.4486,85.1905
3423,88.9938,88.3077,87.4726,86.4486,85.1905
3424,88.9938,88.3062,87.4726,86.4486,85.1905
3425,88.9938,88.3062,87.4726,86.4486,85.1905
3426,88.9938,88.3062,87.4726,86.4486,85.1905
3427,88.9938,88.3062,87.4726,86.4486,85.1905
3428,88.9938,88.3062,87.4726,86.4486,85.1905
3429,88.9938,88.3062,87.4726,86.4486,85.1905
3430,88.9938,88.3062,87.4726,86.4486,85.1905
3431,88.9938,88.3062,87.4726,86.4486,85.1905
3432,88.9938,88.3062,87.4726,86.4486,85.1905
3433,88.9938,88.3062,87.4726,86.4476,85.1895
3434,88.9938,88.3062,87.4726,86.4458,85.1877
3435,88.9938,88.3062,87.4726,86.4441,85.1860
3436,88.9938,88.3062,87.4726,86.4423,85.1842
3437,88.9938,88.3062,87.4726,86.4406,85.1825
3438,88.9938,88.3062,87.4726,86.4388,85.1807
3439,88.9938,88.3062,87.4726,86.4370,85.1789
3440,88.9938,88.3062,87.4726,86.4353,85.1772
3441,88.9938,88.3062,87.4726,86.4341,85.1760
3442,88.9938,88.3062,87.4726,86.4341,85.1760
3443,88.9938,88.3062,87.4726,86.4341,85.1760
3444,88.9938,88.3062,87.4726,86.4341,85.1760
3445,88.9938,88.3062,87.4726,86.4341,85.1760
3446,88.9938,88.3062,87.4726,86.4341,85.1760
3447,88.9938,88.3062,87.4726,86.4341,85.1760
3448,88.9938,88.3062,87.4726,86.4341,85.1760
3449,88.9938,88.3062,87.4726,86.4341,85.1760
3450,88.9938,88.3062,87.4708,86.4341,85.1760
3451,88.9938,88.3062,87.4690,86.4341,85.1760
3452,88.9938,88.3062,87.4672,86.4341,85.1760
3453,88.9938,88.3062,87.4654,86.4341,85.1760
3454,88.9938,88.3062,87.4636,86.4341,85.1760
3455,88.9938,88.3062,87.4618,86.4341,85.1760
3456,88.9938,88.3062,87.4600,86.4341,85.1760
3457,88.9938,88.3062,87.4582,86.4341,85.1760
3458,88.9938,88.3062,87.4577,86.4341,85.1760
3459,88.9938,88.3062,87.4577,86.4341,85.1760
3460,88.9938,88.3062,87.4577,86.4341,85.1760
3461,88.9938,88.3062,87.4577,86.4341,85.1760
3462,88.9938,88.3062,87.4577,86.4341,85.1760
3463,88.9938,88.3062,87.4577,86.4341,85.1760
3464,88.9938,88.3062,87.4577,86.4341,85.1760
3465,88.9938,88.3062,87.4577,86.4341,85.1760
3466,88.9938,88.3062,87.4577,86.4341,85.1752
3467,88.9938,88.3062,87.4577,86.4341,85.1734
3468,88.9938,88.3062,87.4577,86.4341,85.1717
3469,88.9938,88.3062,87.4577,86.4341,85.1700
3470,88.9938,88.3062,87.4577,86.4341,85.1682
3471,88.9938,88.3062,87.4577,86.4341,85.1665
3472,88.9938,88.3062,87.4577,86.4341,85.1647
3473,88.9938,88.3062,87.4577,86.4341,85.1630
3474,88.9938,88.3061,87.4577,86.4340,85.1614
3475,88.9938,88.3044,87.4577,86.4322,85.1614
3476,88.9938,88.3026,87.4577,86.4304,85.1614
3477,88.9938,88.3008,87.4577,86.4286,85.1614
3478,88.9938,88.2991,87.4577,86.4268,85.1614
3479,88.9938,88.2973,87.4577,86.4251,85.1614
3480,88.9938,88.2956,87.4577,86.4233,85.1614
3481,88.9938,88.2938,87.4577,86.4215,85.1614
3482,88.9938,88.2921,87.4577,86.4197,85.1614
3483,88.9938,88.2917,87.4577,86.4193,85.1614
3484,88.9938,88.2917,87.4577,86.4193,85.1614
3485,88.9938,88.2917,87.4577,86.4193,85.1614
3486,88.9938,88.2917,87.4577,86.4193,85.1614
3487,88.9938,88.2917,87.4577,86.4193,85.1614
3488,88.9938,88.2917,87.4577,86.4193,85.1614
3489,88.9938,88.2917,87.4577,86.4193,85.1614
3490,88.9938,88.2917,87.4577,86.4193,85.1614
3491,88.9930,88.2917,87.4569,86.4193,85.1614
3492,88.9912,88.2917,87.4551,86.4193,85.1614
3493,88.9894,88.2917,87.4533,86.4193,85.1614
3494,88.9877,88.2917,87.4515,86.4193,85.1614
3495,88.9859,88.2917,87.4497,86.4193,85.1614
3496,88.9842,88.2917,87.4480,86.4193,85.1614
3497,88.9824,88.2917,87.4462,86.4193,85.1614
3498,88.9806,88.2917,87.4444,86.4193,85.1614
3499,88.9792,88.2917,87.4430,86.4193,85.1610
3500,88.9792,88.2917,87.4430,86.4193,85.1592
3501,88.9792,88.2917,87.4430,86.4193,85.1575
3502,88.9792,88.2917,87.4430,86.4193,85.1557
3503,88.9792,88.2917,87.4430,86.4193,85.1540
3504,88.9792,88.2917,87.4430,86.4193,85.1522
3505,88.9792,88.2917,87.4430,86.4193,85.1504
3506,88.9792,88.2917,87.4430,86.4193,85.1487
3507,88.9792,88.2917,87.4430,86.4193,85.1469
3508,88.9792,88.2917,87.4430,86.4177,85.1468
3509,88.9792,88.2917,87.4430,86.4160,85.1468
3510,88.9792,88.2917,87.4430,86.4142,85.1468
3511,88.9792,88.2917,87.4430,86.4124,85.1468
3512,88.9792,88.2917,87.4430,86.4107,85.1468
3513,88.9792,88.2917,87.4430,86.4089,85.1468
3514,88.9792,88.2917,87.4430,86.4072,85.1468
3515,88.9792,88.2917,87.4430,86.4054,85.1468
3516,88.9792,88.2917,87.4430,86.4048,85.1468
3517,88.9792,88.2917,87.4430,86.4048,85.1468
3518,88.9792,88.2917,87.4430,86.4048,85.1468
3519,88.9792,88.2917,87.4430,86.4048,85.1468
3520,88.9792,88.2917,87.4430,86.4048,85.1468
3521,88.9792,88.2917,87.4430,86.4048,85.1468
3522,88.9792,88.2917,87.4430,86.4048,85.1468
3523,88.9792,88.2917,87.4430,86.4048,85.1468
3524,88.9792,88.2912,87.4430,86.4048,85.1468
3525,88.9792,88.2895,87.4430,86.4048,85.1468
3526,88.9792,88.2877,87.4430,86.4048,85.1468
3527,88.9792,88.2860,87.4430,86.4048,85.1468
3528,88.9792,88.2842,87.4430,86.4048,85.1468
3529,88.9792,88.2824,87.4430,86.4048,85.1468
3530,88.9792,88.2807,87.4430,86.4048,85.1468
3531,88.9792,88.2789,87.4430,86.4048,85.1468
3532,88.9792,88.2772,87.4430,86.4048,85.1468
3533,88.9792,88.2771,87.4413,86.4048,85.1451
3534,88.9792,88.2771,87.4395,86.4048,85.1433
3535,88.9792,88.2771,87.4378,86.4048,85.1416
3536,88.9792,88.2771,87.4360,86.4048,85.1398
3537,88.9792,88.2771,87.4343,86.4048,85.1380
3538,88.9792,88.2771,87.4325,86.4048,85.1363
3539,88.9792,88.2771,87.4308,86.4048,85.1345
3540,88.9792,88.2771,87.4290,86.4048,85.1328
3541,88.9792,88.2771,87.4284,86.4048,85.1322
3542,88.9792,88.2771,87.4284,86.4048,85.1322
3543,88.9792,88.2771,87.4284,86.4048,85.1322
3544,88.9792,88.2771,87.4284,86.4048,85.1322
3545,88.9792,88.2771,87.4284,86.4048,85.1322
3546,88.9792,88.2771,87.4284,86.4048,85.1322
3547,88.9792,88.2771,87.4284,86.4048,85.1322
3548,88.9792,88.2771,87.4284,86.4048,85.1322
3549,88.9792,88.2771,87.4284,86.4041,85.1322
3550,88.9792,88.2771,87.4284,86.4023,85.1322
3551,88.9792,88.2771,87.4284,86.4006,85.1322
3552,88.9792,88.2771,87.4284,86.3988,85.1322
3553,88.9792,88.2771,87.4284,86.3971,85.1322
3554,88.9792,88.2771,87.4284,86.3953,85.1322
3555,88.9792,88.2771,87.4284,86.3935,85.1322
3556,88.9792,88.2771,87.4284,86.3918,85.1322
3557,88.9792,88.2771,87.4284,86.3902,85.1322
3558,88.9792,88.2771,87.4284,86.3902,85.1322
3559,88.9792,88.2771,87.4284,86.3902,85.1322
3560,88.9792,88.2771,87.4284,86.3902,85.1322
3561,88.9792,88.2771,87.4284,86.3902,85.1322
3562,88.9792,88.2771,87.4284,86.3902,85.1322
3563,88.9792,88.2771,87.4284,86.3902,85.1322
3564,88.9792,88.2771,87.4284,86.3902,85.1322
3565,88.9792,88.2771,87.4284,86.3902,85.1322
3566,88.9792,88.2771,87.4284,86.3902,85.1313
3567,88.9792,88.2771,87.4284,86.3902,85.1295
3568,88.9792,88.2771,87.4284,86.3902,85.1278
3569,88.9792,88.2771,87.4284,86.3902,85.1260
3570,88.9792,88.2771,87.4284,86.3902,85.1242
3571,88.9792,88.2771,87.4284,86.3902,85.1225
3572,88.9792,88.2771,87.4284,86.3902,85.1207
3573,88.9792,88.2771,87.4284,86.3902,85.1190
3574,88.9788,88.2771,87.4284,86.3902,85.1176
3575,88.9771,88.2771,87.4284,86.3902,85.1176
3576,88.9753,88.2771,87.4284,86.3902,85.1176
3577,88.9736,88.2771,87.4284,86.3902,85.1176
3578,88.9718,88.2771,87.4284,86.3902,85.1176
3579,88.9701,88.2771,87.4284,86.3902,85.1176
3580,88.9683,88.2771,87.4284,86.3902,85.1176
3581,88.9665,88.2771,87.4284,86.3902,85.1176
3582,88.9648,88.2771,87.4284,86.3902,85.1176
3583,88.9647,88.2754,87.4268,86.3885,85.1176
3584,88.9647,88.2736,87.4250,86.3867,85.1176
3585,88.9647,88.2719,87.4233,86.3848,85.1176
3586,88.9647,88.2701,87.4215,86.3830,85.1176
3587,88.9647,88.2683,87.4197,86.3812,85.1176
3588,88.9647,88.2665,87.4180,86.3794,85.1176
3589,88.9647,88.2648,87.4162,86.3776,85.1176
3590,88.9647,88.2630,87.4145,86.3757,85.1176
3591,88.9647,88.2623,87.4138,86.3751,85.1176
3592,88.9647,88.2623,87.4138,86.3751,85.1176
3593,88.9647,88.2623,87.4138,86.3751,85.1176
3594,88.9647,88.2623,87.4138,86.3751,85.1176
3595,88.9647,88.2623,87.4138,86.3751,85.1176
3596,88.9647,88.2623,87.4138,86.3751,85.1176
3597,88.9647,88.2623,87.4138,86.3751,85.1176
3598,88.9647,88.2623,87.4138,86.3751,85.1176
3599,88.9647,88.2623,87.4138,86.3751,85.1176
3600,88.9647,88.2623,87.4138,86.3751,85.1176
